url_anuncio,imagen_auto,marca,titulo,anio,precio,kilometraje,transmision,combustible
https://neoauto.com/auto/seminuevo/volvo-xc-40-2024-1868902,https://cdn.neoauto.com/elements/autos_usados/360x240/518808/518808_7979571.webp,Volvo,Volvo Xc-40 2024,2024,"US$37,490","35,600 km",Automática,Gasolina-Híbrido
https://neoauto.com/auto/seminuevo/peugeot-5008-2017-1864806,https://cdn.neoauto.com/elements/autos_usados/360x240/237418/237418_2619605.webp,Peugeot,Peugeot 5008 2017,2017,"US$22,900","52,362 km",Automática,Gasolina
https://neoauto.com/auto/seminuevo/porsche-cayenne-2023-1865519,https://cdn.neoauto.com/elements/autos_usados/360x240/118694/118694_2170535.webp,Porsche,Porsche Cayenne 2023,2023,"US$82,900","26,196 km",Automática - Secuencial,Gasolina
https://neoauto.com/auto/seminuevo/audi-q3-2016-1866737,https://cdn.neoauto.com/elements/autos_usados/360x240/237418/237418_6455224.webp,Audi,Audi Q3 2016,2016,"US$15,900","113,237 km",Automática,Gasolina
https://neoauto.com/auto/seminuevo/mercedes-benz-gle-400-4matic-2017-1869195,https://cdn.neoauto.com/elements/autos_usados/360x240/114188/114188_2036607.webp,Mercedes-Benz,Mercedes-Benz Gle 400 4matic 2017,2017,"US$26,900","58,000 km",Automática,Gasolina
https://neoauto.com/auto/seminuevo/volvo-s60-2016-1868765,https://cdn.neoauto.com/elements/autos_usados/360x240/490916/490916_3604386.webp,Volvo,Volvo S60 2016,2016,"US$13,900","59,000 km",Automática,Gasolina
https://neoauto.com/auto/seminuevo/mercedes-benz-e-350-2009-1865399,https://cdn.neoauto.com/elements/autos_usados/360x240/237418/237418_1196553.webp,Mercedes-Benz,Mercedes Benz E-350 2009,2009,"US$13,900","123,113 km",Automática,Gasolina
https://neoauto.com/auto/seminuevo/bmw-325-2012-1858866,https://cdn.neoauto.com/elements/autos_usados/360x240/237418/237418_3106667.webp,BMW,Bmw 325 2012,2012,"US$12,900","72,670 km",Automática,Gasolina
https://neoauto.com/auto/seminuevo/mercedes-benz-glc-200-2021-1866998,https://cdn.neoauto.com/elements/autos_usados/360x240/113873/113873_6229604.webp,Mercedes-Benz,Mercedes-Benz Glc 200 2021,2021,"US$37,900","61,628 km",Automática - Secuencial,Gasolina
https://neoauto.com/auto/seminuevo/bmw-330i-2022-1846434,https://cdn.neoauto.com/elements/autos_usados/360x240/463366/463366_4906539.webp,BMW,Bmw 330i 2022,2022,"US$44,900","27,000 km",Automática - Secuencial,Gasolina
https://neoauto.com/auto/seminuevo/volkswagen-amarok-2015-1783065,https://cdn.neoauto.com/elements/autos_usados/360x240/113873/113873_9666137.webp,Volkswagen,Volkswagen Amarok 2015,2015,"US$23,500","117,329 km",Automática - Secuencial,Diesel
https://neoauto.com/auto/seminuevo/audi-q5-2017-1855525,https://cdn.neoauto.com/elements/autos_usados/360x240/237418/237418_5953061.webp,Audi,Audi Q5 2017,2017,"US$18,990","90,597 km",Automática,Gasolina
https://neoauto.com/auto/seminuevo/volvo-xc-40-2023-1868676,https://cdn.neoauto.com/elements/autos_usados/360x240/752061/752061_3246658.webp,Volvo,Volvo Xc-40 2023,2023,"US$42,490","14,000 km",Automática,Gasolina-Híbrido
https://neoauto.com/auto/seminuevo/mitsubishi-outlander-2022-1868286,https://cdn.neoauto.com/elements/autos_usados/360x240/114188/114188_1797823.webp,Mitsubishi,Mitsubishi Outlander 2022,2022,"US$23,900","66,000 km",Automática,Gasolina
https://neoauto.com/auto/seminuevo/hyundai-santa-fe-2024-1850900,https://cdn.neoauto.com/elements/autos_usados/360x240/237418/237418_9945309.webp,Hyundai,Hyundai Santa Fe 2024,2024,"US$31,200","22,000 km",Automática,Gasolina
https://neoauto.com/auto/seminuevo/bmw-x5-2013-1868970,https://cdn.neoauto.com/elements/autos_usados/360x240/470963/470963_9734411.webp,BMW,Bmw X5 2013,2013,"US$19,490","77,000 km",Automática,Gasolina
https://neoauto.com/auto/seminuevo/audi-a3-sportback-2014-1864591,https://cdn.neoauto.com/elements/autos_usados/360x240/659946/659946_5431802.webp,Audi,Audi A3 Sportback 2014,2014,"US$14,750","55,000 km",Automática - Secuencial,Gasolina
https://neoauto.com/auto/seminuevo/land-rover-discovery-2024-1861629,https://cdn.neoauto.com/elements/autos_usados/360x240/518808/518808_5065044.webp,Land Rover,Land Rover Discovery 2024,2024,"US$62,990","5,797 km",Automática,Gasolina
https://neoauto.com/auto/seminuevo/land-rover-range-rover-sport-2017-1850855,https://cdn.neoauto.com/elements/autos_usados/360x240/113873/113873_1896307.webp,Land Rover,Land Rover Range Rover Sport 2017,2017,"US$65,900","44,159 km",Automática - Secuencial,Gasolina
https://neoauto.com/auto/seminuevo/lexus-rx-450h-2022-1860920,https://cdn.neoauto.com/elements/autos_usados/360x240/650434/650434_2345522.webp,Lexus,Lexus Rx 450h 2022,2022,"US$43,000","78,866 km",Automática - Secuencial,Híbrido
https://neoauto.com/auto/seminuevo/bmw-ix3-2023-1857138,https://cdn.neoauto.com/elements/autos_usados/360x240/208604/208604_6095524.webp,BMW,Bmw Ix3 2023,2023,"US$69,991","8,834 km",Automática,Eléctrico
https://neoauto.com/auto/seminuevo/subaru-outback-2023-1869103,https://cdn.neoauto.com/elements/autos_usados/360x240/237418/237418_8768542.webp,Subaru,Subaru Outback 2023,2023,"US$38,500","37,181 km",Automática,Gasolina
https://neoauto.com/auto/seminuevo/lamborghini-urus-2021-1868034,https://cdn.neoauto.com/elements/autos_usados/360x240/118694/118694_1772129.webp,Lamborghini,Lamborghini Urus 2021,2021,"US$320,000","2,140 km",Automática - Secuencial,Gasolina
https://neoauto.com/auto/seminuevo/volkswagen-gol-confort-sedan-2018-1868162,https://cdn.neoauto.com/elements/autos_usados/360x240/714661/714661_5166002.webp,Volkswagen,Volkswagen Gol Confort Sedan 2018,2018,"US$9,900","43,500 km",Mecánica,Gasolina
https://neoauto.com/auto/seminuevo/peugeot-2008-2020-1869441,https://cdn.neoauto.com/elements/autos_usados/360x240/734431/734431_4509629.webp,Peugeot,Peugeot 2008 2020,2008,"US$15,000","31,763 km",Automática,Gasolina
https://neoauto.com/auto/seminuevo/mercedes-benz-glc-250-4matic-2017-1865693,https://cdn.neoauto.com/elements/autos_usados/360x240/490916/490916_9529992.webp,Mercedes-Benz,Mercedes Benz Glc 250 4matic 2017,2017,"US$26,900","57,000 km",Automática,Gasolina
https://neoauto.com/auto/seminuevo/bmw-318i-2017-1865043,https://cdn.neoauto.com/elements/autos_usados/360x240/237418/237418_6824348.webp,BMW,Bmw 318i 2017,2017,"US$19,900","45,812 km",Automática,Gasolina
https://neoauto.com/auto/seminuevo/toyota-corolla-cross-2025-1863902,https://cdn.neoauto.com/elements/autos_usados/360x240/113873/113873_9754459.webp,Toyota,Toyota Corolla Cross 2025,2025,"US$30,900","9,713 km",Automática,Gasolina-Híbrido
https://neoauto.com/auto/seminuevo/bmw-i4-2024-1803124,https://cdn.neoauto.com/elements/autos_usados/360x240/208604/208604_3343102.webp,BMW,Bmw I4 2024,2024,"US$76,991","2,284 km",Automática,Eléctrico
https://neoauto.com/auto/seminuevo/mercedes-benz-glc-200-coupe-2022-1841639,https://cdn.neoauto.com/elements/autos_usados/360x240/113873/113873_4030760.webp,Mercedes-Benz,Mercedes-Benz Glc 200 Coupe 2022,2022,"US$55,900","29,074 km",Automática - Secuencial,Gasolina
https://neoauto.com/auto/seminuevo/volvo-xc-90-2024-1866165,https://cdn.neoauto.com/elements/autos_usados/360x240/518808/518808_8224022.webp,Volvo,Volvo Xc-90 2024,2024,"US$63,990","13,173 km",Automática,Gasolina-Híbrido
https://neoauto.com/auto/seminuevo/cupra-cupra-leon-2026-1867589,https://cdn.neoauto.com/elements/autos_usados/360x240/114188/114188_8628444.webp,Cupra,Cupra Leon 2026,2026,"US$31,800","1,080 km",Automática - Secuencial,Gasolina
https://neoauto.com/auto/seminuevo/toyota-hilux-2022-1864361,https://cdn.neoauto.com/elements/autos_usados/360x240/113873/113873_3572185.webp,Toyota,Toyota Hilux 2022,2022,"US$31,500","27,118 km",Mecánica,Diesel
https://neoauto.com/auto/seminuevo/ssangyong-rodius-2020-1868908,https://cdn.neoauto.com/elements/autos_usados/360x240/490916/490916_2674381.webp,Ssangyong,Ssangyong Rodius 2020,2020,"US$13,900","120,600 km",Automática,Diesel
https://neoauto.com/auto/seminuevo/honda-cr-v-2023-1867108,https://cdn.neoauto.com/elements/autos_usados/360x240/114188/114188_2055449.webp,Honda,Honda Cr-V 2023,2023,"US$36,900","22,861 km",Automática,Gasolina
https://neoauto.com/auto/seminuevo/chevrolet-tahoe-2020-1869138,https://cdn.neoauto.com/elements/autos_usados/360x240/463366/463366_3933536.webp,Chevrolet,Chevrolet Tahoe 2020,2020,"US$44,900","44,000 km",Automática - Secuencial,Gasolina
https://neoauto.com/auto/seminuevo/bmw-x5-2022-1867106,https://cdn.neoauto.com/elements/autos_usados/360x240/114188/114188_1208564.webp,BMW,Bmw X5 2022,2022,"US$57,900","85,060 km",Automática,Gasolina
https://neoauto.com/auto/seminuevo/mazda-cx-9-2020-1869067,https://cdn.neoauto.com/elements/autos_usados/360x240/749844/749844_6901484.webp,Mazda,Mazda Cx-9 2020,2020,"US$23,900","76,000 km",Automática - Secuencial,Gasolina
https://neoauto.com/auto/seminuevo/volvo-xc-90-2020-1865395,https://cdn.neoauto.com/elements/autos_usados/360x240/237418/237418_6313785.webp,Volvo,Volvo Xc-90 2020,2020,"US$44,900","72,743 km",Automática,Gasolina
https://neoauto.com/auto/seminuevo/bmw-318is-2017-1866869,https://cdn.neoauto.com/elements/autos_usados/360x240/714661/714661_1020652.webp,BMW,Bmw 318is 2017,2017,"US$16,900","62,000 km",Automática - Secuencial,Gasolina
https://neoauto.com/auto/seminuevo/ford-f-150-raptor-2019-1869114,https://cdn.neoauto.com/elements/autos_usados/360x240/463366/463366_1011082.webp,Ford,Ford F-150 Raptor 2019,2019,"US$64,900","50,900 km",Automática - Secuencial,Gasolina
https://neoauto.com/auto/seminuevo/ford-edge-titanium-2020-1860161,https://cdn.neoauto.com/elements/autos_usados/360x240/490916/490916_1210432.webp,Ford,Ford Edge Titanium 2020,2020,"US$22,900","45,000 km",Automática,Gasolina
https://neoauto.com/auto/seminuevo/audi-s3-2023-1856307,https://cdn.neoauto.com/elements/autos_usados/360x240/113873/113873_1483851.webp,Audi,Audi S3 2023,2023,"US$58,900","11,626 km",Automática - Secuencial,Gasolina
https://neoauto.com/auto/seminuevo/bmw-x1-2024-1865579,https://cdn.neoauto.com/elements/autos_usados/360x240/114188/114188_1902907.webp,BMW,Bmw X1 2024,2024,"US$45,900","20,600 km",Automática - Secuencial,Gasolina
https://neoauto.com/auto/seminuevo/mercedes-benz-gle-400-4matic-2018-1868321,https://cdn.neoauto.com/elements/autos_usados/360x240/746429/746429_3628925.webp,Mercedes-Benz,Mercedes Benz Gle 400 4matic 2018,2018,"US$32,990","70,000 km",Automática,Gasolina
https://neoauto.com/auto/seminuevo/audi-sq-5-2018-1868132,https://cdn.neoauto.com/elements/autos_usados/360x240/659946/659946_8357104.webp,Audi,Audi Sq 5 2018,2018,"US$43,990","41,500 km",Automática - Secuencial,Gasolina
https://neoauto.com/auto/seminuevo/mercedes-benz-gle-450-4-matic-2024-1869045,https://cdn.neoauto.com/elements/autos_usados/360x240/114188/114188_2644960.webp,Mercedes-Benz,Mercedes-Benz Gle 450 4 Matic 2024,2024,"US$84,900","16,600 km",Automática - Secuencial,Gasolina-Híbrido
https://neoauto.com/auto/seminuevo/honda-city-touring-2022-1867465,https://cdn.neoauto.com/elements/autos_usados/360x240/114188/114188_2148934.webp,Honda,Honda City Touring 2022,2022,"US$18,900","35,452 km",Automática,Gasolina
https://neoauto.com/auto/seminuevo/bmw-x5-2015-1865918,https://cdn.neoauto.com/elements/autos_usados/360x240/257099/257099_4512308.webp,BMW,Bmw X5 2015,2015,"US$35,900","45,300 km",Automática,Gasolina
https://neoauto.com/auto/seminuevo/mercedes-benz-gle-400-coupe-2017-1865234,https://cdn.neoauto.com/elements/autos_usados/360x240/463366/463366_6682478.webp,Mercedes-Benz,Mercedes-Benz Gle 400 Coupe 2017,2017,"US$49,990","25,500 km",Automática - Secuencial,Gasolina
https://neoauto.com/auto/seminuevo/toyota-4runner-trd-pro-2026-1868455,https://cdn.neoauto.com/elements/autos_usados/360x240/747531/747531_3786155.webp,Toyota,Toyota 4runner Trd Pro 2026,2026,"US$135,000",,Automática - Secuencial,Gasolina-Híbrido
https://neoauto.com/auto/seminuevo/bmw-318i-2017-1865412,https://cdn.neoauto.com/elements/autos_usados/360x240/237418/237418_7821753.webp,BMW,Bmw 318i 2017,2017,"US$18,900","61,984 km",Automática,Gasolina
https://neoauto.com/auto/seminuevo/jeep-grand-cherokee-laredo-2019-1798062,https://cdn.neoauto.com/elements/autos_usados/360x240/113873/113873_6466609.webp,Jeep,Jeep Grand Cherokee Laredo 2019,2019,"US$29,900","61,928 km",Automática - Secuencial,Gasolina
https://neoauto.com/auto/seminuevo/audi-q3-2021-1865277,https://cdn.neoauto.com/elements/autos_usados/360x240/118694/118694_3772540.webp,Audi,Audi Q3 2021,2021,"US$34,900","42,700 km",Automática,Gasolina
https://neoauto.com/auto/seminuevo/volkswagen-gol-2022-1866272,https://cdn.neoauto.com/elements/autos_usados/360x240/490916/490916_4554734.webp,Volkswagen,Volkswagen Gol 2022,2022,"US$13,900","31,600 km",Automática,Gasolina
https://neoauto.com/auto/seminuevo/mercedes-benz-glc-250-4matic-2018-1868762,https://cdn.neoauto.com/elements/autos_usados/360x240/746429/746429_4158985.webp,Mercedes-Benz,Mercedes Benz Glc 250 4matic 2018,2018,"US$29,990","53,700 km",Automática,Gasolina
https://neoauto.com/auto/seminuevo/volkswagen-gol-2018-1866769,https://cdn.neoauto.com/elements/autos_usados/360x240/237418/237418_6158410.webp,Volkswagen,Volkswagen Gol 2018,2018,"US$17,900","30,222 km",Automática,Gasolina
https://neoauto.com/auto/seminuevo/toyota-corolla-cross-2023-1869030,https://cdn.neoauto.com/elements/autos_usados/360x240/650434/650434_1333025.webp,Toyota,Toyota Corolla Cross 2023,2023,"US$22,000","25,303 km",Automática - Secuencial,Gasolina
https://neoauto.com/auto/seminuevo/volkswagen-jetta-2025-1867153,https://cdn.neoauto.com/elements/autos_usados/360x240/754271/754271_8785576.webp,Volkswagen,Volkswagen Jetta 2025,2025,"US$28,900","20,500 km",Automática - Secuencial,Gasolina
https://neoauto.com/auto/seminuevo/rolls-royce-ghost-2014-1785487,https://cdn.neoauto.com/elements/autos_usados/360x240/463366/463366_7280247.webp,Rolls-Royce,Rolls Royce Silver Shadow 2014,2014,"US$290,000","17,000 km",Automática - Secuencial,Gasolina
https://neoauto.com/auto/seminuevo/porsche-taycan-4-cross-turismo-2023-1868681,https://cdn.neoauto.com/elements/autos_usados/360x240/463366/463366_2372565.webp,Porsche,Porsche Taycan 4 Cross Turismo 2023,2023,"US$119,900","19,500 km",Automática - Secuencial,Eléctrico
https://neoauto.com/auto/seminuevo/volkswagen-t-cross-2021-1868768,https://cdn.neoauto.com/elements/autos_usados/360x240/490916/490916_4959378.webp,Volkswagen,Volkswagen T-Cross 2021,2021,"US$16,900","61,500 km",Mecánica,Gasolina
https://neoauto.com/auto/seminuevo/mitsubishi-l200-2022-1868844,https://cdn.neoauto.com/elements/autos_usados/360x240/114188/114188_5336899.webp,Mitsubishi,Mitsubishi L200 2022,2022,"US$22,900","34,300 km",Mecánica,Diesel
https://neoauto.com/auto/seminuevo/volkswagen-tiguan-allspace-2021-1867334,https://cdn.neoauto.com/elements/autos_usados/360x240/113873/113873_6379572.webp,Volkswagen,Volkswagen Tiguan Allspace 2021,2021,"US$27,900","63,282 km",Automática - Secuencial,Gasolina
https://neoauto.com/auto/seminuevo/mazda-cx-60-2024-1846235,https://cdn.neoauto.com/elements/autos_usados/360x240/734431/734431_1461636.webp,Mazda,Mazda Cx-60 2024,2024,"US$47,000","2,800 km",Automática,Gasolina-Híbrido
https://neoauto.com/auto/seminuevo/mitsubishi-montero-sport-2017-1864639,https://cdn.neoauto.com/elements/autos_usados/360x240/237418/237418_3380912.webp,Mitsubishi,Mitsubishi Montero Sport 2017,2017,"US$24,900","92,439 km",Automática,Gasolina
https://neoauto.com/auto/seminuevo/mercedes-benz-gle-63-s-amg-2017-1852112,https://cdn.neoauto.com/elements/autos_usados/360x240/114188/114188_5107061.webp,Mercedes-Benz,Mercedes Benz Gle 63 S Amg 2017,2017,"US$59,900","55,724 km",Automática,Gasolina
https://neoauto.com/auto/seminuevo/honda-wr-v-2020-1868811,https://cdn.neoauto.com/elements/autos_usados/360x240/257099/257099_4368382.webp,Honda,Honda Wr-V 2020,2020,"US$13,900","31,000 km",Mecánica,Gasolina
https://neoauto.com/auto/seminuevo/jetour-traveller-2025-1869100,https://cdn.neoauto.com/elements/autos_usados/360x240/114188/114188_2800117.webp,Jetour,Jetour Traveller 2025,2025,"US$32,900","10,400 km",Automática,Gasolina
https://neoauto.com/auto/seminuevo/lexus-lx-570-2017-1866972,https://cdn.neoauto.com/elements/autos_usados/360x240/749844/749844_3867005.webp,Lexus,Lexus Lx 570 2017,2017,"US$55,900","78,000 km",Automática - Secuencial,Gasolina
https://neoauto.com/auto/seminuevo/porsche-cayenne-gts-2025-1865406,https://cdn.neoauto.com/elements/autos_usados/360x240/463366/463366_7773922.webp,Porsche,Porsche Cayenne Gts 2025,2025,"US$169,990","6,500 km",Automática - Secuencial,Gasolina
https://neoauto.com/auto/seminuevo/maserati-ghibli-2019-1866460,https://cdn.neoauto.com/elements/autos_usados/360x240/463366/463366_2431369.webp,Maserati,Maserati Ghibli 2019,2019,"US$48,500","37,000 km",Automática - Secuencial,Gasolina
https://neoauto.com/auto/seminuevo/audi-a5-sportback-2024-1867897,https://cdn.neoauto.com/elements/autos_usados/360x240/747531/747531_6160591.webp,Audi,Audi A5 Sportback 2024,2024,"US$49,500","15,700 km",Automática - Secuencial,Gasolina-Híbrido
https://neoauto.com/auto/seminuevo/ford-ranger-raptor-2024-1869082,https://cdn.neoauto.com/elements/autos_usados/360x240/113873/113873_3150603.webp,Ford,Ford Ranger Raptor 2024,2024,"US$63,900","1,680 km",Automática - Secuencial,Gasolina
https://neoauto.com/auto/seminuevo/mercedes-benz-sprinter-2010-1864626,https://cdn.neoauto.com/elements/autos_usados/360x240/113873/113873_4407277.webp,Mercedes-Benz,Mercedes-Benz Sprinter 2010,2010,"US$16,990","284,708 km",Mecánica,Diesel
https://neoauto.com/auto/seminuevo/lexus-rx-350-f-sport-2017-1865173,https://cdn.neoauto.com/elements/autos_usados/360x240/659946/659946_9405335.webp,Lexus,Lexus Rx 350 F-Sport 2017,2017,"US$27,990","89,740 km",Automática,Gasolina
https://neoauto.com/auto/seminuevo/volvo-xc-60-2020-1857162,https://cdn.neoauto.com/elements/autos_usados/360x240/113873/113873_4258445.webp,Volvo,Volvo Xc-60 2020,2020,"US$36,900","78,855 km",Automática - Secuencial,Gasolina
https://neoauto.com/auto/seminuevo/toyota-corolla-2025-1861926,https://cdn.neoauto.com/elements/autos_usados/360x240/237418/237418_4883455.webp,Toyota,Toyota Corolla 2025,2025,"US$26,900",48 km,Automática,Gasolina-Híbrido
https://neoauto.com/auto/seminuevo/mercedes-benz-a-200-2022-1867475,https://cdn.neoauto.com/elements/autos_usados/360x240/708742/708742_6551005.webp,Mercedes-Benz,Mercedes-Benz A200 2022,2022,"US$21,990","37,000 km",Automática,Gasolina
https://neoauto.com/auto/seminuevo/land-rover-range-roger-velar-2025-1853185,https://cdn.neoauto.com/elements/autos_usados/360x240/113873/113873_7705574.webp,Land Rover,Land Rover Range Rover Velar 2025,2025,"US$119,900","1,326 km",Automática - Secuencial,Gasolina-Híbrido
https://neoauto.com/auto/seminuevo/mitsubishi-l200-2022-1867585,https://cdn.neoauto.com/elements/autos_usados/360x240/114188/114188_8201180.webp,Mitsubishi,Mitsubishi L200 2022,2022,"US$19,900","70,000 km",Mecánica,Diesel
https://neoauto.com/auto/seminuevo/mercedes-benz-cle-300-coupe-2024-1863388,https://cdn.neoauto.com/elements/autos_usados/360x240/747531/747531_2453135.webp,Mercedes-Benz,Mercedes Benz Cle 300 Coupe 2024,2024,"US$76,900","3,300 km",Automática - Secuencial,Gasolina-Híbrido
https://neoauto.com/auto/seminuevo/seat-arona-2025-1864924,https://cdn.neoauto.com/elements/autos_usados/360x240/114188/114188_7373936.webp,Seat,Seat Arona 2025,2025,"US$19,900",52 km,Automática,Gasolina
https://neoauto.com/auto/seminuevo/audi-a3-sedan-2019-1846804,https://cdn.neoauto.com/elements/autos_usados/360x240/237418/237418_6601488.webp,Audi,Audi A3 Sedan 2019,2019,"US$19,900","45,416 km",Automática,Gasolina
https://neoauto.com/auto/seminuevo/hyundai-creta-2023-1869022,https://cdn.neoauto.com/elements/autos_usados/360x240/337014/337014_5286980.webp,Hyundai,Hyundai Creta 2023,2023,"US$19,990","35,000 km",Automática - Secuencial,Gasolina
https://neoauto.com/auto/seminuevo/volkswagen-t-cross-2020-1863577,https://cdn.neoauto.com/elements/autos_usados/360x240/114188/114188_4612338.webp,Volkswagen,Volkswagen T-Cross 2020,2020,"US$15,900","47,069 km",Mecánica,GLP
https://neoauto.com/auto/seminuevo/nissan-kicks-2022-1868678,https://cdn.neoauto.com/elements/autos_usados/360x240/752061/752061_7402172.webp,Nissan,Nissan Kicks 2022,2022,"US$16,990","69,700 km",Mecánica,Gasolina
https://neoauto.com/auto/seminuevo/audi-q3-2020-1861490,https://cdn.neoauto.com/elements/autos_usados/360x240/237418/237418_5914814.webp,Audi,Audi Q3 2020,2020,"US$25,900","85,464 km",Automática,Gasolina
https://neoauto.com/auto/seminuevo/hyundai-kona-2025-1867344,https://cdn.neoauto.com/elements/autos_usados/360x240/337014/337014_1316864.webp,Hyundai,Hyundai Kona 2025,2025,"US$25,990",15 km,Automática,Gasolina
https://neoauto.com/auto/seminuevo/subaru-crosstrek-2024-1866895,https://cdn.neoauto.com/elements/autos_usados/360x240/463366/463366_9847971.webp,Subaru,Subaru Crosstrek 2024,2024,"US$28,500","41,300 km",Automática - Secuencial,Gasolina
https://neoauto.com/auto/seminuevo/audi-s6-2016-1864781,https://cdn.neoauto.com/elements/autos_usados/360x240/237418/237418_6655195.webp,Audi,Audi S6 2016,2016,"US$33,000","58,694 km",Automática,Gasolina
https://neoauto.com/auto/seminuevo/jeep-compass-2025-1854333,https://cdn.neoauto.com/elements/autos_usados/360x240/747531/747531_9709647.webp,Jeep,Jeep Compass 2025,2025,"US$32,500","7,000 km",Automática - Secuencial,Gasolina
https://neoauto.com/auto/seminuevo/mazda-3-2015-1864539,https://cdn.neoauto.com/elements/autos_usados/360x240/714661/714661_7031376.webp,Mazda,Mazda 3 2015,2015,"US$13,900","78,730 km",Automática - Secuencial,Gasolina
https://neoauto.com/auto/seminuevo/jac-refine-2023-1865025,https://cdn.neoauto.com/elements/autos_usados/360x240/237418/237418_9300084.webp,JAC,Jac Refine 2023,2023,"US$16,900","49,774 km",Mecánica,Gasolina
https://neoauto.com/auto/seminuevo/subaru-crosstrek-2025-1864706,https://cdn.neoauto.com/elements/autos_usados/360x240/490916/490916_4623224.webp,Subaru,Subaru Crosstrek 2025,2025,"US$29,900","20,500 km",Automática,Gasolina
https://neoauto.com/auto/seminuevo/volkswagen-saveiro-2022-1868453,https://cdn.neoauto.com/elements/autos_usados/360x240/237418/237418_5847249.webp,Volkswagen,Volkswagen Saveiro 2022,2022,"US$13,900","50,675 km",Mecánica,Gasolina
https://neoauto.com/auto/seminuevo/hyundai-creta-2023-1868969,https://cdn.neoauto.com/elements/autos_usados/360x240/470963/470963_3441242.webp,Hyundai,Hyundai Creta 2023,2023,"US$18,490","32,000 km",Mecánica,Gasolina
https://neoauto.com/auto/seminuevo/mercedes-benz-glb-200-2025-1868432,https://cdn.neoauto.com/elements/autos_usados/360x240/114188/114188_5326074.webp,Mercedes-Benz,Mercedes Benz Glb 200 2025,2025,"US$49,900","11,025 km",Automática,Gasolina
https://neoauto.com/auto/seminuevo/bmw-m240i-2023-1824319,https://cdn.neoauto.com/elements/autos_usados/360x240/237418/237418_5009566.webp,BMW,Bmw M240i 2023,2023,"US$58,000","10,216 km",Automática,Gasolina
https://neoauto.com/auto/seminuevo/bmw-x4-2019-1868119,https://cdn.neoauto.com/elements/autos_usados/360x240/237418/237418_8597275.webp,BMW,Bmw X4 2019,2019,"US$42,900","70,932 km",Automática,Gasolina
https://neoauto.com/auto/seminuevo/ram-1500-2026-1868464,https://cdn.neoauto.com/elements/autos_usados/360x240/747531/747531_5794918.webp,RAM,Ram 1500 2026,2026,"US$160,000",,Automática - Secuencial,Gasolina
https://neoauto.com/auto/seminuevo/volvo-xc-60-2024-1868940,https://cdn.neoauto.com/elements/autos_usados/360x240/518808/518808_4333113.webp,Volvo,Volvo Xc-60 2024,2024,"US$51,990","13,900 km",Automática,Gasolina-Híbrido
https://neoauto.com/auto/seminuevo/jeep-compass-2022-1861925,https://cdn.neoauto.com/elements/autos_usados/360x240/237418/237418_5548592.webp,Jeep,Jeep Compass 2022,2022,"US$24,900","47,224 km",Automática,Gasolina
https://neoauto.com/auto/seminuevo/bmw-x4-m40i-2022-1866872,https://cdn.neoauto.com/elements/autos_usados/360x240/714661/714661_3760205.webp,BMW,Bmw X4 M40i 2022,2022,"US$64,900","46,000 km",Automática - Secuencial,Gasolina
https://neoauto.com/auto/seminuevo/changan-unit-t-2024-1867352,https://cdn.neoauto.com/elements/autos_usados/360x240/337014/337014_3177526.webp,Changan,Changan Unit-T 2024,2024,"US$20,990","30,200 km",Automática,Gasolina
https://neoauto.com/auto/seminuevo/volvo-s60-2016-1868906,https://cdn.neoauto.com/elements/autos_usados/360x240/490916/490916_6712784.webp,Volvo,Volvo S60 2016,2016,"US$13,900","58,000 km",Automática,Gasolina
https://neoauto.com/auto/seminuevo/audi-q7-2017-1864789,https://cdn.neoauto.com/elements/autos_usados/360x240/237418/237418_5284644.webp,Audi,Audi Q7 2017,2017,"US$29,900","115,504 km",Automática,Gasolina
https://neoauto.com/auto/seminuevo/jeep-grand-cherokee-laredo-2013-1827707,https://cdn.neoauto.com/elements/autos_usados/360x240/113873/113873_6179286.webp,Jeep,Jeep Grand Cherokee Laredo 2013,2013,"US$16,900","164,333 km",Automática - Secuencial,Gasolina
https://neoauto.com/auto/seminuevo/subaru-forester-2017-1865852,https://cdn.neoauto.com/elements/autos_usados/360x240/114188/114188_2657954.webp,Subaru,Subaru Forester 2017,2017,"US$18,900","92,887 km",Automática,Gasolina
https://neoauto.com/auto/seminuevo/mercedes-benz-ml-350-2013-1839983,https://cdn.neoauto.com/elements/autos_usados/360x240/237418/237418_2199250.webp,Mercedes-Benz,Mercedes Benz Ml 350 2013,2013,"US$20,500","88,548 km",Automática,Gasolina
https://neoauto.com/auto/seminuevo/dodge-durango-2013-1867400,https://cdn.neoauto.com/elements/autos_usados/360x240/113873/113873_2172681.webp,Dodge,Dodge Durango 2013,2013,"US$22,500","78,925 km",Automática,Gasolina
https://neoauto.com/auto/seminuevo/chevrolet-traverse-2023-1866541,https://cdn.neoauto.com/elements/autos_usados/360x240/650434/650434_9445254.webp,Chevrolet,Chevrolet Traverse 2023,2023,"US$34,000","56,667 km",Automática - Secuencial,Gasolina
https://neoauto.com/auto/seminuevo/lexus-nx-450h-2025-1867823,https://cdn.neoauto.com/elements/autos_usados/360x240/557609/557609_7410494.webp,Lexus,Lexus Nx 450h 2025,2025,"US$65,900","2,548 km",Automática - Secuencial,Gasolina-Híbrido
https://neoauto.com/auto/seminuevo/mercedes-benz-a200-2018-1867590,https://cdn.neoauto.com/elements/autos_usados/360x240/114188/114188_8752531.webp,Mercedes-Benz,Mercedes Benz A200 2018,2018,"US$19,900","68,515 km",Automática,Gasolina
https://neoauto.com/auto/seminuevo/volvo-xc-60-2025-1866166,https://cdn.neoauto.com/elements/autos_usados/360x240/518808/518808_7880492.webp,Volvo,Volvo Xc-60 2025,2025,"US$55,990","17,959 km",Automática,Gasolina-Híbrido
https://neoauto.com/auto/seminuevo/bmw-m235i-xdrive-grand-coupe-2024-1862331,https://cdn.neoauto.com/elements/autos_usados/360x240/114188/114188_8217440.webp,BMW,Bmw M235i Xdrive Grand Coupé 2024,2024,"US$48,900","12,000 km",Automática - Secuencial,Gasolina
https://neoauto.com/auto/seminuevo/mercedes-benz-sprinter-2010-1864636,https://cdn.neoauto.com/elements/autos_usados/360x240/113873/113873_1453937.webp,Mercedes-Benz,Mercedes Benz Sprinter 2010,2010,"US$16,900","320,225 km",Mecánica,Diesel
https://neoauto.com/auto/seminuevo/volkswagen-jetta-2026-1867661,https://cdn.neoauto.com/elements/autos_usados/360x240/114188/114188_5396541.webp,Volkswagen,Volkswagen Jetta 2026,2026,"US$31,490",100 km,Automática,Gasolina
https://neoauto.com/auto/seminuevo/volkswagen-tiguan-allspace-2021-1865035,https://cdn.neoauto.com/elements/autos_usados/360x240/237418/237418_7131215.webp,Volkswagen,Volkswagen Tiguan Allspace 2021,2021,"US$21,900","71,387 km",Automática,Gasolina
https://neoauto.com/auto/seminuevo/bmw-m240i-2020-1864540,https://cdn.neoauto.com/elements/autos_usados/360x240/237418/237418_6686985.webp,BMW,Bmw M240i 2020,2020,"US$44,900","30,984 km",Automática,Gasolina
https://neoauto.com/auto/seminuevo/jeep-compass-2019-1865920,https://cdn.neoauto.com/elements/autos_usados/360x240/237418/237418_4416317.webp,Jeep,Jeep Compass 2019,2019,"US$18,900","50,871 km",Automática,Gasolina
https://neoauto.com/auto/seminuevo/volkswagen-tiguan-2018-1862531,https://cdn.neoauto.com/elements/autos_usados/360x240/337014/337014_6237771.webp,Volkswagen,Volkswagen Tiguan 2018,2018,"US$19,990","60,590 km",Automática,Gasolina
https://neoauto.com/auto/seminuevo/bmw-ix-2023-1846756,https://cdn.neoauto.com/elements/autos_usados/360x240/113873/113873_6516749.webp,BMW,Bmw Ix 2023,2023,"US$99,900","5,415 km",Automática,Eléctrico
https://neoauto.com/auto/seminuevo/chevrolet-captiva-2024-1868433,https://cdn.neoauto.com/elements/autos_usados/360x240/114188/114188_4651192.webp,Chevrolet,Chevrolet Captiva 2024,2024,"US$17,900","26,777 km",Automática,Gasolina
https://neoauto.com/auto/seminuevo/mercedes-benz-c200k-2018-1868774,https://cdn.neoauto.com/elements/autos_usados/360x240/752061/752061_4314492.webp,Mercedes-Benz,Mercedes Benz C200k 2018,2018,"US$21,990","73,500 km",Automática,Gasolina
https://neoauto.com/auto/seminuevo/subaru-legacy-2013-1861445,https://cdn.neoauto.com/elements/autos_usados/360x240/237418/237418_8431328.webp,Subaru,Subaru Legacy 2013,2013,"US$13,900","136,549 km",Automática,Gasolina
https://neoauto.com/auto/seminuevo/audi-a3-sedan-2019-1864242,https://cdn.neoauto.com/elements/autos_usados/360x240/659946/659946_3439921.webp,Audi,Audi A3 Sedan 2019,2019,"US$19,990","39,500 km",Automática - Secuencial,Gasolina
https://neoauto.com/auto/seminuevo/bmw-x3-20i-2017-1867356,https://cdn.neoauto.com/elements/autos_usados/360x240/113873/113873_1109970.webp,BMW,Bmw X3 20i 2017,2017,"US$27,900","42,773 km",Automática - Secuencial,Gasolina
https://neoauto.com/auto/seminuevo/bmw-x5-2015-1864617,https://cdn.neoauto.com/elements/autos_usados/360x240/237418/237418_4989969.webp,BMW,Bmw X5 2015,2015,"US$21,900","112,626 km",Automática,Gasolina
https://neoauto.com/auto/seminuevo/bmw-x1-20i-2014-1721443,https://cdn.neoauto.com/elements/autos_usados/360x240/113873/113873_4872301.webp,BMW,Bmw X1 20i 2014,2014,"US$21,500","24,094 km",Automática - Secuencial,Gasolina
https://neoauto.com/auto/seminuevo/hyundai-kona-2024-1863918,https://cdn.neoauto.com/elements/autos_usados/360x240/337014/337014_9597917.webp,Hyundai,Hyundai Kona 2024,2024,"US$26,490",15 km,Automática - Secuencial,Gasolina-Híbrido
https://neoauto.com/auto/seminuevo/audi-a3-sedan-2019-1868452,https://cdn.neoauto.com/elements/autos_usados/360x240/237418/237418_3481953.webp,Audi,Audi A3 Sedan 2019,2019,"US$22,900","71,167 km",Automática,Gasolina
https://neoauto.com/auto/seminuevo/bmw-x3-20i-2021-1866974,https://cdn.neoauto.com/elements/autos_usados/360x240/749844/749844_8586344.webp,BMW,Bmw X3 20i 2021,2021,"US$36,500","52,000 km",Automática - Secuencial,Gasolina
https://neoauto.com/auto/seminuevo/mitsubishi-montero-sport-2022-1847237,https://cdn.neoauto.com/elements/autos_usados/360x240/113873/113873_2230850.webp,Mitsubishi,Mitsubishi Montero Sport 2022,2022,"US$47,500","41,158 km",Mecánica,Diesel
https://neoauto.com/auto/seminuevo/lamborghini-urus-2021-1865127,https://cdn.neoauto.com/elements/autos_usados/360x240/118694/118694_4190789.webp,Lamborghini,Lamborghini Urus 2021,2021,"US$310,000","3,522 km",Automática - Secuencial,Gasolina
https://neoauto.com/auto/seminuevo/volkswagen-gol-sedan-2022-1866068,https://cdn.neoauto.com/elements/autos_usados/360x240/754271/754271_6162415.webp,Volkswagen,Volkswagen Gol Sedán 2022,2022,"US$11,900","52,094 km",Mecánica,Gasolina
https://neoauto.com/auto/seminuevo/ford-ranger-2023-1865850,https://cdn.neoauto.com/elements/autos_usados/360x240/490916/490916_6654913.webp,Ford,Ford Ranger 2023,2023,"US$23,900","52,300 km",Mecánica,Diesel
https://neoauto.com/auto/seminuevo/cupra-terramar-2026-1868982,https://cdn.neoauto.com/elements/autos_usados/360x240/659946/659946_6540269.webp,Cupra,Cupra Terramar 2026,2026,"US$40,990","3,700 km",Automática - Secuencial,Gasolina
https://neoauto.com/auto/seminuevo/mercedes-benz-a45-amg-2023-1864502,https://cdn.neoauto.com/elements/autos_usados/360x240/747531/747531_7491628.webp,Mercedes-Benz,Mercedes Benz A45 Amg 2023,2023,"US$80,000","12,000 km",Automática - Secuencial,Gasolina
https://neoauto.com/auto/seminuevo/mazda-cx-9-2015-1787398,https://cdn.neoauto.com/elements/autos_usados/360x240/113873/113873_9498306.webp,Mazda,Mazda Cx-9 2015,2015,"US$16,500","145,029 km",Automática - Secuencial,Dual
https://neoauto.com/auto/seminuevo/bmw-x5-2017-1866330,https://cdn.neoauto.com/elements/autos_usados/360x240/237418/237418_6303577.webp,BMW,Bmw X5 2017,2017,"US$27,900","94,474 km",Automática,Gasolina
https://neoauto.com/auto/seminuevo/bmw-x3-20i-2022-1868863,https://cdn.neoauto.com/elements/autos_usados/360x240/113873/113873_2778071.webp,BMW,Bmw X3 20i 2022,2022,"US$39,900","43,500 km",Automática - Secuencial,Gasolina
https://neoauto.com/auto/seminuevo/volvo-xc-40-2022-1866749,https://cdn.neoauto.com/elements/autos_usados/360x240/518808/518808_2393063.webp,Volvo,Volvo Xc-40 2022,2022,"US$36,990","35,178 km",Automática,Gasolina-Híbrido
https://neoauto.com/auto/seminuevo/mitsubishi-l200-2022-1866381,https://cdn.neoauto.com/elements/autos_usados/360x240/113873/113873_6348036.webp,Mitsubishi,Mitsubishi L200 2022,2022,"US$23,900","34,209 km",Mecánica,Diesel
https://neoauto.com/auto/seminuevo/bmw-x1-2018-1865131,https://cdn.neoauto.com/elements/autos_usados/360x240/692838/692838_6770105.webp,BMW,Bmw X1 2018,2018,"US$21,000","60,999 km",Automática,Gasolina
https://neoauto.com/auto/seminuevo/audi-q7-2015-1855326,https://cdn.neoauto.com/elements/autos_usados/360x240/237418/237418_6408557.webp,Audi,Audi Q7 2015,2015,"US$23,900","63,892 km",Automática,Gasolina
https://neoauto.com/auto/seminuevo/bmw-x5-40i-2019-1868043,https://cdn.neoauto.com/elements/autos_usados/360x240/113873/113873_2552375.webp,BMW,Bmw X5 40i 2019,2019,"US$67,900","57,768 km",Automática - Secuencial,Gasolina
https://neoauto.com/auto/seminuevo/bmw-540i-1997-1865015,https://cdn.neoauto.com/elements/autos_usados/360x240/463366/463366_2125603.webp,BMW,Bmw 540i 1997,1997,"US$19,000","104,000 km",Automática,Gasolina
https://neoauto.com/auto/seminuevo/mercedes-benz-slk280-2006-1866523,https://cdn.neoauto.com/elements/autos_usados/360x240/659946/659946_7534640.webp,Mercedes-Benz,Mercedes Benz Slk280 2006,2006,"US$22,990","21,807 km",Mecánica,Gasolina
https://neoauto.com/auto/seminuevo/mitsubishi-eclipse-cross-2024-1868256,https://cdn.neoauto.com/elements/autos_usados/360x240/752061/752061_7435084.webp,Mitsubishi,Mitsubishi Eclipse Cross 2024,2024,"US$24,490","48,000 km",Automática - Secuencial,Gasolina
https://neoauto.com/auto/seminuevo/bmw-320i-2020-1864809,https://cdn.neoauto.com/elements/autos_usados/360x240/237418/237418_3294478.webp,BMW,Bmw 320i 2020,2020,"US$31,900","25,265 km",Automática,Gasolina
https://neoauto.com/auto/seminuevo/land-rover-discovery-2016-1864127,https://cdn.neoauto.com/elements/autos_usados/360x240/114188/114188_4506278.webp,Land Rover,Land Rover Discovery 2016,2016,"US$19,900","68,258 km",Automática,Gasolina
https://neoauto.com/auto/seminuevo/audi-rs3-2016-1836091,https://cdn.neoauto.com/elements/autos_usados/360x240/747531/747531_9902205.webp,Audi,Audi Rs3 2016,2016,"US$52,900","43,700 km",Automática - Secuencial,Gasolina
https://neoauto.com/auto/seminuevo/bmw-x3-20i-2020-1866995,https://cdn.neoauto.com/elements/autos_usados/360x240/113873/113873_1000394.webp,BMW,Bmw X3 20i 2020,2020,"US$39,900","40,564 km",Automática - Secuencial,Gasolina
https://neoauto.com/auto/seminuevo/lexus-lbx-luxury-2025-1869166,https://cdn.neoauto.com/elements/autos_usados/360x240/113873/113873_1446152.webp,Lexus,Lexus Lbx Luxury 2025,2025,"US$34,900","7,626 km",Automática - Secuencial,Gasolina-Híbrido
https://neoauto.com/auto/seminuevo/lexus-rx-350-2026-1868275,https://cdn.neoauto.com/elements/autos_usados/360x240/463366/463366_1508371.webp,Lexus,Lexus Rx 350 2026,2026,"US$94,000","1,200 km",Automática - Secuencial,Gasolina
https://neoauto.com/auto/seminuevo/audi-a1-2015-1867662,https://cdn.neoauto.com/elements/autos_usados/360x240/237418/237418_6761929.webp,Audi,Audi A1 2015,2015,"US$13,900","79,717 km",Automática,Gasolina
https://neoauto.com/auto/seminuevo/volvo-xc-40-2022-1868460,https://cdn.neoauto.com/elements/autos_usados/360x240/518808/518808_1808389.webp,Volvo,Volvo Xc-40 2022,2022,"US$32,990","68,058 km",Automática,Gasolina-Híbrido
https://neoauto.com/auto/seminuevo/audi-q8-2022-1869188,https://cdn.neoauto.com/elements/autos_usados/360x240/671842/671842_4330145.webp,Audi,Audi Q8 2022,2022,"US$65,900","40,000 km",Automática - Secuencial,Gasolina
https://neoauto.com/auto/seminuevo/lexus-rx-350-2024-1865041,https://cdn.neoauto.com/elements/autos_usados/360x240/557609/557609_2987420.webp,Lexus,Lexus Rx 350 2024,2024,"US$67,900","38,200 km",Automática - Secuencial,Gasolina-Híbrido
https://neoauto.com/auto/seminuevo/volkswagen-beetle-2015-1843380,https://cdn.neoauto.com/elements/autos_usados/360x240/237418/237418_4650492.webp,Volkswagen,Volkswagen Beetle 2015,2015,"US$14,900","68,970 km",Automática,Gasolina
https://neoauto.com/auto/seminuevo/jeep-grand-cherokee-srt-2014-1863226,https://cdn.neoauto.com/elements/autos_usados/360x240/113873/113873_1949284.webp,Jeep,Jeep Grand Cherokee Srt 2014,2014,"US$34,900","86,117 km",Automática - Secuencial,Gasolina
https://neoauto.com/auto/seminuevo/mazda-cx-30-2023-1868886,https://cdn.neoauto.com/elements/autos_usados/360x240/257099/257099_1245765.webp,Mazda,Mazda Cx-30 2023,2023,"US$23,900","18,000 km",Automática,Gasolina
https://neoauto.com/auto/seminuevo/mercedes-benz-glc-250-4matic-2016-1861908,https://cdn.neoauto.com/elements/autos_usados/360x240/518808/518808_7140975.webp,Mercedes-Benz,Mercedes Benz Glc 250 4matic 2016,2016,"US$22,990","81,744 km",Automática,Gasolina
https://neoauto.com/auto/seminuevo/porsche-cayenne-coupe-gts-2023-1863737,https://cdn.neoauto.com/elements/autos_usados/360x240/659946/659946_9826306.webp,Porsche,Porsche Cayenne Coupe Gts 2023,2023,"US$109,990","22,780 km",Automática - Secuencial,Gasolina
https://neoauto.com/auto/seminuevo/land-rover-defender-2024-1864902,https://cdn.neoauto.com/elements/autos_usados/360x240/659946/659946_4031308.webp,Land Rover,Land Rover Defender 2024,2024,"US$93,990","10,800 km",Automática - Secuencial,Gasolina
https://neoauto.com/auto/seminuevo/kia-sonet-2024-1864911,https://cdn.neoauto.com/elements/autos_usados/360x240/114188/114188_6949434.webp,Kia,Kia Sonet 2024,2024,"US$19,900","19,948 km",Mecánica,Gasolina
https://neoauto.com/auto/seminuevo/citroen-c5-aircross-2023-1864803,https://cdn.neoauto.com/elements/autos_usados/360x240/237418/237418_1821334.webp,Citroen,Citroen C5 Aircross 2023,2023,"US$21,900","37,323 km",Automática,Gasolina
https://neoauto.com/auto/seminuevo/jeep-cherokee-laredo-2020-1869462,https://cdn.neoauto.com/elements/autos_usados/360x240/463366/463366_7850720.webp,Jeep,Jeep Cherokee Laredo 2020,2020,"US$34,900","54,000 km",Automática - Secuencial,Gasolina
https://neoauto.com/auto/seminuevo/jeep-grand-cherokee-trackhawk-2018-1869148,https://cdn.neoauto.com/elements/autos_usados/360x240/747531/747531_6236574.webp,Jeep,Jeep Grand Cherokee Trackhawk 2018,2018,"US$66,900","40,900 km",Automática - Secuencial,Gasolina
https://neoauto.com/auto/seminuevo/volkswagen-tiguan-allspace-2020-1867357,https://cdn.neoauto.com/elements/autos_usados/360x240/113873/113873_7043884.webp,Volkswagen,Volkswagen Tiguan Allspace 2020,2020,"US$25,900","75,276 km",Automática - Secuencial,Gasolina
https://neoauto.com/auto/seminuevo/peugeot-3008-2025-1868946,https://cdn.neoauto.com/elements/autos_usados/360x240/752061/752061_4817024.webp,Peugeot,Peugeot 3008 2025,2025,"US$44,490","5,000 km",Automática,Gasolina
https://neoauto.com/auto/seminuevo/audi-q5-2015-1869127,https://cdn.neoauto.com/elements/autos_usados/360x240/237418/237418_8405617.webp,Audi,Audi Q5 2015,2015,"US$16,000","173,289 km",Automática,Gasolina
https://neoauto.com/auto/seminuevo/nissan-sentra-2023-1869150,https://cdn.neoauto.com/elements/autos_usados/360x240/734431/734431_9473070.webp,Nissan,Nissan Sentra 2023,2023,"US$21,000","15,076 km",Automática,Gasolina
https://neoauto.com/auto/seminuevo/volkswagen-tiguan-allspace-2020-1869129,https://cdn.neoauto.com/elements/autos_usados/360x240/237418/237418_9301918.webp,Volkswagen,Volkswagen Tiguan Allspace 2020,2020,"US$23,000","73,406 km",Automática,Gasolina
https://neoauto.com/auto/seminuevo/chevrolet-tahoe-2023-1868473,https://cdn.neoauto.com/elements/autos_usados/360x240/747531/747531_8663875.webp,Chevrolet,Chevrolet Tahoe 2023,2023,"US$59,900","40,000 km",Automática - Secuencial,Gasolina
https://neoauto.com/auto/seminuevo/toyota-rav4-2025-1866879,https://cdn.neoauto.com/elements/autos_usados/360x240/650434/650434_8378013.webp,Toyota,Toyota Rav4 2025,2025,"US$45,000",800 km,Automática,Híbrido
https://neoauto.com/auto/seminuevo/volkswagen-nivus-2021-1865153,https://cdn.neoauto.com/elements/autos_usados/360x240/754271/754271_4688019.webp,Volkswagen,Volkswagen Nivus 2021,2021,"US$18,900","10,000 km",Automática - Secuencial,Gasolina
https://neoauto.com/auto/seminuevo/land-rover-range-rover-2018-1828219,https://cdn.neoauto.com/elements/autos_usados/360x240/757187/757187_5262003.webp,Land Rover,Land Rover Range Rover 2018,2018,"US$83,000","69,871 km",Automática,Gasolina
https://neoauto.com/auto/seminuevo/nissan-x-trail-2017-1867657,https://cdn.neoauto.com/elements/autos_usados/360x240/490916/490916_9614084.webp,Nissan,Nissan X-Trail 2017,2017,"US$15,900","140,700 km",Automática,Gasolina
https://neoauto.com/auto/seminuevo/nissan-sentra-2024-1869107,https://cdn.neoauto.com/elements/autos_usados/360x240/237418/237418_9557683.webp,Nissan,Nissan Sentra 2024,2024,"US$16,800","15,393 km",Mecánica,Gasolina
https://neoauto.com/auto/seminuevo/audi-q5-2020-1866349,https://cdn.neoauto.com/elements/autos_usados/360x240/237418/237418_4546627.webp,Audi,Audi Q5 2020,2020,"US$28,900","61,165 km",Automática,Gasolina
https://neoauto.com/auto/seminuevo/mercedes-benz-cla-35-amg-2023-1868496,https://cdn.neoauto.com/elements/autos_usados/360x240/113873/113873_8158601.webp,Mercedes-Benz,Mercedes Benz Cla 35 Amg 2023,2023,"US$62,000","11,348 km",Automática - Secuencial,Gasolina
https://neoauto.com/auto/seminuevo/chery-tiggo-8-pro-hibrido-2024-1865513,https://cdn.neoauto.com/elements/autos_usados/360x240/752061/752061_5777755.webp,Chery,Chery Tiggo 8 Pro,,"US$29,490","17,800 km",Automática - Secuencial,Gasolina-Híbrido
https://neoauto.com/auto/seminuevo/bmw-x6-2013-1869025,https://cdn.neoauto.com/elements/autos_usados/360x240/490916/490916_9592841.webp,BMW,Bmw X6 2013,2013,"US$17,900","86,200 km",Automática,Gasolina
https://neoauto.com/auto/seminuevo/audi-q7-2018-1865646,https://cdn.neoauto.com/elements/autos_usados/360x240/113873/113873_9573648.webp,Audi,Audi Q7 2018,2018,"US$32,500","93,495 km",Automática - Secuencial,Gasolina
https://neoauto.com/auto/seminuevo/ford-ecosport-2017-1869115,https://cdn.neoauto.com/elements/autos_usados/360x240/114188/114188_7055909.webp,Ford,Ford Ecosport 2017,2017,"US$12,900","32,000 km",Mecánica,Gasolina
https://neoauto.com/auto/seminuevo/chevrolet-captiva-2021-1868909,https://cdn.neoauto.com/elements/autos_usados/360x240/490916/490916_9291732.webp,Chevrolet,Chevrolet Captiva 2021,2021,"US$14,900","115,900 km",Mecánica,Gasolina
https://neoauto.com/auto/seminuevo/lexus-lx-500d-2024-1840721,https://cdn.neoauto.com/elements/autos_usados/360x240/113873/113873_9119745.webp,Lexus,Lexus Lx 500d 2024,2024,"US$135,000","20,760 km",Automática - Secuencial,Diesel
https://neoauto.com/auto/seminuevo/volvo-xc-60-2023-1868466,https://cdn.neoauto.com/elements/autos_usados/360x240/463366/463366_9491343.webp,Volvo,Volvo Xc-60 2023,2023,"US$45,900","12,000 km",Automática - Secuencial,Gasolina
https://neoauto.com/auto/seminuevo/mercedes-benz-gle-63-s-amg-4matic-coupe-2021-1860160,https://cdn.neoauto.com/elements/autos_usados/360x240/114188/114188_3099206.webp,Mercedes-Benz,Mercedes Benz Gle 63 S Amg 4matic Coupe 2021,2021,"US$119,000","41,667 km",Automática - Secuencial,Gasolina
https://neoauto.com/auto/seminuevo/mitsubishi-montero-2023-1867158,https://cdn.neoauto.com/elements/autos_usados/360x240/746429/746429_4476925.webp,Mitsubishi,Mitsubishi Montero 2023,2023,"US$37,490","24,300 km",Automática,Gasolina
https://neoauto.com/auto/seminuevo/mercedes-benz-glb-200-2024-1868114,https://cdn.neoauto.com/elements/autos_usados/360x240/746429/746429_4532244.webp,Mercedes-Benz,Mercedes Benz Glb 200 2024,2024,"US$44,990","12,100 km",Automática,Gasolina
https://neoauto.com/auto/seminuevo/subaru-xv-2017-1869353,https://cdn.neoauto.com/elements/autos_usados/360x240/114188/114188_9017402.webp,Subaru,Subaru Xv 2017,2017,"US$16,900","51,200 km",Automática - Secuencial,Gasolina
https://neoauto.com/auto/seminuevo/mercedes-benz-gle-450-4-matic-2018-1864166,https://cdn.neoauto.com/elements/autos_usados/360x240/757187/757187_9957110.webp,Mercedes-Benz,Mercedes Benz Gle 450 4 Matic 2018,2018,"US$44,000","67,800 km",Automática,Gasolina
https://neoauto.com/auto/seminuevo/toyota-land-cruiser-2017-1859064,https://cdn.neoauto.com/elements/autos_usados/360x240/113873/113873_9417621.webp,Toyota,Toyota Land Cruiser 2017,2017,"US$73,500","80,713 km",Automática - Secuencial,Diesel
https://neoauto.com/auto/seminuevo/volvo-xc-90-2025-1864770,https://cdn.neoauto.com/elements/autos_usados/360x240/518808/518808_3306111.webp,Volvo,Volvo Xc-90 2025,2025,"US$72,990","8,819 km",Automática,Gasolina-Híbrido
https://neoauto.com/auto/seminuevo/seat-arona-2025-1868123,https://cdn.neoauto.com/elements/autos_usados/360x240/754271/754271_3807419.webp,Seat,Seat Arona 2025,2025,"US$19,900",76 km,Automática - Secuencial,Gasolina
https://neoauto.com/auto/seminuevo/bmw-740li-2017-1865848,https://cdn.neoauto.com/elements/autos_usados/360x240/659946/659946_3090062.webp,BMW,Bmw 740li 2017,2017,"US$43,000","55,000 km",Automática - Secuencial,Gasolina
https://neoauto.com/auto/seminuevo/mazda-cx-90-2024-1849219,https://cdn.neoauto.com/elements/autos_usados/360x240/113873/113873_2692045.webp,Mazda,Mazda Cx-90 2024,2024,"US$51,500","11,072 km",Automática - Secuencial,Gasolina-Híbrido
https://neoauto.com/auto/seminuevo/bmw-x3-20i-2021-1868237,https://cdn.neoauto.com/elements/autos_usados/360x240/463366/463366_6614241.webp,BMW,Bmw X3 20i 2021,2021,"US$43,900","16,000 km",Automática - Secuencial,Gasolina
https://neoauto.com/auto/seminuevo/jeep-commander-2026-1868763,https://cdn.neoauto.com/elements/autos_usados/360x240/746429/746429_1844170.webp,Jeep,Jeep Commander 2026,2026,"US$41,990","1,600 km",Automática,Gasolina
https://neoauto.com/auto/seminuevo/mercedes-benz-gla-200-2016-1869136,https://cdn.neoauto.com/elements/autos_usados/360x240/746429/746429_8399701.webp,Mercedes-Benz,Mercedes-Benz Gla 200 2016,2016,"US$18,490","41,500 km",Automática,Gasolina
https://neoauto.com/auto/seminuevo/audi-q7-2010-1864810,https://cdn.neoauto.com/elements/autos_usados/360x240/237418/237418_4318148.webp,Audi,Audi Q7 2010,2010,"US$14,900","152,590 km",Automática,Gasolina
https://neoauto.com/auto/seminuevo/mazda-cx-5-2025-1865796,https://cdn.neoauto.com/elements/autos_usados/360x240/113873/113873_4405218.webp,Mazda,Mazda Cx-5 2025,2025,"US$32,500","15,367 km",Automática - Secuencial,Gasolina
https://neoauto.com/auto/seminuevo/hyundai-venue-2023-1867660,https://cdn.neoauto.com/elements/autos_usados/360x240/337014/337014_7024338.webp,Hyundai,Hyundai Venue 2023,2023,"US$17,490","5,292 km",Mecánica,Gasolina
https://neoauto.com/auto/seminuevo/mercedes-benz-amg-gt-2024-1865253,https://cdn.neoauto.com/elements/autos_usados/360x240/470963/470963_5435287.webp,Mercedes-Benz,Mercedes Benz Amg Gt 2024,2024,"US$217,990",950 km,Automática,Gasolina-Híbrido
https://neoauto.com/auto/seminuevo/toyota-corolla-2026-1868154,https://cdn.neoauto.com/elements/autos_usados/360x240/650434/650434_3034103.webp,Toyota,Toyota Corolla 2026,2026,"US$28,000","1,174 km",Automática,Híbrido
https://neoauto.com/auto/seminuevo/suzuki-vitara-2023-1866805,https://cdn.neoauto.com/elements/autos_usados/360x240/237418/237418_8349820.webp,Suzuki,Suzuki Vitara 2023,2023,"US$22,900","78,093 km",Automática,Gasolina
https://neoauto.com/auto/seminuevo/peugeot-partner-2025-1856176,https://cdn.neoauto.com/elements/autos_usados/360x240/752061/752061_8235657.webp,Peugeot,Peugeot Partner 2025,2025,"US$18,990",0 km,Mecánica,DIESEL
https://neoauto.com/auto/seminuevo/citroen-c-3-2023-1852901,https://cdn.neoauto.com/elements/autos_usados/360x240/734431/734431_1182923.webp,Citroen,Citroen C-3 2023,2023,"US$16,000","3,300 km",Mecánica,Gasolina
https://neoauto.com/auto/seminuevo/otros-otros-2014-1855346,https://cdn.neoauto.com/elements/autos_usados/360x240/463366/463366_8261027.webp,Otros,Otros Otros 2014,2014,"US$39,900","2,477 km",Mecánica,Gasolina
https://neoauto.com/auto/seminuevo/dodge-durango-2019-1866328,https://cdn.neoauto.com/elements/autos_usados/360x240/237418/237418_7685647.webp,Dodge,Dodge Durango 2019,2019,"US$29,900","40,362 km",Automática,Gasolina
https://neoauto.com/auto/seminuevo/nissan-march-2016-1869121,https://cdn.neoauto.com/elements/autos_usados/360x240/237418/237418_3115324.webp,Nissan,Nissan March 2016,2016,"US$8,900","123,190 km",Automática,Gasolina
https://neoauto.com/auto/seminuevo/audi-a4-2011-1867529,https://cdn.neoauto.com/elements/autos_usados/360x240/113873/113873_5225341.webp,Audi,Audi A4 2011,2011,"US$15,900","52,939 km",Automática - Secuencial,Gasolina
https://neoauto.com/auto/seminuevo/volvo-xc-60-2021-1867513,https://cdn.neoauto.com/elements/autos_usados/360x240/463366/463366_8057532.webp,Volvo,Volvo Xc-60 2021,2021,"US$27,900","139,800 km",Automática - Secuencial,Gasolina
https://neoauto.com/auto/seminuevo/toyota-corolla-2021-1866059,https://cdn.neoauto.com/elements/autos_usados/360x240/650434/650434_1212680.webp,Toyota,Toyota Corolla 2021,2021,"US$21,500","76,594 km",Automática,Híbrido
https://neoauto.com/auto/seminuevo/bmw-m240i-2022-1868979,https://cdn.neoauto.com/elements/autos_usados/360x240/113873/113873_3035405.webp,BMW,Bmw M240i 2022,2022,"US$59,900","10,352 km",Automática - Secuencial,Gasolina
https://neoauto.com/auto/seminuevo/jeep-compass-2023-1865036,https://cdn.neoauto.com/elements/autos_usados/360x240/557609/557609_8579604.webp,Jeep,Jeep Compass 2023,2023,"US$26,900","34,620 km",Automática - Secuencial,Gasolina
https://neoauto.com/auto/seminuevo/dodge-durango-2020-1869001,https://cdn.neoauto.com/elements/autos_usados/360x240/237418/237418_6806347.webp,Dodge,Dodge Durango 2020,2020,"US$27,000","133,583 km",Automática,Gasolina
https://neoauto.com/auto/seminuevo/bmw-x1-18i-2020-1864411,https://cdn.neoauto.com/elements/autos_usados/360x240/659946/659946_3147632.webp,BMW,Bmw X1 18i 2020,2020,"US$26,990","32,500 km",Automática - Secuencial,Gasolina
https://neoauto.com/auto/seminuevo/mini-countryman-cooper-2023-1867448,https://cdn.neoauto.com/elements/autos_usados/360x240/692838/692838_9190614.webp,Mini,Mini Countryman Cooper 2023,2023,"US$24,000","35,700 km",Automática,Gasolina
https://neoauto.com/auto/seminuevo/bmw-x6-30d-2016-1851383,https://cdn.neoauto.com/elements/autos_usados/360x240/113873/113873_4528856.webp,BMW,Bmw X6 30d 2016,2016,"US$55,000","44,626 km",Automática - Secuencial,Diesel
https://neoauto.com/auto/seminuevo/lamborghini-urus-2021-1867006,https://cdn.neoauto.com/elements/autos_usados/360x240/124038/124038_1071691.webp,Lamborghini,Lamborghini Urus 2021,2021,"US$329,000","19,300 km",Automática - Secuencial,Gasolina
https://neoauto.com/auto/seminuevo/toyota-rav4-2024-1868171,https://cdn.neoauto.com/elements/autos_usados/360x240/692838/692838_3636182.webp,Toyota,Toyota Rav4 2024,2024,"US$36,900","45,122 km",Automática,Gasolina-Híbrido
https://neoauto.com/auto/seminuevo/volkswagen-taos-2022-1868794,https://cdn.neoauto.com/elements/autos_usados/360x240/257099/257099_5237753.webp,Volkswagen,Volkswagen Taos 2022,2022,"US$24,900","23,167 km",Automática,Gasolina
https://neoauto.com/auto/seminuevo/mercedes-benz-gle-450-4-matic-2022-1847853,https://cdn.neoauto.com/elements/autos_usados/360x240/113873/113873_8898027.webp,Mercedes-Benz,Mercedes Benz Gle 450 4 Matic 2022,2022,"US$75,000","8,596 km",Automática - Secuencial,Gasolina-Híbrido
https://neoauto.com/auto/seminuevo/toyota-corolla-2024-1868792,https://cdn.neoauto.com/elements/autos_usados/360x240/257099/257099_3446956.webp,Toyota,Toyota Corolla 2024,2024,"US$24,900","44,445 km",Automática,Gasolina
https://neoauto.com/auto/seminuevo/bmw-650i-2013-1862858,https://cdn.neoauto.com/elements/autos_usados/360x240/463366/463366_8666064.webp,BMW,Bmw 650i 2013,2013,"US$39,000","64,000 km",Automática - Secuencial,Gasolina
https://neoauto.com/auto/seminuevo/bmw-x1-2016-1818894,https://cdn.neoauto.com/elements/autos_usados/360x240/113873/113873_2541701.webp,BMW,Bmw X1 2016,2016,"US$21,900","69,711 km",Automática - Secuencial,Gasolina
https://neoauto.com/auto/seminuevo/toyota-rav4-2026-1868257,https://cdn.neoauto.com/elements/autos_usados/360x240/692838/692838_1769600.webp,Toyota,Toyota Rav4 2026,2026,"US$44,900","6,368 km",Automática,Gasolina-Híbrido
https://neoauto.com/auto/seminuevo/land-rover-range-rover-sport-2017-1861821,https://cdn.neoauto.com/elements/autos_usados/360x240/463366/463366_8877688.webp,Land Rover,Land Rover Range Rover Sport 2017,2017,"US$69,900","66,000 km",Automática - Secuencial,Gasolina
https://neoauto.com/auto/seminuevo/ford-bronco-2026-1868470,https://cdn.neoauto.com/elements/autos_usados/360x240/747531/747531_3904211.webp,Ford,Ford Bronco 2026,2026,"US$168,000",,Automática - Secuencial,Gasolina
https://neoauto.com/auto/seminuevo/volkswagen-tiguan-allspace-2020-1863811,https://cdn.neoauto.com/elements/autos_usados/360x240/113873/113873_6247336.webp,Volkswagen,Volkswagen Tiguan Allspace 2020,2020,"US$23,900","56,062 km",Automática - Secuencial,Gasolina
https://neoauto.com/auto/seminuevo/audi-rs6-avant-2023-1869080,https://cdn.neoauto.com/elements/autos_usados/360x240/659946/659946_6471655.webp,Audi,Audi Rs6 Avant 2023,2023,"US$250,000","9,200 km",Automática - Secuencial,Gasolina
https://neoauto.com/auto/seminuevo/hyundai-kona-2025-1868715,https://cdn.neoauto.com/elements/autos_usados/360x240/337014/337014_1890305.webp,Hyundai,Hyundai Kona 2025,2025,"US$24,490","10,300 km",Automática,Gasolina
https://neoauto.com/auto/seminuevo/jaguar-f-pace-2022-1857296,https://cdn.neoauto.com/elements/autos_usados/360x240/518808/518808_6288418.webp,Jaguar,Jaguar F-Pace 2022,2022,"US$67,990","29,145 km",Automática,Gasolina-Híbrido
https://neoauto.com/auto/seminuevo/mercedes-benz-glc-250-4matic-2017-1824270,https://cdn.neoauto.com/elements/autos_usados/360x240/237418/237418_4066986.webp,Mercedes-Benz,Mercedes Benz Glc 250 4matic 2017,2017,"US$28,900","71,056 km",Automática,Gasolina
https://neoauto.com/auto/seminuevo/haval-h6-2023-1868821,https://cdn.neoauto.com/elements/autos_usados/360x240/734431/734431_6093711.webp,Haval,Haval H6 2023,2023,"US$20,500","16,200 km",Automática,Gasolina
https://neoauto.com/auto/seminuevo/mini-hatch-2017-1861500,https://cdn.neoauto.com/elements/autos_usados/360x240/237418/237418_8171292.webp,Mini,Mini Hatch 2017,2017,"US$13,900","93,595 km",Automática,Gasolina
https://neoauto.com/auto/seminuevo/bmw-520-i-2022-1866385,https://cdn.neoauto.com/elements/autos_usados/360x240/734431/734431_8810282.webp,BMW,Bmw 520-I 2022,2022,"US$43,000","27,955 km",Automática,Gasolina
https://neoauto.com/auto/seminuevo/haval-dargo-2024-1865453,https://cdn.neoauto.com/elements/autos_usados/360x240/692838/692838_6587127.webp,Haval,Haval Dargo 2024,2024,"US$23,500","24,277 km",Automática,Gasolina
https://neoauto.com/auto/seminuevo/ford-edge-titanium-2020-1858886,https://cdn.neoauto.com/elements/autos_usados/360x240/237418/237418_6140481.webp,Ford,Ford Edge Titanium 2020,2020,"US$25,900","51,856 km",Automática,Gasolina
https://neoauto.com/auto/seminuevo/ford-explorer-2022-1866506,https://cdn.neoauto.com/elements/autos_usados/360x240/113873/113873_9132946.webp,Ford,Ford Explorer 2022,2022,"US$59,900","15,139 km",Automática - Secuencial,Gasolina
https://neoauto.com/auto/seminuevo/audi-q7-2019-1840312,https://cdn.neoauto.com/elements/autos_usados/360x240/237418/237418_7138323.webp,Audi,Audi Q7 2019,2019,"US$31,900","82,387 km",Automática,Gasolina
https://neoauto.com/auto/seminuevo/mercedes-benz-a-35-amg-2024-1857206,https://cdn.neoauto.com/elements/autos_usados/360x240/470963/470963_2557204.webp,Mercedes-Benz,Mercedes Benz A 35 Amg 2024,2024,"US$52,990","5,600 km",Automática,Gasolina-Híbrido
https://neoauto.com/auto/seminuevo/jeep-grand-cherokee-laredo-2015-1793582,https://cdn.neoauto.com/elements/autos_usados/360x240/113873/113873_1661254.webp,Jeep,Jeep Grand Cherokee Laredo 2015,2015,"US$26,500","115,849 km",Automática - Secuencial,Diesel
https://neoauto.com/auto/seminuevo/audi-q3-2018-1865413,https://cdn.neoauto.com/elements/autos_usados/360x240/237418/237418_4141210.webp,Audi,Audi Q3 2018,2018,"US$18,900","81,127 km",Automática,Gasolina
https://neoauto.com/auto/seminuevo/bmw-x3-20i-2020-1859849,https://cdn.neoauto.com/elements/autos_usados/360x240/113873/113873_5006048.webp,BMW,Bmw X3 20i 2020,2020,"US$34,500","35,265 km",Automática - Secuencial,Gasolina
https://neoauto.com/auto/seminuevo/mitsubishi-xpander-2019-1869363,https://cdn.neoauto.com/elements/autos_usados/360x240/114188/114188_9630700.webp,Mitsubishi,Mitsubishi Xpander 2019,2019,"US$18,900","67,500 km",Automática,Gasolina
https://neoauto.com/auto/seminuevo/chevrolet-onix-2023-1869043,https://cdn.neoauto.com/elements/autos_usados/360x240/650434/650434_9837292.webp,Chevrolet,Chevrolet Onix 2023,2023,"US$11,990","30,537 km",Mecánica,Gasolina
https://neoauto.com/auto/seminuevo/bmw-m5-sedan-2020-1839148,https://cdn.neoauto.com/elements/autos_usados/360x240/463366/463366_8304623.webp,BMW,Bmw M5 Sedán 2020,2020,"US$100,000","20,000 km",Automática - Secuencial,Gasolina
https://neoauto.com/auto/seminuevo/hyundai-kona-2025-1866273,https://cdn.neoauto.com/elements/autos_usados/360x240/337014/337014_2655502.webp,Hyundai,Hyundai Kona 2025,2025,"US$24,990","14,797 km",Automática,Gasolina
https://neoauto.com/auto/seminuevo/porsche-cayenne-2020-1866772,https://cdn.neoauto.com/elements/autos_usados/360x240/118694/118694_1706784.webp,Porsche,Porsche Cayenne 2020,2020,"US$66,000","30,687 km",Automática - Secuencial,Gasolina
https://neoauto.com/auto/seminuevo/bmw-x5-m-2024-1864491,https://cdn.neoauto.com/elements/autos_usados/360x240/747531/747531_2310252.webp,BMW,Bmw X5 M 2024,2024,"US$175,000","9,000 km",Automática - Secuencial,Gasolina
https://neoauto.com/auto/seminuevo/hyundai-ioniq-5-2023-1858753,https://cdn.neoauto.com/elements/autos_usados/360x240/518808/518808_4764594.webp,Hyundai,Hyundai Ioniq 5 2023,2023,"US$39,990","11,359 km",Automática,Eléctrico
https://neoauto.com/auto/seminuevo/mitsubishi-montero-sport-2019-1831240,https://cdn.neoauto.com/elements/autos_usados/360x240/113873/113873_9838318.webp,Mitsubishi,Mitsubishi Montero Sport 2019,2019,"US$36,500","109,259 km",Automática - Secuencial,Diesel
https://neoauto.com/auto/seminuevo/bmw-x1-18i-2022-1868826,https://cdn.neoauto.com/elements/autos_usados/360x240/734431/734431_9345688.webp,BMW,Bmw X1 18i 2022,2022,"US$31,000","44,229 km",Automática,Gasolina
https://neoauto.com/auto/seminuevo/volkswagen-tiguan-2018-1864763,https://cdn.neoauto.com/elements/autos_usados/360x240/490916/490916_4151903.webp,Volkswagen,Volkswagen Tiguan 2018,2018,"US$19,900","83,000 km",Automática,Gasolina
https://neoauto.com/auto/seminuevo/subaru-evoltis-2023-1867808,https://cdn.neoauto.com/elements/autos_usados/360x240/734431/734431_1907613.webp,Subaru,Subaru Evoltis 2023,2023,"US$49,500","17,301 km",Automática,Gasolina
https://neoauto.com/auto/seminuevo/honda-cr-v-2016-1868797,https://cdn.neoauto.com/elements/autos_usados/360x240/257099/257099_7003745.webp,Honda,Honda Cr-V 2016,2016,"US$19,900","85,922 km",Automática,Gasolina
https://neoauto.com/auto/seminuevo/audi-q3-2022-1866152,https://cdn.neoauto.com/elements/autos_usados/360x240/671842/671842_4957822.webp,Audi,Audi Q3 2022,2022,"US$36,900","30,000 km",Automática - Secuencial,Gasolina
https://neoauto.com/auto/seminuevo/hyundai-palisade-2023-1865680,https://cdn.neoauto.com/elements/autos_usados/360x240/463366/463366_8199764.webp,Hyundai,Hyundai Palisade 2023,2023,"US$41,900","52,000 km",Automática - Secuencial,Gasolina
https://neoauto.com/auto/seminuevo/mercedes-benz-a200-2019-1869142,https://cdn.neoauto.com/elements/autos_usados/360x240/746429/746429_2752789.webp,Mercedes-Benz,Mercedes-Benz A200 2019,2019,"US$20,990","68,000 km",Automática,Gasolina
https://neoauto.com/auto/seminuevo/bmw-420i-gran-coupe-2024-1868828,https://cdn.neoauto.com/elements/autos_usados/360x240/734431/734431_6687637.webp,BMW,Bmw 420i Gran Coupe 2024,2024,"US$42,000","49,140 km",Automática,Gasolina
https://neoauto.com/auto/seminuevo/volkswagen-gol-2018-1866874,https://cdn.neoauto.com/elements/autos_usados/360x240/714661/714661_6105749.webp,Volkswagen,Volkswagen Gol 2018,2018,"US$9,900","91,000 km",Mecánica,Gasolina
https://neoauto.com/auto/seminuevo/jac-js4-2024-1868998,https://cdn.neoauto.com/elements/autos_usados/360x240/114188/114188_9280783.webp,JAC,Jac Js4 2024,2024,"US$13,900","16,600 km",Mecánica,Gasolina
https://neoauto.com/auto/seminuevo/bmw-x3-20i-2022-1864574,https://cdn.neoauto.com/elements/autos_usados/360x240/734431/734431_5025861.webp,BMW,Bmw X3 20i 2022,2022,"US$42,000","43,661 km",Automática,Gasolina
https://neoauto.com/auto/seminuevo/bmw-z4-2022-1858881,https://cdn.neoauto.com/elements/autos_usados/360x240/237418/237418_6862992.webp,BMW,Bmw Z4 2022,2022,"US$54,900","16,000 km",Automática,Gasolina
https://neoauto.com/auto/seminuevo/bmw-120i-2016-1867642,https://cdn.neoauto.com/elements/autos_usados/360x240/237418/237418_4086038.webp,BMW,Bmw 120i 2016,2016,"US$14,900","99,185 km",Automática,Gasolina
https://neoauto.com/auto/seminuevo/jeep-grand-cherokee-laredo-2018-1868770,https://cdn.neoauto.com/elements/autos_usados/360x240/659946/659946_9419388.webp,Jeep,Jeep Grand Cherokee Laredo 2018,2018,"US$24,990","72,400 km",Automática - Secuencial,Gasolina
https://neoauto.com/auto/seminuevo/bmw-x5-2015-1867703,https://cdn.neoauto.com/elements/autos_usados/360x240/237418/237418_6533056.webp,BMW,Bmw X5 2015,2015,"US$26,900","113,000 km",Automática,Gasolina
https://neoauto.com/auto/seminuevo/ford-bronco-2024-1865922,https://cdn.neoauto.com/elements/autos_usados/360x240/257099/257099_1224001.webp,Ford,Ford Bronco 2024,2024,"US$67,900","14,000 km",Automática,Gasolina
https://neoauto.com/auto/seminuevo/mercedes-benz-slc-380-1981-1848259,https://cdn.neoauto.com/elements/autos_usados/360x240/463366/463366_9763772.webp,Mercedes-Benz,Mercedes-Benz Slc-380 1981,1981,"US$22,900","83,000 km",Automática,Gasolina
https://neoauto.com/auto/seminuevo/lexus-rx-500h-f-sport-2024-1867820,https://cdn.neoauto.com/elements/autos_usados/360x240/557609/557609_8252879.webp,Lexus,Lexus Rx 500h F Sport 2024,2024,"US$79,900","34,000 km",Automática - Secuencial,Gasolina-Híbrido
https://neoauto.com/auto/seminuevo/mercedes-benz-glc-200-2022-1869145,https://cdn.neoauto.com/elements/autos_usados/360x240/470963/470963_3155757.webp,Mercedes-Benz,Mercedes-Benz Glc 200 2022,2022,"US$47,990","50,900 km",Automática,Gasolina
https://neoauto.com/auto/seminuevo/mercedes-benz-c-200-2023-1864030,https://cdn.neoauto.com/elements/autos_usados/360x240/113873/113873_4272351.webp,Mercedes-Benz,Mercedes Benz C-200 2023,2023,"US$51,900","3,491 km",Automática - Secuencial,Gasolina-Híbrido
https://neoauto.com/auto/seminuevo/audi-q5-2022-1868322,https://cdn.neoauto.com/elements/autos_usados/360x240/470963/470963_3303168.webp,Audi,Audi Q5 2022,2022,"US$42,990","39,100 km",Automática,Gasolina-Híbrido
https://neoauto.com/auto/seminuevo/subaru-xv-2021-1867527,https://cdn.neoauto.com/elements/autos_usados/360x240/463366/463366_4039876.webp,Subaru,Subaru Xv 2021,2021,"US$19,900","85,000 km",Automática - Secuencial,Gasolina
https://neoauto.com/auto/seminuevo/jeep-gladiator-2021-1799649,https://cdn.neoauto.com/elements/autos_usados/360x240/113873/113873_7386381.webp,Jeep,Jeep Gladiator 2021,2021,"US$64,900","29,927 km",Automática - Secuencial,Gasolina
https://neoauto.com/auto/seminuevo/chevrolet-traverse-2017-1817685,https://cdn.neoauto.com/elements/autos_usados/360x240/113873/113873_3364095.webp,Chevrolet,Chevrolet Traverse 2017,2017,"US$19,900","115,756 km",Automática - Secuencial,Gasolina
https://neoauto.com/auto/seminuevo/bmw-x3-30i-2018-1733057,https://cdn.neoauto.com/elements/autos_usados/360x240/113873/113873_9391487.webp,BMW,Bmw X3 30i 2018,2018,"US$39,900","68,240 km",Automática - Secuencial,Gasolina
https://neoauto.com/auto/seminuevo/volkswagen-jetta-2026-1867639,https://cdn.neoauto.com/elements/autos_usados/360x240/114188/114188_5194916.webp,Volkswagen,Volkswagen Jetta 2026,2026,"US$24,900",100 km,Automática,Gasolina
https://neoauto.com/auto/seminuevo/jeep-grand-cherokee-overland-2020-1867428,https://cdn.neoauto.com/elements/autos_usados/360x240/757187/757187_6277221.webp,Jeep,Jeep Grand Cherokee Overland 2020,2020,"US$40,700","74,871 km",Automática,Gasolina
https://neoauto.com/auto/seminuevo/bmw-318i-2018-1839776,https://cdn.neoauto.com/elements/autos_usados/360x240/237418/237418_2539165.webp,BMW,Bmw 318i 2018,2018,"US$18,800","73,674 km",Automática,Gasolina
https://neoauto.com/auto/seminuevo/jetour-x70-plus-2023-1867698,https://cdn.neoauto.com/elements/autos_usados/360x240/237418/237418_1837665.webp,Jetour,Jetour X70 Plus 2023,2023,"US$20,000","45,473 km",Automática,Gasolina
https://neoauto.com/auto/seminuevo/ford-explorer-2021-1840436,https://cdn.neoauto.com/elements/autos_usados/360x240/113873/113873_9487811.webp,Ford,Ford Explorer 2021,2021,"US$44,900","45,518 km",Automática,Gasolina
https://neoauto.com/auto/seminuevo/volkswagen-tiguan-allspace-2020-1868761,https://cdn.neoauto.com/elements/autos_usados/360x240/490916/490916_6506999.webp,Volkswagen,Volkswagen Tiguan Allspace 2020,2020,"US$18,900","111,350 km",Automática,Gasolina
https://neoauto.com/auto/seminuevo/subaru-forester-2017-1866727,https://cdn.neoauto.com/elements/autos_usados/360x240/237418/237418_1633559.webp,Subaru,Subaru Forester 2017,2017,"US$18,900","87,248 km",Automática,Gasolina
https://neoauto.com/auto/seminuevo/bmw-740li-2017-1861243,https://cdn.neoauto.com/elements/autos_usados/360x240/237418/237418_2094020.webp,BMW,Bmw 740li 2017,2017,"US$44,900","52,000 km",Automática,Gasolina
https://neoauto.com/auto/seminuevo/jeep-compass-2023-1864697,https://cdn.neoauto.com/elements/autos_usados/360x240/113873/113873_8177597.webp,Jeep,Jeep Compass 2023,2023,"US$32,500","17,592 km",Automática - Secuencial,Gasolina
https://neoauto.com/auto/seminuevo/fiat-fastback-limited-2024-1869421,https://cdn.neoauto.com/elements/autos_usados/360x240/746429/746429_1355590.webp,Fiat,Fiat Fastback Limited 2024,2024,"US$20,290","13,800 km",Automática,Gasolina
https://neoauto.com/auto/seminuevo/jeep-grand-cherokee-2018-1867514,https://cdn.neoauto.com/elements/autos_usados/360x240/746429/746429_9112062.webp,Jeep,Jeep Grand Cherokee 2018,2018,"US$27,490","64,800 km",Automática,Gasolina
https://neoauto.com/auto/seminuevo/bmw-x3-20i-2019-1841125,https://cdn.neoauto.com/elements/autos_usados/360x240/113873/113873_6331572.webp,BMW,Bmw X3 20i 2019,2019,"US$34,900","89,435 km",Automática - Secuencial,Gasolina
https://neoauto.com/auto/seminuevo/bmw-x5-2018-1869182,https://cdn.neoauto.com/elements/autos_usados/360x240/659946/659946_9421096.webp,BMW,Bmw X5 2018,2018,"US$26,990","106,804 km",Automática - Secuencial,Gasolina
https://neoauto.com/auto/seminuevo/volkswagen-tiguan-allspace-2020-1834436,https://cdn.neoauto.com/elements/autos_usados/360x240/754271/754271_8054356.webp,Volkswagen,Volkswagen Tiguan Allspace 2020,2020,"US$20,900","76,000 km",Automática - Secuencial,Gasolina
https://neoauto.com/auto/seminuevo/lexus-rx-500h-f-sport-2024-1867822,https://cdn.neoauto.com/elements/autos_usados/360x240/557609/557609_9758987.webp,Lexus,Lexus Rx 500h F Sport 2024,2024,"US$79,900","37,900 km",Automática - Secuencial,Gasolina-Híbrido
https://neoauto.com/auto/seminuevo/audi-q3-2022-1868905,https://cdn.neoauto.com/elements/autos_usados/360x240/659946/659946_9909901.webp,Audi,Audi Q3 2022,2022,"US$36,990","4,750 km",Automática - Secuencial,Gasolina
https://neoauto.com/auto/seminuevo/ford-explorer-2013-1864764,https://cdn.neoauto.com/elements/autos_usados/360x240/490916/490916_6616183.webp,Ford,Ford Explorer 2013,2013,"US$16,900","171,000 km",Automática,Gasolina
https://neoauto.com/auto/seminuevo/land-rover-discovery-sport-2016-1703620,https://cdn.neoauto.com/elements/autos_usados/360x240/113873/113873_6660943.webp,Land Rover,Land Rover Discovery Sport 2016,2016,"US$22,500","85,783 km",Automática,Gasolina
https://neoauto.com/auto/seminuevo/volvo-s90-2020-1867500,https://cdn.neoauto.com/elements/autos_usados/360x240/757187/757187_6056831.webp,Volvo,Volvo S90 2020,2020,"US$29,900","36,766 km",Automática,Gasolina
https://neoauto.com/auto/seminuevo/peugeot-partner-2025-1868347,https://cdn.neoauto.com/elements/autos_usados/360x240/114188/114188_2005188.webp,Peugeot,Peugeot Partner 2025,2025,"US$21,900",321 km,Mecánica,Diesel
https://neoauto.com/auto/seminuevo/volkswagen-tiguan-allspace-2022-1842162,https://cdn.neoauto.com/elements/autos_usados/360x240/114188/114188_1540492.webp,Volkswagen,Volkswagen Tiguan Allspace 2022,2022,"US$27,900","77,000 km",Automática - Secuencial,Gasolina
https://neoauto.com/auto/seminuevo/porsche-panamera-2018-1860882,https://cdn.neoauto.com/elements/autos_usados/360x240/747531/747531_9825188.webp,Porsche,Porsche Panamera 2018,2018,"US$110,000","24,000 km",Automática - Secuencial,Gasolina-Híbrido
https://neoauto.com/auto/seminuevo/land-rover-range-rover-2023-1840790,https://cdn.neoauto.com/elements/autos_usados/360x240/518808/518808_8688276.webp,Land Rover,Land Rover Range Rover 2023,2023,"US$154,990","24,500 km",Automática,Gasolina
https://neoauto.com/auto/seminuevo/bmw-420i-gran-coupe-2024-1868830,https://cdn.neoauto.com/elements/autos_usados/360x240/734431/734431_4742359.webp,BMW,Bmw 420i Gran Coupe 2024,2024,"US$45,000","15,500 km",Automática,Gasolina
https://neoauto.com/auto/seminuevo/mercedes-benz-glc-250-4matic-2018-1869015,https://cdn.neoauto.com/elements/autos_usados/360x240/490916/490916_3534213.webp,Mercedes-Benz,Mercedes-Benz Glc 250 4matic 2018,2018,"US$22,900","86,200 km",Automática,Gasolina
https://neoauto.com/auto/seminuevo/nissan-patrol-2023-1867412,https://cdn.neoauto.com/elements/autos_usados/360x240/659946/659946_6838833.webp,Nissan,Nissan Patrol 2023,2023,"US$67,990","17,800 km",Automática - Secuencial,Gasolina
https://neoauto.com/auto/seminuevo/bmw-x1-2022-1869199,https://cdn.neoauto.com/elements/autos_usados/360x240/114188/114188_4858414.webp,BMW,Bmw X1 2022,2022,"US$37,900","18,000 km",Automática,Gasolina
https://neoauto.com/auto/seminuevo/toyota-corolla-2021-1838705,https://cdn.neoauto.com/elements/autos_usados/360x240/708742/708742_8025568.webp,Toyota,Toyota Corolla 2021,2021,"US$17,500","44,650 km",Automática,Gasolina
https://neoauto.com/auto/seminuevo/hyundai-venue-2026-1868944,https://cdn.neoauto.com/elements/autos_usados/360x240/337014/337014_3836176.webp,Hyundai,Hyundai Venue 2026,2026,"US$16,790",20 km,Mecánica,Gasolina
https://neoauto.com/auto/seminuevo/bmw-x5-35i-2015-1851744,https://cdn.neoauto.com/elements/autos_usados/360x240/113873/113873_8492099.webp,BMW,Bmw X5 35i 2015,2015,"US$30,990","74,602 km",Automática - Secuencial,Gasolina
https://neoauto.com/auto/seminuevo/nissan-kicks-2026-1867826,https://cdn.neoauto.com/elements/autos_usados/360x240/650434/650434_1475853.webp,Nissan,Nissan Kicks 2026,2026,"US$22,500","3,608 km",Automática,Gasolina
https://neoauto.com/auto/seminuevo/hyundai-staria-2023-1867035,https://cdn.neoauto.com/elements/autos_usados/360x240/337014/337014_5251873.webp,Hyundai,Hyundai Staria 2023,2023,"US$25,990",36 km,Mecánica,Diesel
https://neoauto.com/auto/seminuevo/bmw-x5-30d-2007-1865301,https://cdn.neoauto.com/elements/autos_usados/360x240/659946/659946_5711636.webp,BMW,Bmw X5 30d 2007,2007,"US$14,900","150,000 km",Automática - Secuencial,Diesel
https://neoauto.com/auto/seminuevo/bmw-x3-2018-1865026,https://cdn.neoauto.com/elements/autos_usados/360x240/237418/237418_5923234.webp,BMW,Bmw X3 2018,2018,"US$26,900","66,878 km",Automática,Gasolina
https://neoauto.com/auto/seminuevo/bmw-m3-sedan-2015-1862716,https://cdn.neoauto.com/elements/autos_usados/360x240/747531/747531_6022961.webp,BMW,Bmw M3 Sedán 2015,2015,"US$49,900","33,000 km",Automática - Secuencial,Gasolina
https://neoauto.com/auto/seminuevo/subaru-evoltis-2021-1864804,https://cdn.neoauto.com/elements/autos_usados/360x240/237418/237418_6422648.webp,Subaru,Subaru Evoltis 2021,2021,"US$35,900","43,860 km",Automática,Gasolina
https://neoauto.com/auto/seminuevo/renault-kwid-2024-1863009,https://cdn.neoauto.com/elements/autos_usados/360x240/734431/734431_8923175.webp,Renault,Renault Kwid 2024,2024,"US$18,000","1,371 km",Automática,Eléctrico
https://neoauto.com/auto/seminuevo/jeep-grand-cherokee-limited-2015-1864389,https://cdn.neoauto.com/elements/autos_usados/360x240/113873/113873_2357344.webp,Jeep,Jeep Grand Cherokee Limited 2015,2015,"US$24,900","111,276 km",Automática - Secuencial,Gasolina
https://neoauto.com/auto/seminuevo/kia-k3-2024-1869144,https://cdn.neoauto.com/elements/autos_usados/360x240/746429/746429_5666208.webp,Kia,Kia K3 2024,2024,"US$18,290","16,000 km",Automática,Gasolina
https://neoauto.com/auto/seminuevo/audi-q5-2022-1869057,https://cdn.neoauto.com/elements/autos_usados/360x240/118694/118694_3677268.webp,Audi,Audi Q5 2022,2022,"US$39,900","59,062 km",Automática - Secuencial,Gasolina-Híbrido
https://neoauto.com/auto/seminuevo/toyota-prius-2013-1868687,https://cdn.neoauto.com/elements/autos_usados/360x240/650434/650434_5945786.webp,Toyota,Toyota Prius 2013,2013,"US$13,000","109,113 km",Automática,Híbrido
https://neoauto.com/auto/seminuevo/volvo-xc-60-2021-1869339,https://cdn.neoauto.com/elements/autos_usados/360x240/470963/470963_7970613.webp,Volvo,Volvo Xc-60 2021,2021,"US$38,990","57,300 km",Automática,Gasolina
https://neoauto.com/auto/seminuevo/ford-fusion-2018-1864758,https://cdn.neoauto.com/elements/autos_usados/360x240/490916/490916_5741925.webp,Ford,Ford Fusion 2018,2018,"US$16,900","28,000 km",Automática,Gasolina
https://neoauto.com/auto/seminuevo/jaguar-f-pace-2018-1856328,https://cdn.neoauto.com/elements/autos_usados/360x240/114188/114188_7876980.webp,Jaguar,Jaguar F-Pace 2018,2018,"US$29,900","67,000 km",Automática,Gasolina
https://neoauto.com/auto/seminuevo/jeep-grand-cherokee-laredo-2020-1861601,https://cdn.neoauto.com/elements/autos_usados/360x240/237418/237418_5450291.webp,Jeep,Jeep Grand Cherokee Laredo 2020,2020,"US$28,900","63,758 km",Automática,Gasolina
https://neoauto.com/auto/seminuevo/lexus-lx-570-2018-1854234,https://cdn.neoauto.com/elements/autos_usados/360x240/113873/113873_4764619.webp,Lexus,Lexus Lx 570 2018,2018,"US$75,000","96,336 km",Automática - Secuencial,Gasolina
https://neoauto.com/auto/seminuevo/jeep-grand-cherokee-limited-2019-1869444,https://cdn.neoauto.com/elements/autos_usados/360x240/734431/734431_3187530.webp,Jeep,Jeep Grand Cherokee Limited 2019,2019,"US$32,000","44,900 km",Automática,Gasolina
https://neoauto.com/auto/seminuevo/kia-seltos-2025-1867566,https://cdn.neoauto.com/elements/autos_usados/360x240/337014/337014_7266984.webp,Kia,Kia Seltos 2025,2025,"US$23,490","24,597 km",Automática - Secuencial,GLP
https://neoauto.com/auto/seminuevo/ram-2500-2020-1864436,https://cdn.neoauto.com/elements/autos_usados/360x240/113873/113873_5946678.webp,RAM,Ram 2500 2020,2020,"US$109,900","22,337 km",Automática,Diesel
https://neoauto.com/auto/seminuevo/bmw-x5-2018-1824010,https://cdn.neoauto.com/elements/autos_usados/360x240/237418/237418_2621207.webp,BMW,Bmw X5 2018,2018,"US$30,000","87,209 km",Automática,Gasolina
https://neoauto.com/auto/seminuevo/volkswagen-tiguan-allspace-2023-1868285,https://cdn.neoauto.com/elements/autos_usados/360x240/114188/114188_7502923.webp,Volkswagen,Volkswagen Tiguan Allspace 2023,2023,"US$31,900","21,191 km",Automática,Gasolina
https://neoauto.com/auto/seminuevo/audi-q5-2025-1869351,https://cdn.neoauto.com/elements/autos_usados/360x240/746429/746429_8952163.webp,Audi,Audi Q5 2025,2025,"US$51,990","18,800 km",Automática,Gasolina-Híbrido
https://neoauto.com/auto/seminuevo/mercedes-benz-gle-400-4matic-2016-1855314,https://cdn.neoauto.com/elements/autos_usados/360x240/237418/237418_3871265.webp,Mercedes-Benz,Mercedes Benz Gle 400 4matic 2016,2016,"US$22,900","120,805 km",Automática,Gasolina
https://neoauto.com/auto/seminuevo/bmw-m4-2016-1869130,https://cdn.neoauto.com/elements/autos_usados/360x240/237418/237418_1363452.webp,BMW,Bmw M4 2016,2016,"US$59,900","41,028 km",Automática,Gasolina
https://neoauto.com/auto/seminuevo/jeep-compass-sport-2016-1864920,https://cdn.neoauto.com/elements/autos_usados/360x240/114188/114188_7061330.webp,Jeep,Jeep Compass Sport 2016,2016,"US$16,900","76,000 km",Automática,Gasolina
https://neoauto.com/auto/seminuevo/xiaomi-su7-2025-1867898,https://cdn.neoauto.com/elements/autos_usados/360x240/747531/747531_8617654.webp,Xiaomi,Xiaomi Su7 2025,2025,"US$175,000",200 km,Automática - Secuencial,Eléctrico
https://neoauto.com/auto/seminuevo/mitsubishi-montero-sport-2017-1867672,https://cdn.neoauto.com/elements/autos_usados/360x240/237418/237418_6242036.webp,Mitsubishi,Mitsubishi Montero Sport 2017,2017,"US$24,900","83,725 km",Automática,Gasolina
https://neoauto.com/auto/seminuevo/mercedes-benz-a200-2021-1868445,https://cdn.neoauto.com/elements/autos_usados/360x240/470963/470963_9234024.webp,Mercedes-Benz,Mercedes Benz A200 2021,2021,"US$25,490","23,400 km",Automática,Gasolina
https://neoauto.com/auto/seminuevo/land-rover-range-rover-sport-2020-1869358,https://cdn.neoauto.com/elements/autos_usados/360x240/463366/463366_3948389.webp,Land Rover,Land Rover Range Rover Sport 2020,2020,"US$85,900","27,500 km",Automática - Secuencial,Gasolina
https://neoauto.com/auto/seminuevo/honda-pilot-2014-1868113,https://cdn.neoauto.com/elements/autos_usados/360x240/237418/237418_9307285.webp,Honda,Honda Pilot 2014,2014,"US$15,900","164,581 km",Automática,Gasolina
https://neoauto.com/auto/seminuevo/mazda-cx-5-2017-1864541,https://cdn.neoauto.com/elements/autos_usados/360x240/714661/714661_3770121.webp,Mazda,Mazda Cx-5 2017,2017,"US$18,900","83,000 km",Automática - Secuencial,Gasolina
https://neoauto.com/auto/seminuevo/mg-mgb-gt-1967-1868981,https://cdn.neoauto.com/elements/autos_usados/360x240/659946/659946_1439860.webp,MG,Mg Mgb-Gt 1967,1967,"US$29,000","13,340 km",Mecánica,Gasolina
https://neoauto.com/auto/seminuevo/bmw-x3-20i-2017-1827598,https://cdn.neoauto.com/elements/autos_usados/360x240/113873/113873_2513660.webp,BMW,Bmw X3 20i 2017,2017,"US$27,500","44,085 km",Automática - Secuencial,Gasolina
https://neoauto.com/auto/seminuevo/hyundai-kona-2025-1867462,https://cdn.neoauto.com/elements/autos_usados/360x240/337014/337014_4433351.webp,Hyundai,Hyundai Kona 2025,2025,"US$24,990","13,734 km",Automática - Secuencial,Gasolina
https://neoauto.com/auto/seminuevo/ford-territory-2025-1869187,https://cdn.neoauto.com/elements/autos_usados/360x240/490916/490916_5597607.webp,Ford,Ford Territory 2025,2025,"US$26,900","4,700 km",Automática,Gasolina
https://neoauto.com/auto/seminuevo/jeep-grand-cherokee-laredo-2019-1867065,https://cdn.neoauto.com/elements/autos_usados/360x240/242077/242077_5917678.webp,Jeep,Jeep Grand Cherokee Laredo 2019,2019,"US$25,100","172,477 km",Automática,Gasolina
https://neoauto.com/auto/seminuevo/mercedes-benz-c-63-amg-s-2010-1865396,https://cdn.neoauto.com/elements/autos_usados/360x240/237418/237418_6584899.webp,Mercedes-Benz,Mercedes Benz C 63 Amg S 2010,2010,"US$19,900","86,625 km",Automática,Gasolina
https://neoauto.com/auto/seminuevo/jeep-renegade-2026-1862717,https://cdn.neoauto.com/elements/autos_usados/360x240/747531/747531_4299007.webp,Jeep,Jeep Renegade 2026,2026,"US$28,000",700 km,Automática - Secuencial,Gasolina
https://neoauto.com/auto/seminuevo/bmw-m4-2016-1869140,https://cdn.neoauto.com/elements/autos_usados/360x240/470963/470963_8338666.webp,BMW,Bmw M4 2016,2016,"US$49,990","41,200 km",Automática,Gasolina
https://neoauto.com/auto/seminuevo/porsche-macan-2018-1867575,https://cdn.neoauto.com/elements/autos_usados/360x240/114188/114188_7057040.webp,Porsche,Porsche Macan 2018,2018,"US$37,900","52,580 km",Automática,Gasolina
https://neoauto.com/auto/seminuevo/audi-a3-sportback-2020-1869113,https://cdn.neoauto.com/elements/autos_usados/360x240/237418/237418_6750681.webp,Audi,Audi A3 Sportback 2020,2020,"US$20,900","45,972 km",Automática,Gasolina
https://neoauto.com/auto/seminuevo/maserati-levante-2019-1866763,https://cdn.neoauto.com/elements/autos_usados/360x240/237418/237418_7274981.webp,Maserati,Maserati Levante 2019,2019,"US$65,900","92,977 km",Automática,Gasolina
https://neoauto.com/auto/seminuevo/subaru-evoltis-2021-1867110,https://cdn.neoauto.com/elements/autos_usados/360x240/114188/114188_5314039.webp,Subaru,Subaru Evoltis 2021,2021,"US$36,900","46,755 km",Automática,Gasolina
https://neoauto.com/auto/seminuevo/mercedes-benz-cla-180-2019-1868164,https://cdn.neoauto.com/elements/autos_usados/360x240/114188/114188_4776779.webp,Mercedes-Benz,Mercedes Benz Cla 180 2019,2019,"US$19,900","77,000 km",Automática,Gasolina
https://neoauto.com/auto/seminuevo/mercedes-benz-c63-amg-s-2016-1869207,https://cdn.neoauto.com/elements/autos_usados/360x240/749844/749844_1035748.webp,Mercedes-Benz,Mercedes-Benz C63 Amg S 2016,2016,"US$44,900","55,000 km",Automática - Secuencial,Gasolina
https://neoauto.com/auto/seminuevo/audi-a4-2021-1867739,https://cdn.neoauto.com/elements/autos_usados/360x240/671842/671842_4957858.webp,Audi,Audi A4 2021,2021,"US$23,900","68,200 km",Automática - Secuencial,Gasolina
https://neoauto.com/auto/seminuevo/audi-a3-sedan-2019-1868096,https://cdn.neoauto.com/elements/autos_usados/360x240/113873/113873_3847610.webp,Audi,Audi A3 Sedan 2019,2019,"US$17,500","155,334 km",Automática - Secuencial,Gasolina
https://neoauto.com/auto/seminuevo/mercedes-benz-gle-63-s-amg-4matic-coupe-2023-1843007,https://cdn.neoauto.com/elements/autos_usados/360x240/470963/470963_7151754.webp,Mercedes-Benz,Mercedes Benz Gle 63 S Amg 4matic Coupe 2023,2023,"US$139,990","31,000 km",Automática,Gasolina-Híbrido
https://neoauto.com/auto/seminuevo/honda-pilot-2022-1863837,https://cdn.neoauto.com/elements/autos_usados/360x240/113873/113873_5129653.webp,Honda,Honda Pilot 2022,2022,"US$39,900","46,861 km",Automática - Secuencial,Gasolina
https://neoauto.com/auto/seminuevo/jeep-grand-cherokee-limited-2020-1860135,https://cdn.neoauto.com/elements/autos_usados/360x240/617446/617446_6214351.webp,Jeep,Jeep Grand Cherokee Limited 2020,2020,"US$32,000","71,300 km",Automática,Gasolina
https://neoauto.com/auto/seminuevo/hyundai-staria-2023-1854022,https://cdn.neoauto.com/elements/autos_usados/360x240/337014/337014_4141366.webp,Hyundai,Hyundai Staria 2023,2023,"US$22,490","42,859 km",Mecánica,Diesel
https://neoauto.com/auto/seminuevo/bmw-316-2014-1868172,https://cdn.neoauto.com/elements/autos_usados/360x240/714661/714661_4436533.webp,BMW,Bmw 316 2014,2014,"US$13,900","91,000 km",Automática,Gasolina
https://neoauto.com/auto/seminuevo/mini-hatch-jcw-2026-1868415,https://cdn.neoauto.com/elements/autos_usados/360x240/659946/659946_4913861.webp,Mini,Mini Hatch Jcw 2026,2026,"US$45,900","2,390 km",Automática - Secuencial,Gasolina
https://neoauto.com/auto/seminuevo/hyundai-kona-2023-1867572,https://cdn.neoauto.com/elements/autos_usados/360x240/337014/337014_3825467.webp,Hyundai,Hyundai Kona 2023,2023,"US$20,990","1,653 km",Automática,Eléctrico
https://neoauto.com/auto/seminuevo/ford-escape-2022-1868978,https://cdn.neoauto.com/elements/autos_usados/360x240/113873/113873_1097675.webp,Ford,Ford Escape 2022,2022,"US$30,900","9,090 km",Automática,Gasolina
https://neoauto.com/auto/seminuevo/mazda-cx-5-2016-1868165,https://cdn.neoauto.com/elements/autos_usados/360x240/714661/714661_3474333.webp,Mazda,Mazda Cx-5 2016,2016,"US$16,900","69,900 km",Mecánica,Gasolina
https://neoauto.com/auto/seminuevo/jeep-grand-cherokee-laredo-2016-1798071,https://cdn.neoauto.com/elements/autos_usados/360x240/113873/113873_5206639.webp,Jeep,Jeep Grand Cherokee Laredo 2016,2016,"US$21,500","112,265 km",Automática - Secuencial,Gasolina
https://neoauto.com/auto/seminuevo/mini-countryman-jcw-2025-1865783,https://cdn.neoauto.com/elements/autos_usados/360x240/208604/208604_9810856.webp,Mini,Mini Countryman Jcw 2025,2025,"US$57,991","12,072 km",Automática,Gasolina
https://neoauto.com/auto/seminuevo/chevrolet-captiva-2023-1867649,https://cdn.neoauto.com/elements/autos_usados/360x240/708742/708742_4477198.webp,Chevrolet,Chevrolet Captiva 2023,2023,"US$15,990","38,340 km",Automática,Gasolina
https://neoauto.com/auto/seminuevo/mercedes-benz-gle-53-amg-2023-1850061,https://cdn.neoauto.com/elements/autos_usados/360x240/470963/470963_5696117.webp,Mercedes-Benz,Mercedes Benz Gle 53 Amg 2023,2023,"US$95,990","17,000 km",Automática,Gasolina-Híbrido
https://neoauto.com/auto/seminuevo/land-rover-range-rover-sport-2019-1828230,https://cdn.neoauto.com/elements/autos_usados/360x240/757187/757187_3441109.webp,Land Rover,Land Rover Range Rover Sport 2019,2019,"US$56,000","99,280 km",Automática,Gasolina
https://neoauto.com/auto/seminuevo/audi-a4-2018-1867641,https://cdn.neoauto.com/elements/autos_usados/360x240/114188/114188_4438577.webp,Audi,Audi A4 2018,2018,"US$21,900","45,000 km",Automática - Secuencial,Gasolina
https://neoauto.com/auto/seminuevo/audi-q5-sportback-2023-1866866,https://cdn.neoauto.com/elements/autos_usados/360x240/714661/714661_5400857.webp,Audi,Audi Q5 Sportback 2023,2023,"US$48,900","40,500 km",Automática - Secuencial,Gasolina-Híbrido
https://neoauto.com/auto/seminuevo/jeep-commander-2025-1868965,https://cdn.neoauto.com/elements/autos_usados/360x240/470963/470963_9211317.webp,Jeep,Jeep Commander 2025,2025,"US$39,490",400 km,Automática,Gasolina
https://neoauto.com/auto/seminuevo/mitsubishi-asx-2013-1867889,https://cdn.neoauto.com/elements/autos_usados/360x240/490916/490916_6324944.webp,Mitsubishi,Mitsubishi Asx 2013,2013,"US$11,900","105,400 km",Automática,Gasolina
https://neoauto.com/auto/seminuevo/nissan-patrol-2021-1866204,https://cdn.neoauto.com/elements/autos_usados/360x240/659946/659946_7406161.webp,Nissan,Nissan Patrol 2021,2021,"US$62,990","48,000 km",Automática - Secuencial,Gasolina
https://neoauto.com/auto/seminuevo/mazda-cx-60-2024-1863808,https://cdn.neoauto.com/elements/autos_usados/360x240/337014/337014_1837048.webp,Mazda,Mazda Cx-60 2024,2024,"US$45,990","10,500 km",Automática,Gasolina-Híbrido
https://neoauto.com/auto/seminuevo/mazda-cx-30-2025-1869116,https://cdn.neoauto.com/elements/autos_usados/360x240/237418/237418_5249827.webp,Mazda,Mazda Cx-30 2025,2025,"US$27,900","9,801 km",Automática,Gasolina
https://neoauto.com/auto/seminuevo/lexus-rx-500h-f-sport-2024-1858832,https://cdn.neoauto.com/elements/autos_usados/360x240/557609/557609_3871593.webp,Lexus,Lexus Rx 500h F Sport 2024,2024,"US$79,900","20,200 km",Automática - Secuencial,Gasolina-Híbrido
https://neoauto.com/auto/seminuevo/hyundai-venue-2026-1869033,https://cdn.neoauto.com/elements/autos_usados/360x240/337014/337014_7750732.webp,Hyundai,Hyundai Venue 2026,2026,"US$19,990",17 km,Automática,Gasolina
https://neoauto.com/auto/seminuevo/jeep-grand-cherokee-2024-1869423,https://cdn.neoauto.com/elements/autos_usados/360x240/470963/470963_4208934.webp,Jeep,Jeep Grand Cherokee 2024,2024,"US$61,990","3,500 km",Automática,Gasolina
https://neoauto.com/auto/seminuevo/bmw-x5-m-2010-1847821,https://cdn.neoauto.com/elements/autos_usados/360x240/463366/463366_9889030.webp,BMW,Bmw X5 M 2010,2010,"US$25,900","74,000 km",Automática - Secuencial,Gasolina
https://neoauto.com/auto/seminuevo/kia-mohave-2018-1807885,https://cdn.neoauto.com/elements/autos_usados/360x240/113873/113873_6432219.webp,Kia,Kia Mohave 2018,2018,"US$24,900","35,951 km",Automática - Secuencial,Gasolina
https://neoauto.com/auto/seminuevo/toyota-agya-2024-1869177,https://cdn.neoauto.com/elements/autos_usados/360x240/650434/650434_8587308.webp,Toyota,Toyota Agya 2024,2024,"US$11,000","41,366 km",Mecánica,Dual
https://neoauto.com/auto/seminuevo/nissan-v-drive-2024-1867563,https://cdn.neoauto.com/elements/autos_usados/360x240/708742/708742_3338006.webp,Nissan,Nissan V-Drive 2024,2024,"US$13,800","8,000 km",Mecánica,Dual
https://neoauto.com/auto/seminuevo/chevrolet-colorado-2022-1858850,https://cdn.neoauto.com/elements/autos_usados/360x240/237418/237418_8415778.webp,Chevrolet,Chevrolet Colorado 2022,2022,"US$18,900","40,773 km",Mecánica,Diesel
https://neoauto.com/auto/seminuevo/jetour-traveller-2026-1866316,https://cdn.neoauto.com/elements/autos_usados/360x240/114188/114188_7179442.webp,Jetour,Jetour Traveller 2026,2026,"US$31,900",0 km,Automática - Secuencial,Gasolina
https://neoauto.com/auto/seminuevo/volvo-xc-40-2021-1861497,https://cdn.neoauto.com/elements/autos_usados/360x240/237418/237418_6981538.webp,Volvo,Volvo Xc-40 2021,2021,"US$30,500","41,500 km",Automática,Gasolina
https://neoauto.com/auto/seminuevo/bmw-x1-2017-1868535,https://cdn.neoauto.com/elements/autos_usados/360x240/708742/708742_2885393.webp,BMW,Bmw X1 2017,2017,"US$21,590","74,000 km",Automática,Gasolina
https://neoauto.com/auto/seminuevo/mercedes-benz-g-500-2020-1864559,https://cdn.neoauto.com/elements/autos_usados/360x240/747531/747531_5675306.webp,Mercedes-Benz,Mercedes Benz G 500 2020,2020,"US$185,000","42,500 km",Automática - Secuencial,Gasolina
https://neoauto.com/auto/seminuevo/hyundai-kona-2025-1868718,https://cdn.neoauto.com/elements/autos_usados/360x240/337014/337014_7306682.webp,Hyundai,Hyundai Kona 2025,2025,"US$24,990","11,977 km",Automática - Secuencial,Gasolina
https://neoauto.com/auto/seminuevo/audi-q5-2023-1866224,https://cdn.neoauto.com/elements/autos_usados/360x240/470963/470963_7298807.webp,Audi,Audi Q5 2023,2023,"US$44,990","41,500 km",Automática,Gasolina-Híbrido
https://neoauto.com/auto/seminuevo/nissan-x-trail-2024-1869196,https://cdn.neoauto.com/elements/autos_usados/360x240/752061/752061_3012606.webp,Nissan,Nissan X-Trail 2024,2024,"US$41,990","21,100 km",Automática - Secuencial,Eléctrico
https://neoauto.com/auto/seminuevo/audi-q7-2016-1864608,https://cdn.neoauto.com/elements/autos_usados/360x240/113873/113873_6177025.webp,Audi,Audi Q7 2016,2016,"US$29,900","63,831 km",Automática - Secuencial,Gasolina
https://neoauto.com/auto/seminuevo/audi-q3-sportback-2024-1867000,https://cdn.neoauto.com/elements/autos_usados/360x240/113873/113873_2543508.webp,Audi,Audi Q3 Sportback 2024,2024,"US$42,900","9,664 km",Automática - Secuencial,Gasolina
https://neoauto.com/auto/seminuevo/mercedes-benz-e-300-2017-1867899,https://cdn.neoauto.com/elements/autos_usados/360x240/747531/747531_6601842.webp,Mercedes-Benz,Mercedes Benz E-300 2017,2017,"US$30,000","32,000 km",Automática - Secuencial,Gasolina
https://neoauto.com/auto/seminuevo/chevrolet-sonic-2015-1863741,https://cdn.neoauto.com/elements/autos_usados/360x240/113873/113873_2395213.webp,Chevrolet,Chevrolet Sonic 2015,2015,"US$11,500","86,592 km",Automática - Secuencial,GNV
https://neoauto.com/auto/seminuevo/land-rover-range-rover-evoque-2016-1840476,https://cdn.neoauto.com/elements/autos_usados/360x240/113873/113873_5695091.webp,Land Rover,Land Rover Range Rover Evoque 2016,2016,"US$24,900","79,108 km",Automática,Gasolina
https://neoauto.com/auto/seminuevo/toyota-land-cruiser-prado-2023-1862685,https://cdn.neoauto.com/elements/autos_usados/360x240/113873/113873_7399798.webp,Toyota,Toyota Land Cruiser Prado 2023,2023,"US$64,000","54,700 km",Automática - Secuencial,Gasolina
https://neoauto.com/auto/seminuevo/ford-explorer-2021-1869055,https://cdn.neoauto.com/elements/autos_usados/360x240/257099/257099_8933190.webp,Ford,Ford Explorer 2021,2021,"US$42,900","46,670 km",Automática,Gasolina
https://neoauto.com/auto/seminuevo/volkswagen-tiguan-allspace-2020-1832100,https://cdn.neoauto.com/elements/autos_usados/360x240/754271/754271_9842791.webp,Volkswagen,Volkswagen Tiguan Allspace 2020,2020,"US$23,900","67,600 km",Automática - Secuencial,Gasolina
https://neoauto.com/auto/seminuevo/volkswagen-gol-2015-1866734,https://cdn.neoauto.com/elements/autos_usados/360x240/490916/490916_5792132.webp,Volkswagen,Volkswagen Gol 2015,2015,"US$9,900","46,400 km",Mecánica,Gasolina
https://neoauto.com/auto/seminuevo/mercedes-benz-glb-200-2020-1869108,https://cdn.neoauto.com/elements/autos_usados/360x240/237418/237418_8722334.webp,Mercedes-Benz,Mercedes-Benz Glb 200 2020,2020,"US$30,900","45,600 km",Automática,Gasolina
https://neoauto.com/auto/seminuevo/bmw-x6-40i-2022-1859311,https://cdn.neoauto.com/elements/autos_usados/360x240/208604/208604_5569541.webp,BMW,Bmw X6 40i 2022,2022,"US$80,991","40,356 km",Automática,Gasolina
https://neoauto.com/auto/seminuevo/mercedes-benz-c63-amg-s-2017-1846234,https://cdn.neoauto.com/elements/autos_usados/360x240/114188/114188_6084293.webp,Mercedes-Benz,Mercedes Benz C63 Amg S 2017,2017,"US$59,900","42,303 km",Automática,Gasolina
https://neoauto.com/auto/seminuevo/volkswagen-jetta-2026-1867655,https://cdn.neoauto.com/elements/autos_usados/360x240/114188/114188_8739206.webp,Volkswagen,Volkswagen Jetta 2026,2026,"US$24,900",100 km,Automática,Gasolina
https://neoauto.com/auto/seminuevo/toyota-corolla-2023-1855320,https://cdn.neoauto.com/elements/autos_usados/360x240/237418/237418_7029410.webp,Toyota,Toyota Corolla 2023,2023,"US$22,900","17,170 km",Automática,Gasolina
https://neoauto.com/auto/seminuevo/jeep-compass-2020-1869137,https://cdn.neoauto.com/elements/autos_usados/360x240/746429/746429_7185176.webp,Jeep,Jeep Compass 2020,2020,"US$19,990","54,000 km",Automática,Gasolina
https://neoauto.com/auto/seminuevo/peugeot-207-2010-1866134,https://cdn.neoauto.com/elements/autos_usados/360x240/257099/257099_8424046.webp,Peugeot,Peugeot 207 2010,2010,"US$7,900","93,347 km",Mecánica,Gasolina
https://neoauto.com/auto/seminuevo/land-rover-range-roger-velar-2018-1869120,https://cdn.neoauto.com/elements/autos_usados/360x240/237418/237418_9025617.webp,Land Rover,Land Rover Range Rover Velar 2018,2018,"US$40,990","50,717 km",Automática,Gasolina
https://neoauto.com/auto/seminuevo/land-rover-range-rover-sport-2020-1838557,https://cdn.neoauto.com/elements/autos_usados/360x240/463366/463366_2628123.webp,Land Rover,Land Rover Range Rover Sport 2020,2020,"US$100,000","23,000 km",Automática - Secuencial,Gasolina
https://neoauto.com/auto/seminuevo/land-rover-defender-2021-1868291,https://cdn.neoauto.com/elements/autos_usados/360x240/518808/518808_7518921.webp,Land Rover,Land Rover Defender 2021,2021,"US$57,990","85,000 km",Automática,Gasolina
https://neoauto.com/auto/seminuevo/toyota-yaris-2003-1859271,https://cdn.neoauto.com/elements/autos_usados/360x240/113873/113873_9165322.webp,Toyota,Toyota Yaris 2003,2003,"US$8,200","164,539 km",Mecánica,Gasolina
https://neoauto.com/auto/seminuevo/kia-k3-2024-1869336,https://cdn.neoauto.com/elements/autos_usados/360x240/752061/752061_9655744.webp,Kia,Kia K3 2024,2024,"US$22,990",84 km,Automática,Gasolina
https://neoauto.com/auto/seminuevo/toyota-fortuner-2023-1869146,https://cdn.neoauto.com/elements/autos_usados/360x240/650434/650434_9383655.webp,Toyota,Toyota Fortuner 2023,2023,"US$38,000","52,917 km",Automática,GLP
https://neoauto.com/auto/seminuevo/audi-q5-2013-1867680,https://cdn.neoauto.com/elements/autos_usados/360x240/237418/237418_2951755.webp,Audi,Audi Q5 2013,2013,"US$13,900","120,968 km",Automática,Gasolina
https://neoauto.com/auto/seminuevo/volkswagen-amarok-2020-1865644,https://cdn.neoauto.com/elements/autos_usados/360x240/463366/463366_5709522.webp,Volkswagen,Volkswagen Amarok 2020,2020,"US$33,900","60,000 km",Automática - Secuencial,Diesel
https://neoauto.com/auto/seminuevo/subaru-forester-2020-1868862,https://cdn.neoauto.com/elements/autos_usados/360x240/113873/113873_2501662.webp,Subaru,Subaru Forester 2020,2020,"US$28,500","29,685 km",Automática,Gasolina
https://neoauto.com/auto/seminuevo/kia-sportage-2024-1868516,https://cdn.neoauto.com/elements/autos_usados/360x240/113873/113873_7820049.webp,Kia,Kia Sportage 2024,2024,"US$34,900","13,461 km",Automática - Secuencial,Gasolina
https://neoauto.com/auto/seminuevo/ford-ecosport-2014-1864621,https://cdn.neoauto.com/elements/autos_usados/360x240/237418/237418_3241494.webp,Ford,Ford Ecosport 2014,2014,"US$12,900","87,947 km",Mecánica,Gasolina
https://neoauto.com/auto/seminuevo/ford-edge-titanium-2018-1792414,https://cdn.neoauto.com/elements/autos_usados/360x240/237418/237418_8992251.webp,Ford,Ford Edge Titanium 2018,2018,"US$21,900","78,000 km",Automática,Gasolina
https://neoauto.com/auto/seminuevo/bmw-520-i-2018-1865877,https://cdn.neoauto.com/elements/autos_usados/360x240/659946/659946_5493499.webp,BMW,Bmw 520-I 2018,2018,"US$22,990","45,500 km",Automática - Secuencial,Gasolina
https://neoauto.com/auto/seminuevo/bmw-330e-2025-1863982,https://cdn.neoauto.com/elements/autos_usados/360x240/734431/734431_3542826.webp,BMW,Bmw 330e 2025,2025,"US$53,000","3,860 km",Automática,Gasolina
https://neoauto.com/auto/seminuevo/hyundai-palisade-2024-1862437,https://cdn.neoauto.com/elements/autos_usados/360x240/337014/337014_6669675.webp,Hyundai,Hyundai Palisade 2024,2024,"US$43,990",323 km,Automática,Gasolina
https://neoauto.com/auto/seminuevo/mazda-cx-9-2018-1868995,https://cdn.neoauto.com/elements/autos_usados/360x240/650434/650434_5775765.webp,Mazda,Mazda Cx-9 2018,2018,"US$23,500","81,735 km",Automática,Gasolina
https://neoauto.com/auto/seminuevo/nissan-kicks-2025-1868364,https://cdn.neoauto.com/elements/autos_usados/360x240/337014/337014_3640054.webp,Nissan,Nissan Kicks 2025,2025,"US$18,990","30,000 km",Mecánica,GLP
https://neoauto.com/auto/seminuevo/maserati-quattroporte-2020-1869463,https://cdn.neoauto.com/elements/autos_usados/360x240/463366/463366_1315664.webp,Maserati,Maserati Quattroporte 2020,2020,"US$74,900","31,000 km",Automática - Secuencial,Gasolina
https://neoauto.com/auto/seminuevo/jeep-commander-2024-1867131,https://cdn.neoauto.com/elements/autos_usados/360x240/470963/470963_7672766.webp,Jeep,Jeep Commander 2024,2024,"US$35,990","24,200 km",Automática,Gasolina
https://neoauto.com/auto/seminuevo/bmw-x5-40i-2021-1868397,https://cdn.neoauto.com/elements/autos_usados/360x240/749844/749844_7287520.webp,BMW,Bmw X5 40i 2021,2021,"US$64,900","17,000 km",Automática,Gasolina
https://neoauto.com/auto/seminuevo/audi-a4-2017-1843008,https://cdn.neoauto.com/elements/autos_usados/360x240/113873/113873_3583759.webp,Audi,Audi A4 2017,2017,"US$21,900","35,069 km",Automática - Secuencial,Gasolina
https://neoauto.com/auto/seminuevo/chery-tiggo-8-pro-2023-1867890,https://cdn.neoauto.com/elements/autos_usados/360x240/490916/490916_9404107.webp,Chery,Chery Tiggo 8 Pro 2023,2023,"US$19,900","17,800 km",Automática,Gasolina
https://neoauto.com/auto/seminuevo/dongfeng-t5-evo-2022-1864908,https://cdn.neoauto.com/elements/autos_usados/360x240/257099/257099_5860525.webp,Dongfeng,Dongfeng T5 Evo 2022,2022,"US$16,900","24,906 km",Automática,Gasolina
https://neoauto.com/auto/seminuevo/honda-cr-v-2021-1868930,https://cdn.neoauto.com/elements/autos_usados/360x240/358152/358152_7592343.webp,Honda,Honda Cr-V 2021,2021,"US$26,500","70,149 km",Automática,Gasolina
https://neoauto.com/auto/seminuevo/chevrolet-captiva-2012-1868517,https://cdn.neoauto.com/elements/autos_usados/360x240/490916/490916_9468642.webp,Chevrolet,Chevrolet Captiva 2012,2012,"US$12,900","95,900 km",Mecánica,Gasolina
https://neoauto.com/auto/seminuevo/bmw-x7-40i-2019-1867444,https://cdn.neoauto.com/elements/autos_usados/360x240/757187/757187_5450914.webp,BMW,Bmw X7 40i 2019,2019,"US$67,000","40,264 km",Automática,Gasolina
https://neoauto.com/auto/seminuevo/mercedes-benz-gls-450-2021-1868959,https://cdn.neoauto.com/elements/autos_usados/360x240/470963/470963_5569923.webp,Mercedes-Benz,Mercedes-Benz Gls 450 2021,2021,"US$67,990","39,500 km",Automática,Gasolina-Híbrido
https://neoauto.com/auto/seminuevo/mazda-cx-5-2020-1867635,https://cdn.neoauto.com/elements/autos_usados/360x240/113873/113873_5345706.webp,Mazda,Mazda Cx-5 2020,2020,"US$25,900","79,198 km",Automática - Secuencial,Gasolina
https://neoauto.com/auto/seminuevo/mitsubishi-l200-2022-1866315,https://cdn.neoauto.com/elements/autos_usados/360x240/113873/113873_1837084.webp,Mitsubishi,Mitsubishi L200 2022,2022,"US$23,900","25,801 km",Mecánica,Diesel
https://neoauto.com/auto/seminuevo/mercedes-benz-slc-200-2018-1866807,https://cdn.neoauto.com/elements/autos_usados/360x240/237418/237418_4998365.webp,Mercedes-Benz,Mercedes Benz Slc-200 2018,2018,"US$39,900","34,247 km",Automática,Gasolina
https://neoauto.com/auto/seminuevo/bmw-x6-m-2022-1862715,https://cdn.neoauto.com/elements/autos_usados/360x240/747531/747531_2943784.webp,BMW,Bmw X6 M 2022,2022,"US$140,000","27,000 km",Automática - Secuencial,Gasolina
https://neoauto.com/auto/seminuevo/hyundai-venue-2026-1868344,https://cdn.neoauto.com/elements/autos_usados/360x240/337014/337014_3210129.webp,Hyundai,Hyundai Venue 2026,2026,"US$18,290",32 km,Automática,GLP
https://neoauto.com/auto/seminuevo/land-rover-defender-2025-1868673,https://cdn.neoauto.com/elements/autos_usados/360x240/463366/463366_3744473.webp,Land Rover,Land Rover Defender 2025,2025,"US$179,000","1,600 km",Automática - Secuencial,Gasolina
https://neoauto.com/auto/seminuevo/audi-a3-sportback-2019-1861484,https://cdn.neoauto.com/elements/autos_usados/360x240/237418/237418_9089746.webp,Audi,Audi A3 Sportback 2019,2019,"US$19,900","59,986 km",Automática,Gasolina
https://neoauto.com/auto/seminuevo/toyota-rav4-2025-1866887,https://cdn.neoauto.com/elements/autos_usados/360x240/650434/650434_4427969.webp,Toyota,Toyota Rav4 2025,2025,"US$45,000",99 km,Automática,Híbrido
https://neoauto.com/auto/seminuevo/lamborghini-urus-2021-1865237,https://cdn.neoauto.com/elements/autos_usados/360x240/118694/118694_8718413.webp,Lamborghini,Lamborghini Urus 2021,2021,"US$290,000","28,525 km",Automática - Secuencial,Gasolina
https://neoauto.com/auto/seminuevo/mazda-2-2023-1869176,https://cdn.neoauto.com/elements/autos_usados/360x240/650434/650434_3307386.webp,Mazda,Mazda 2 2023,2023,"US$15,000","85,637 km",Automática,Gasolina
https://neoauto.com/auto/seminuevo/audi-a3-sportback-2024-1869110,https://cdn.neoauto.com/elements/autos_usados/360x240/237418/237418_2671943.webp,Audi,Audi A3 Sportback 2024,2024,"US$28,900","14,114 km",Automática,Gasolina
https://neoauto.com/auto/seminuevo/chery-tiggo-8-2022-1865921,https://cdn.neoauto.com/elements/autos_usados/360x240/257099/257099_7054135.webp,Chery,Chery Tiggo 8 2022,2022,"US$18,900","49,500 km",Automática,Gasolina
https://neoauto.com/auto/seminuevo/porsche-cayenne-s-2011-1869191,https://cdn.neoauto.com/elements/autos_usados/360x240/114188/114188_8266444.webp,Porsche,Porsche Cayenne S 2011,2011,"US$21,900","118,000 km",Automática,Gasolina
https://neoauto.com/auto/seminuevo/mercedes-benz-gle-400-4matic-2017-1866135,https://cdn.neoauto.com/elements/autos_usados/360x240/257099/257099_6212869.webp,Mercedes-Benz,Mercedes-Benz Gle 400 4matic 2017,2017,"US$30,900","74,158 km",Automática,Gasolina
https://neoauto.com/auto/seminuevo/land-rover-range-rover-sport-2017-1866824,https://cdn.neoauto.com/elements/autos_usados/360x240/659946/659946_8339051.webp,Land Rover,Land Rover Range Rover Sport 2017,2017,"US$67,990","51,300 km",Automática - Secuencial,Gasolina
https://neoauto.com/auto/seminuevo/bmw-318i-2016-1860538,https://cdn.neoauto.com/elements/autos_usados/360x240/113873/113873_3851796.webp,BMW,Bmw 318i 2016,2016,"US$17,900","51,380 km",Automática - Secuencial,Gasolina
https://neoauto.com/auto/seminuevo/jeep-grand-cherokee-limited-2019-1868115,https://cdn.neoauto.com/elements/autos_usados/360x240/237418/237418_8473648.webp,Jeep,Jeep Grand Cherokee Limited 2019,2019,"US$32,900","51,333 km",Automática,Gasolina
https://neoauto.com/auto/seminuevo/mercedes-benz-a45-amg-2022-1868128,https://cdn.neoauto.com/elements/autos_usados/360x240/747531/747531_2435348.webp,Mercedes-Benz,Mercedes-Benz A45 Amg 2022,2022,"US$69,900","12,500 km",Automática - Secuencial,Gasolina
https://neoauto.com/auto/seminuevo/volkswagen-taos-2022-1868806,https://cdn.neoauto.com/elements/autos_usados/360x240/257099/257099_8567824.webp,Volkswagen,Volkswagen Taos 2022,2022,"US$22,900","35,500 km",Automática,Gasolina
https://neoauto.com/auto/seminuevo/audi-q2-2019-1868478,https://cdn.neoauto.com/elements/autos_usados/360x240/470963/470963_9508359.webp,Audi,Audi Q2 2019,2019,"US$20,990","51,800 km",Automática,Gasolina
https://neoauto.com/auto/seminuevo/toyota-corolla-cross-2023-1861758,https://cdn.neoauto.com/elements/autos_usados/360x240/113873/113873_3291257.webp,Toyota,Toyota Corolla Cross 2023,2023,"US$28,900","48,084 km",Automática,Gasolina-Híbrido
https://neoauto.com/auto/seminuevo/volkswagen-taos-2022-1866853,https://cdn.neoauto.com/elements/autos_usados/360x240/113873/113873_4318365.webp,Volkswagen,Volkswagen Taos 2022,2022,"US$26,900","37,851 km",Automática - Secuencial,Gasolina
https://neoauto.com/auto/seminuevo/bmw-318i-2017-1843537,https://cdn.neoauto.com/elements/autos_usados/360x240/237418/237418_3176485.webp,BMW,Bmw 318i 2017,2017,"US$17,900","86,559 km",Automática,Gasolina
https://neoauto.com/auto/seminuevo/subaru-impreza-2014-1850866,https://cdn.neoauto.com/elements/autos_usados/360x240/237418/237418_9136699.webp,Subaru,Subaru Impreza 2014,2014,"US$12,500","100,795 km",Automática,Gasolina
https://neoauto.com/auto/seminuevo/peugeot-landtrek-2026-1868263,https://cdn.neoauto.com/elements/autos_usados/360x240/752061/752061_6673454.webp,Peugeot,Peugeot Landtrek 2026,2026,"US$32,490","1,900 km",Mecánica,Diesel
https://neoauto.com/auto/seminuevo/hyundai-tucson-2022-1868001,https://cdn.neoauto.com/elements/autos_usados/360x240/490916/490916_9674997.webp,Hyundai,Hyundai Tucson 2022,2022,"US$24,900","53,300 km",Automática,Gasolina
https://neoauto.com/auto/seminuevo/chery-tiggo-2016-1867696,https://cdn.neoauto.com/elements/autos_usados/360x240/337014/337014_7086791.webp,Chery,Chery Tiggo 2016,2016,"US$9,990","56,000 km",Mecánica,Gasolina
https://neoauto.com/auto/seminuevo/hyundai-tucson-2026-1868303,https://cdn.neoauto.com/elements/autos_usados/360x240/337014/337014_8848541.webp,Hyundai,Hyundai Tucson 2026,2026,"US$32,990","2,244 km",Automática,Gasolina
https://neoauto.com/auto/seminuevo/bmw-ix-2023-1864974,https://cdn.neoauto.com/elements/autos_usados/360x240/208604/208604_4284767.webp,BMW,Bmw Ix 2023,2023,"US$106,991","7,107 km",Automática,Eléctrico
https://neoauto.com/auto/seminuevo/bmw-x1-2022-1867659,https://cdn.neoauto.com/elements/autos_usados/360x240/237418/237418_8116227.webp,BMW,Bmw X1 2022,2022,"US$32,900","14,393 km",Automática,Gasolina
https://neoauto.com/auto/seminuevo/volkswagen-touareg-2023-1859062,https://cdn.neoauto.com/elements/autos_usados/360x240/113873/113873_2610048.webp,Volkswagen,Volkswagen Touareg 2023,2023,"US$65,000","18,432 km",Automática - Secuencial,Gasolina
https://neoauto.com/auto/seminuevo/mg-rx5-2024-1869134,https://cdn.neoauto.com/elements/autos_usados/360x240/237418/237418_9996554.webp,MG,Mg Rx5 2024,2024,"US$18,900","18,092 km",Automática,Gasolina
https://neoauto.com/auto/seminuevo/audi-a3-sportback-2024-1864244,https://cdn.neoauto.com/elements/autos_usados/360x240/659946/659946_2635277.webp,Audi,Audi A3 Sportback 2024,2024,"US$28,990","12,300 km",Automática - Secuencial,Gasolina
https://neoauto.com/auto/seminuevo/hyundai-kona-2025-1867592,https://cdn.neoauto.com/elements/autos_usados/360x240/337014/337014_2274818.webp,Hyundai,Hyundai Kona 2025,2025,"US$25,990",27 km,Automática,Gasolina
https://neoauto.com/auto/seminuevo/jeep-grand-cherokee-2024-1865219,https://cdn.neoauto.com/elements/autos_usados/360x240/747531/747531_9668424.webp,Jeep,Jeep Grand Cherokee 2024,2024,"US$68,500","1,500 km",Automática - Secuencial,Gasolina
https://neoauto.com/auto/seminuevo/jaguar-f-type-2020-1867882,https://cdn.neoauto.com/elements/autos_usados/360x240/659946/659946_5697532.webp,Jaguar,Jaguar F Type 2020,2020,"US$46,900","26,200 km",Automática - Secuencial,Gasolina
https://neoauto.com/auto/seminuevo/honda-wr-v-2024-1867044,https://cdn.neoauto.com/elements/autos_usados/360x240/114188/114188_9259717.webp,Honda,Honda Wr-V 2024,2024,"US$19,900","16,966 km",Automática,Gasolina
https://neoauto.com/auto/seminuevo/audi-q3-2021-1867742,https://cdn.neoauto.com/elements/autos_usados/360x240/671842/671842_8633627.webp,Audi,Audi Q3 2021,2021,"US$36,900","15,000 km",Automática - Secuencial,Gasolina
https://neoauto.com/auto/seminuevo/mercedes-benz-gle-53-amg-2021-1868325,https://cdn.neoauto.com/elements/autos_usados/360x240/659946/659946_9032243.webp,Mercedes-Benz,Mercedes Benz Gle 53 Amg 2021,2021,"US$83,990","45,850 km",Automática - Secuencial,Gasolina-Híbrido
https://neoauto.com/auto/seminuevo/jeep-cherokee-2017-1868962,https://cdn.neoauto.com/elements/autos_usados/360x240/470963/470963_2407069.webp,Jeep,Jeep Cherokee 2017,2017,"US$16,990","68,500 km",Automática,Gasolina
https://neoauto.com/auto/seminuevo/bmw-x1-20i-2018-1754304,https://cdn.neoauto.com/elements/autos_usados/360x240/113873/113873_3066332.webp,BMW,Bmw X1 20i 2018,2018,"US$24,900","69,723 km",Automática - Secuencial,Gasolina
https://neoauto.com/auto/seminuevo/audi-a1-2022-1855353,https://cdn.neoauto.com/elements/autos_usados/360x240/237418/237418_9434767.webp,Audi,Audi A1 2022,2022,"US$25,900","69,693 km",Automática,Gasolina
https://neoauto.com/auto/seminuevo/volvo-xc-40-2019-1762217,https://cdn.neoauto.com/elements/autos_usados/360x240/237418/237418_1155770.webp,Volvo,Volvo Xc-40 2019,2019,"US$27,990","55,738 km",Automática,Gasolina
https://neoauto.com/auto/seminuevo/toyota-land-cruiser-prado-2023-1859748,https://cdn.neoauto.com/elements/autos_usados/360x240/692838/692838_2880077.webp,Toyota,Toyota Land Cruiser Prado 2023,2023,"US$55,500","100,547 km",Automática,Gasolina
https://neoauto.com/auto/seminuevo/audi-q3-2018-1868331,https://cdn.neoauto.com/elements/autos_usados/360x240/659946/659946_2523115.webp,Audi,Audi Q3 2018,2018,"US$18,500","71,000 km",Automática - Secuencial,Gasolina
https://neoauto.com/auto/seminuevo/ford-explorer-2019-1866055,https://cdn.neoauto.com/elements/autos_usados/360x240/113873/113873_9884006.webp,Ford,Ford Explorer 2019,2019,"US$33,900","82,295 km",Automática - Secuencial,Gasolina
https://neoauto.com/auto/seminuevo/audi-q7-2025-1866386,https://cdn.neoauto.com/elements/autos_usados/360x240/118694/118694_1633515.webp,Audi,Audi Q7 2025,2025,"US$82,900","13,636 km",Automática - Secuencial,Gasolina-Híbrido
https://neoauto.com/auto/seminuevo/audi-a3-sedan-2019-1867656,https://cdn.neoauto.com/elements/autos_usados/360x240/237418/237418_6214720.webp,Audi,Audi A3 Sedan 2019,2019,"US$22,500","40,962 km",Automática,Gasolina
https://neoauto.com/auto/seminuevo/audi-a4-2021-1867509,https://cdn.neoauto.com/elements/autos_usados/360x240/671842/671842_8607667.webp,Audi,Audi A4 2021,2021,"US$28,900","51,000 km",Automática - Secuencial,Gasolina
https://neoauto.com/auto/seminuevo/mercedes-benz-glc-300-coupe-kit-amg-2025-1868967,https://cdn.neoauto.com/elements/autos_usados/360x240/746429/746429_9074584.webp,Mercedes-Benz,Mercedes-Benz Glc 300 Coupe Kit Amg 2025,2025,"US$75,990","7,700 km",Automática,Gasolina-Híbrido
https://neoauto.com/auto/seminuevo/mercedes-benz-c-200-2023-1868964,https://cdn.neoauto.com/elements/autos_usados/360x240/470963/470963_2981931.webp,Mercedes-Benz,Mercedes-Benz C-200 2023,2023,"US$39,490","18,000 km",Automática,Gasolina-Híbrido
https://neoauto.com/auto/seminuevo/dodge-ram-2025-1867673,https://cdn.neoauto.com/elements/autos_usados/360x240/237418/237418_1290211.webp,Dodge,Dodge Ram 2025,2025,"US$36,900","15,450 km",Automática,Gasolina
https://neoauto.com/auto/seminuevo/mercedes-benz-cls-350-2023-1844127,https://cdn.neoauto.com/elements/autos_usados/360x240/113873/113873_7140609.webp,Mercedes-Benz,Mercedes Benz Cls-350 2023,2023,"US$69,900","12,838 km",Automática - Secuencial,Gasolina-Híbrido
https://neoauto.com/auto/seminuevo/chevrolet-onix-2023-1869026,https://cdn.neoauto.com/elements/autos_usados/360x240/650434/650434_8961757.webp,Chevrolet,Chevrolet Onix 2023,2023,"US$11,990","31,267 km",Mecánica,Gasolina
https://neoauto.com/auto/seminuevo/land-rover-range-rover-sport-2013-1708108,https://cdn.neoauto.com/elements/autos_usados/360x240/463366/463366_3942105.webp,Land Rover,Land Rover Range Rover Sport 2013,2013,"US$23,000","108,000 km",Automática - Secuencial,Gasolina
https://neoauto.com/auto/seminuevo/jeep-renegade-2024-1865037,https://cdn.neoauto.com/elements/autos_usados/360x240/237418/237418_3826981.webp,Jeep,Jeep Renegade 2024,2024,"US$21,000","41,473 km",Automática,Gasolina
https://neoauto.com/auto/seminuevo/citroen-c5-aircross-2022-1867051,https://cdn.neoauto.com/elements/autos_usados/360x240/358152/358152_9653218.webp,Citroen,Citroen C5 Aircross 2022,2022,"US$22,500","18,815 km",Automática,Gasolina
https://neoauto.com/auto/seminuevo/hyundai-santa-fe-2025-1868712,https://cdn.neoauto.com/elements/autos_usados/360x240/337014/337014_8540630.webp,Hyundai,Hyundai Santa Fe 2025,2025,"US$47,990","4,221 km",Automática,Gasolina-Híbrido
https://neoauto.com/auto/seminuevo/audi-a3-hb-2020-1867835,https://cdn.neoauto.com/elements/autos_usados/360x240/358152/358152_1692245.webp,Audi,Audi A3 Hb 2020,2020,"US$19,500","57,557 km",Automática,Gasolina
https://neoauto.com/auto/seminuevo/mercedes-benz-c63-amg-2018-1862647,https://cdn.neoauto.com/elements/autos_usados/360x240/463366/463366_2889572.webp,Mercedes-Benz,Mercedes-Benz C63-Amg 2018,2018,"US$59,900","34,000 km",Automática - Secuencial,Gasolina
https://neoauto.com/auto/seminuevo/kia-cerato-2023-1864910,https://cdn.neoauto.com/elements/autos_usados/360x240/114188/114188_4004210.webp,Kia,Kia Cerato 2023,2023,"US$18,900","56,705 km",Mecánica,Gasolina
https://neoauto.com/auto/seminuevo/volvo-xc-90-2019-1868540,https://cdn.neoauto.com/elements/autos_usados/360x240/113873/113873_5657913.webp,Volvo,Volvo Xc-90 2019,2019,"US$38,900","86,895 km",Automática - Secuencial,Gasolina
https://neoauto.com/auto/seminuevo/toyota-corolla-cross-2024-1867557,https://cdn.neoauto.com/elements/autos_usados/360x240/337014/337014_2900662.webp,Toyota,Toyota Corolla Cross 2024,2024,"US$26,490","48,955 km",Automática - Secuencial,Híbrido
https://neoauto.com/auto/seminuevo/nissan-x-trail-2023-1869365,https://cdn.neoauto.com/elements/autos_usados/360x240/114188/114188_5025047.webp,Nissan,Nissan X-Trail 2023,2023,"US$25,900","25,000 km",Automática,Gasolina
https://neoauto.com/auto/seminuevo/suzuki-grand-vitara-2019-1868003,https://cdn.neoauto.com/elements/autos_usados/360x240/708742/708742_9070485.webp,Suzuki,Suzuki Grand Vitara 2019,2019,"US$12,500","90,210 km",Automática,Gasolina
https://neoauto.com/auto/seminuevo/audi-a4-2014-1867654,https://cdn.neoauto.com/elements/autos_usados/360x240/237418/237418_2424595.webp,Audi,Audi A4 2014,2014,"US$10,900","179,635 km",Automática,Gasolina
https://neoauto.com/auto/seminuevo/bmw-x3-35i-2012-1764889,https://cdn.neoauto.com/elements/autos_usados/360x240/113873/113873_9186666.webp,BMW,Bmw X3 35i 2012,2012,"US$18,900","103,216 km",Automática - Secuencial,Gasolina
https://neoauto.com/auto/seminuevo/bmw-m8-2022-1854277,https://cdn.neoauto.com/elements/autos_usados/360x240/747531/747531_7032389.webp,BMW,Bmw M8 2022,2022,"US$130,000","11,448 km",Automática - Secuencial,Gasolina
https://neoauto.com/auto/seminuevo/subaru-impreza-2018-1866733,https://cdn.neoauto.com/elements/autos_usados/360x240/470963/470963_8706286.webp,Subaru,Subaru Impreza 2018,2018,"US$14,990","28,500 km",Automática,Gasolina
https://neoauto.com/auto/seminuevo/volkswagen-jetta-2022-1824039,https://cdn.neoauto.com/elements/autos_usados/360x240/237418/237418_7610149.webp,Volkswagen,Volkswagen Jetta 2022,2022,"US$21,000","45,203 km",Automática,Gasolina
https://neoauto.com/auto/seminuevo/mercedes-benz-glc-250-4matic-2019-1865773,https://cdn.neoauto.com/elements/autos_usados/360x240/113873/113873_5101771.webp,Mercedes-Benz,Mercedes Benz Glc 250 4matic 2019,2019,"US$32,900","69,990 km",Automática - Secuencial,Gasolina
https://neoauto.com/auto/seminuevo/land-rover-range-roger-velar-2023-1865647,https://cdn.neoauto.com/elements/autos_usados/360x240/113873/113873_1740514.webp,Land Rover,Land Rover Range Rover Velar 2023,2023,"US$69,900","25,802 km",Automática - Secuencial,Gasolina
https://neoauto.com/auto/seminuevo/bmw-x5-40i-2026-1866380,https://cdn.neoauto.com/elements/autos_usados/360x240/659946/659946_5939991.webp,BMW,Bmw X5 40i 2026,2026,"US$81,990",961 km,Automática - Secuencial,Gasolina
https://neoauto.com/auto/seminuevo/land-rover-range-rover-2013-1862408,https://cdn.neoauto.com/elements/autos_usados/360x240/114188/114188_1613652.webp,Land Rover,Land Rover Range Rover 2013,2013,"US$19,900","67,239 km",Automática,Gasolina
https://neoauto.com/auto/seminuevo/mercedes-benz-cle-300-coupe-2024-1866433,https://cdn.neoauto.com/elements/autos_usados/360x240/470963/470963_3413921.webp,Mercedes-Benz,Mercedes Benz Cle 300 Coupe 2024,2024,"US$66,990","15,500 km",Automática,Gasolina-Híbrido
https://neoauto.com/auto/seminuevo/mitsubishi-outlander-2012-1869111,https://cdn.neoauto.com/elements/autos_usados/360x240/237418/237418_9974602.webp,Mitsubishi,Mitsubishi Outlander 2012,2012,"US$12,900","113,567 km",Automática,Gasolina
https://neoauto.com/auto/seminuevo/honda-pilot-2019-1865421,https://cdn.neoauto.com/elements/autos_usados/360x240/237418/237418_7659646.webp,Honda,Honda Pilot 2019,2019,"US$26,900","119,786 km",Automática,Gasolina
https://neoauto.com/auto/seminuevo/hyundai-staria-2023-1867354,https://cdn.neoauto.com/elements/autos_usados/360x240/337014/337014_1689955.webp,Hyundai,Hyundai Staria 2023,2023,"US$25,990",33 km,Mecánica,Diesel
https://neoauto.com/auto/seminuevo/volkswagen-touareg-2023-1862401,https://cdn.neoauto.com/elements/autos_usados/360x240/114188/114188_1461216.webp,Volkswagen,Volkswagen Touareg 2023,2023,"US$51,900","35,000 km",Automática - Secuencial,Gasolina
https://neoauto.com/auto/seminuevo/mercedes-benz-ml-350-2013-1855516,https://cdn.neoauto.com/elements/autos_usados/360x240/237418/237418_2069861.webp,Mercedes-Benz,Mercedes Benz Ml 350 2013,2013,"US$23,900","78,702 km",Automática,Gasolina
https://neoauto.com/auto/seminuevo/cupra-cupra-leon-2025-1861253,https://cdn.neoauto.com/elements/autos_usados/360x240/237418/237418_9154712.webp,Cupra,Cupra Leon 2025,2025,"US$30,900","10,874 km",Automática,Gasolina
https://neoauto.com/auto/seminuevo/peugeot-208-2023-1824178,https://cdn.neoauto.com/elements/autos_usados/360x240/237418/237418_1397053.webp,Peugeot,Peugeot 208 2023,2023,"US$18,490","6,187 km",Automática,Gasolina
https://neoauto.com/auto/seminuevo/toyota-yaris-cross-2025-1869084,https://cdn.neoauto.com/elements/autos_usados/360x240/650434/650434_4335519.webp,Toyota,Toyota Yaris Cross 2025,2025,"US$27,500",285 km,Automática - Secuencial,Gasolina
https://neoauto.com/auto/seminuevo/mitsubishi-l200-2022-1868437,https://cdn.neoauto.com/elements/autos_usados/360x240/114188/114188_4217336.webp,Mitsubishi,Mitsubishi L200 2022,2022,"US$19,500","74,800 km",Mecánica,Diesel
https://neoauto.com/auto/seminuevo/maserati-levante-trofeo-2019-1867652,https://cdn.neoauto.com/elements/autos_usados/360x240/114188/114188_2807368.webp,Maserati,Maserati Levante Trofeo 2019,2019,"US$85,900","8,000 km",Automática - Secuencial,Gasolina
https://neoauto.com/auto/seminuevo/bmw-120i-2017-1865398,https://cdn.neoauto.com/elements/autos_usados/360x240/237418/237418_9741805.webp,BMW,Bmw 120i 2017,2017,"US$19,900","30,433 km",Automática,Gasolina
https://neoauto.com/auto/seminuevo/chevrolet-corvette-2025-1861135,https://cdn.neoauto.com/elements/autos_usados/360x240/747531/747531_5934692.webp,Chevrolet,Chevrolet Corvette 2025,2025,"US$145,000","1,600 km",Automática - Secuencial,Gasolina
https://neoauto.com/auto/seminuevo/seat-arona-2025-1867651,https://cdn.neoauto.com/elements/autos_usados/360x240/114188/114188_6267278.webp,Seat,Seat Arona 2025,2025,"US$19,900",,Automática,Gasolina
https://neoauto.com/auto/seminuevo/audi-q5-2018-1867650,https://cdn.neoauto.com/elements/autos_usados/360x240/237418/237418_5626909.webp,Audi,Audi Q5 2018,2018,"US$24,900","97,386 km",Automática,Gasolina
https://neoauto.com/auto/seminuevo/audi-q5-2019-1836876,https://cdn.neoauto.com/elements/autos_usados/360x240/113873/113873_5289078.webp,Audi,Audi Q5 2019,2019,"US$34,900","55,900 km",Automática - Secuencial,Gasolina
https://neoauto.com/auto/seminuevo/toyota-hilux-2021-1869459,https://cdn.neoauto.com/elements/autos_usados/360x240/692838/692838_6571472.webp,Toyota,Toyota Hilux 2021,2021,"US$36,000","62,121 km",Mecánica,DIESEL
https://neoauto.com/auto/seminuevo/bmw-318i-2017-1865794,https://cdn.neoauto.com/elements/autos_usados/360x240/113873/113873_7409132.webp,BMW,Bmw 318i 2017,2017,"US$16,900","85,417 km",Automática - Secuencial,Gasolina
https://neoauto.com/auto/seminuevo/hyundai-santa-fe-2025-1868354,https://cdn.neoauto.com/elements/autos_usados/360x240/337014/337014_1523629.webp,Hyundai,Hyundai Santa Fe 2025,2025,"US$46,990","4,214 km",Automática,Gasolina-Híbrido
https://neoauto.com/auto/seminuevo/ford-explorer-2015-1858827,https://cdn.neoauto.com/elements/autos_usados/360x240/113873/113873_2090714.webp,Ford,Ford Explorer 2015,2015,"US$23,500","69,513 km",Automática - Secuencial,Gasolina
https://neoauto.com/auto/seminuevo/kia-niro-2024-1858591,https://cdn.neoauto.com/elements/autos_usados/360x240/752061/752061_2087797.webp,Kia,Kia Niro 2024,2024,"US$30,990","26,000 km",Automática,Eléctrico
https://neoauto.com/auto/seminuevo/mercedes-benz-slk350-2012-1868451,https://cdn.neoauto.com/elements/autos_usados/360x240/237418/237418_6199818.webp,Mercedes-Benz,Mercedes Benz Slk350 2012,2012,"US$40,000","21,082 km",Automática,Gasolina
https://neoauto.com/auto/seminuevo/chevrolet-captiva-2021-1866877,https://cdn.neoauto.com/elements/autos_usados/360x240/714661/714661_7607823.webp,Chevrolet,Chevrolet Captiva 2021,2021,"US$17,900","29,000 km",Automática,Gasolina
https://neoauto.com/auto/seminuevo/bmw-320i-2014-1869135,https://cdn.neoauto.com/elements/autos_usados/360x240/237418/237418_8773436.webp,BMW,Bmw 320i 2014,2014,"US$15,500","91,886 km",Automática,Gasolina
https://neoauto.com/auto/seminuevo/mazda-cx-60-2023-1868926,https://cdn.neoauto.com/elements/autos_usados/360x240/358152/358152_9087264.webp,Mazda,Mazda Cx-60 2023,2023,"US$34,500","29,599 km",Automática,Gasolina
https://neoauto.com/auto/seminuevo/renault-arkana-2025-1864152,https://cdn.neoauto.com/elements/autos_usados/360x240/750093/750093_7321936.webp,Renault,Renault Arkana 2025,2025,"US$25,000","8,969 km",Automática,Gasolina
https://neoauto.com/auto/seminuevo/porsche-taycan-2025-1854271,https://cdn.neoauto.com/elements/autos_usados/360x240/747531/747531_8049540.webp,Porsche,Porsche Taycan 2025,2025,"US$199,900","2,000 km",Automática - Secuencial,Eléctrico
https://neoauto.com/auto/seminuevo/citroen-jumper-2021-1844469,https://cdn.neoauto.com/elements/autos_usados/360x240/242077/242077_6453997.webp,Citroen,Citroen Jumper 2021,2021,"US$26,000","137,211 km",Mecánica,Diesel
https://neoauto.com/auto/seminuevo/ram-1500-2021-1868798,https://cdn.neoauto.com/elements/autos_usados/360x240/736283/736283_7143235.webp,RAM,Ram 1500 2021,2021,"US$42,300","66,460 km",Automática,Gasolina
https://neoauto.com/auto/seminuevo/bmw-330e-2024-1868684,https://cdn.neoauto.com/elements/autos_usados/360x240/208604/208604_4657855.webp,BMW,Bmw 330e 2024,2024,"US$51,991","4,474 km",Automática,Híbrido
https://neoauto.com/auto/seminuevo/mini-countryman-jcw-2026-1868282,https://cdn.neoauto.com/elements/autos_usados/360x240/208604/208604_6023417.webp,Mini,Mini Countryman Jcw 2026,2026,"US$57,991",923 km,Automática,Gasolina
https://neoauto.com/auto/seminuevo/mitsubishi-eclipse-cross-2023-1866347,https://cdn.neoauto.com/elements/autos_usados/360x240/237418/237418_5935437.webp,Mitsubishi,Mitsubishi Eclipse Cross 2023,2023,"US$20,500","22,400 km",Automática,Gasolina
https://neoauto.com/auto/seminuevo/bmw-520-i-2023-1858913,https://cdn.neoauto.com/elements/autos_usados/360x240/208604/208604_6100994.webp,BMW,Bmw 520-I 2023,2023,"US$52,991","24,937 km",Automática,Gasolina
https://neoauto.com/auto/seminuevo/hyundai-i20-active-2020-1866336,https://cdn.neoauto.com/elements/autos_usados/360x240/237418/237418_5749984.webp,Hyundai,Hyundai I20 Active 2020,2020,"US$13,900","96,040 km",Automática,Gasolina
https://neoauto.com/auto/seminuevo/mini-countryman-cooper-2024-1850417,https://cdn.neoauto.com/elements/autos_usados/360x240/208604/208604_8863014.webp,Mini,Mini Countryman Cooper 2024,2024,"US$42,991","15,359 km",Automática,Híbrido
https://neoauto.com/auto/seminuevo/bmw-118i-2019-1866351,https://cdn.neoauto.com/elements/autos_usados/360x240/237418/237418_9572297.webp,BMW,Bmw 118i 2019,2019,"US$17,500","67,814 km",Automática,Gasolina
https://neoauto.com/auto/seminuevo/jeep-commander-2024-1867702,https://cdn.neoauto.com/elements/autos_usados/360x240/237418/237418_4177120.webp,Jeep,Jeep Commander 2024,2024,"US$35,900","29,999 km",Automática,Gasolina
https://neoauto.com/auto/seminuevo/subaru-impreza-sport-2025-1853523,https://cdn.neoauto.com/elements/autos_usados/360x240/358152/358152_8084251.webp,Subaru,Subaru Impreza Sport 2025,2025,"US$26,000","8,070 km",Automática,Gasolina
https://neoauto.com/auto/seminuevo/nissan-qashqai-2020-1867019,https://cdn.neoauto.com/elements/autos_usados/360x240/358152/358152_5581542.webp,Nissan,Nissan Qashqai 2020,2020,"US$18,500","71,459 km",Automática,Gasolina
https://neoauto.com/auto/seminuevo/bmw-330e-2024-1836461,https://cdn.neoauto.com/elements/autos_usados/360x240/208604/208604_1918283.webp,BMW,Bmw 330e 2024,2024,"US$45,991","12,420 km",Automática,Híbrido
https://neoauto.com/auto/seminuevo/honda-hr-v-2022-1867007,https://cdn.neoauto.com/elements/autos_usados/360x240/358152/358152_9052767.webp,Honda,Honda Hr-V 2022,2022,"US$19,500","68,224 km",Automática,Gasolina
https://neoauto.com/auto/seminuevo/kia-niro-2024-1861912,https://cdn.neoauto.com/elements/autos_usados/360x240/752061/752061_3115632.webp,Kia,Kia Niro 2024,2024,"US$30,990","16,000 km",Automática,Eléctrico
https://neoauto.com/auto/seminuevo/peugeot-3008-2020-1843406,https://cdn.neoauto.com/elements/autos_usados/360x240/752061/752061_1009267.webp,Peugeot,Peugeot 3008 2020,2020,"US$21,490","72,000 km",Automática - Secuencial,Gasolina
https://neoauto.com/auto/seminuevo/subaru-impreza-2019-1867359,https://cdn.neoauto.com/elements/autos_usados/360x240/750093/750093_8262098.webp,Subaru,Subaru Impreza 2019,2019,"US$16,300","90,650 km",Automática,Gasolina
https://neoauto.com/auto/seminuevo/jac-js6-2024-1867061,https://cdn.neoauto.com/elements/autos_usados/360x240/750093/750093_1732387.webp,JAC,Jac Js6 2024,2024,"US$23,000","12,557 km",Automática,Gasolina
https://neoauto.com/auto/seminuevo/mg-one-2024-1864397,https://cdn.neoauto.com/elements/autos_usados/360x240/752061/752061_1590490.webp,MG,Mg One 2024,2024,"US$21,990","7,690 km",Automática - Secuencial,Gasolina
https://neoauto.com/auto/seminuevo/honda-pilot-2024-1868351,https://cdn.neoauto.com/elements/autos_usados/360x240/358152/358152_5471069.webp,Honda,Honda Pilot 2024,2024,"US$49,000","53,700 km",Automática,Gasolina
https://neoauto.com/auto/seminuevo/renault-kardian-2025-1864148,https://cdn.neoauto.com/elements/autos_usados/360x240/750093/750093_7002968.webp,Renault,Renault Kardian 2025,2025,"US$17,500","3,394 km",Mecánica,Gasolina
https://neoauto.com/auto/seminuevo/bmw-x1-25e-2024-1864350,https://cdn.neoauto.com/elements/autos_usados/360x240/208604/208604_6711789.webp,BMW,Bmw X1 25e 2024,2024,"US$52,991","14,313 km",Automática,Híbrido
https://neoauto.com/auto/seminuevo/bmw-330e-2024-1860495,https://cdn.neoauto.com/elements/autos_usados/360x240/208604/208604_6913495.webp,BMW,Bmw 330e 2024,2024,"US$51,991","10,382 km",Automática,Híbrido
https://neoauto.com/auto/seminuevo/subaru-forester-2021-1866518,https://cdn.neoauto.com/elements/autos_usados/360x240/237418/237418_7244346.webp,Subaru,Subaru Forester 2021,2021,"US$27,900","44,610 km",Automática,Gasolina
https://neoauto.com/auto/seminuevo/bmw-x5-40i-2023-1863924,https://cdn.neoauto.com/elements/autos_usados/360x240/208604/208604_5235094.webp,BMW,Bmw X5 40i 2023,2023,"US$70,991","16,330 km",Automática,Gasolina
https://neoauto.com/auto/seminuevo/peugeot-partner-2025-1866905,https://cdn.neoauto.com/elements/autos_usados/360x240/752061/752061_2372550.webp,Peugeot,Peugeot Partner 2025,2025,"US$18,290",20 km,Mecánica,DIESEL
https://neoauto.com/auto/seminuevo/renault-captur-2018-1866809,https://cdn.neoauto.com/elements/autos_usados/360x240/237418/237418_8497233.webp,Renault,Renault Captur 2018,2018,"US$14,900","63,130 km",Automática,Gasolina
https://neoauto.com/auto/seminuevo/mini-hatch-3dr-2023-1849713,https://cdn.neoauto.com/elements/autos_usados/360x240/208604/208604_6002489.webp,Mini,Mini Hatch 3dr 2023,2023,"US$29,991","18,084 km",Automática,Eléctrico
https://neoauto.com/auto/seminuevo/dfsk-d1-2024-1868360,https://cdn.neoauto.com/elements/autos_usados/360x240/734431/734431_2095089.webp,DFSK,Dfsk D1 2024,2024,"US$16,000","6,160 km",Mecánica,Diesel
https://neoauto.com/auto/seminuevo/bmw-530e-2023-1854738,https://cdn.neoauto.com/elements/autos_usados/360x240/208604/208604_2187894.webp,BMW,Bmw 530e 2023,2023,"US$55,991","12,858 km",Automática,Híbrido
https://neoauto.com/auto/seminuevo/hyundai-veloster-2013-1868120,https://cdn.neoauto.com/elements/autos_usados/360x240/237418/237418_6455079.webp,Hyundai,Hyundai Veloster 2013,2013,"US$13,900","89,678 km",Automática,Gasolina
https://neoauto.com/auto/seminuevo/porsche-panamera-turbo-2018-1847988,https://cdn.neoauto.com/elements/autos_usados/360x240/747531/747531_3598532.webp,Porsche,Porsche Panamera Turbo 2018,2018,"US$105,000","32,500 km",Automática - Secuencial,Gasolina
https://neoauto.com/auto/seminuevo/nissan-kicks-2022-1868677,https://cdn.neoauto.com/elements/autos_usados/360x240/752061/752061_7544986.webp,Nissan,Nissan Kicks 2022,2022,"US$19,990","40,700 km",Automática,Gasolina
https://neoauto.com/auto/seminuevo/chevrolet-onix-2021-1867839,https://cdn.neoauto.com/elements/autos_usados/360x240/358152/358152_8160916.webp,Chevrolet,Chevrolet Onix 2021,2021,"US$12,000","60,953 km",Automática,Gasolina
https://neoauto.com/auto/seminuevo/honda-wr-v-2024-1865851,https://cdn.neoauto.com/elements/autos_usados/360x240/752061/752061_1593784.webp,Honda,Honda Wr-V 2024,2024,"US$19,990","16,000 km",Automática,Gasolina
https://neoauto.com/auto/seminuevo/ford-escape-2019-1855061,https://cdn.neoauto.com/elements/autos_usados/360x240/358152/358152_2637732.webp,Ford,Ford Escape 2019,2019,"US$16,000","52,000 km",Automática,Gasolina
https://neoauto.com/auto/seminuevo/jeep-gladiator-2024-1868499,https://cdn.neoauto.com/elements/autos_usados/360x240/208604/208604_4003507.webp,Jeep,Jeep Gladiator 2024,2024,"US$79,991",32 km,Automática,Gasolina
https://neoauto.com/auto/seminuevo/peugeot-508-2013-1867029,https://cdn.neoauto.com/elements/autos_usados/360x240/358152/358152_5001776.webp,Peugeot,Peugeot 508 2013,2013,"US$8,500","113,929 km",Automática,Gasolina
https://neoauto.com/auto/seminuevo/jac-js2-2025-1868493,https://cdn.neoauto.com/elements/autos_usados/360x240/750093/750093_8768830.webp,JAC,Jac Js2 2025,2025,"US$13,000",710 km,Automática,Gasolina
https://neoauto.com/auto/seminuevo/mercedes-benz-amg-gle43-4matic-2019-1844565,https://cdn.neoauto.com/elements/autos_usados/360x240/757187/757187_3558559.webp,Mercedes-Benz,Mercedes Benz Amg Gle 43 4matic 2019,2019,"US$50,000","89,093 km",Automática,Gasolina
https://neoauto.com/auto/seminuevo/audi-q3-sportback-2023-1866870,https://cdn.neoauto.com/elements/autos_usados/360x240/714661/714661_3351280.webp,Audi,Audi Q3 Sportback 2023,2023,"US$38,900","31,800 km",Automática - Secuencial,Gasolina
https://neoauto.com/auto/seminuevo/ford-ranger-2023-1861404,https://cdn.neoauto.com/elements/autos_usados/360x240/242077/242077_2767391.webp,Ford,Ford Ranger 2023,2023,"US$25,300","86,813 km",Mecánica,Diesel
https://neoauto.com/auto/seminuevo/mercedes-benz-glc-200-2020-1867499,https://cdn.neoauto.com/elements/autos_usados/360x240/757187/757187_1011453.webp,Mercedes-Benz,Mercedes Benz Glc 200 2020,2020,"US$33,000","84,065 km",Automática,Gasolina
https://neoauto.com/auto/seminuevo/bmw-x3-30e-2024-1857142,https://cdn.neoauto.com/elements/autos_usados/360x240/208604/208604_1717294.webp,BMW,Bmw X3 30e 2024,2024,"US$59,991","18,515 km",Automática,Híbrido
https://neoauto.com/auto/seminuevo/bmw-x5-40i-2023-1858400,https://cdn.neoauto.com/elements/autos_usados/360x240/208604/208604_6087149.webp,BMW,Bmw X5 40i 2023,2023,"US$70,991","21,447 km",Automática,Gasolina
https://neoauto.com/auto/seminuevo/mini-hatch-3dr-2024-1864467,https://cdn.neoauto.com/elements/autos_usados/360x240/208604/208604_3041091.webp,Mini,Mini Hatch 3dr 2024,2024,"US$32,991","13,762 km",Automática,Eléctrico
https://neoauto.com/auto/seminuevo/hyundai-ioniq-2021-1867167,https://cdn.neoauto.com/elements/autos_usados/360x240/242077/242077_4338348.webp,Hyundai,Hyundai Ioniq 2021,2021,"US$18,500","56,497 km",Automática,Eléctrico
https://neoauto.com/auto/seminuevo/bmw-x6-2020-1865390,https://cdn.neoauto.com/elements/autos_usados/360x240/237418/237418_8320442.webp,BMW,Bmw X6 2020,2020,"US$68,500","37,467 km",Automática,Gasolina
https://neoauto.com/auto/seminuevo/nissan-versa-2023-1861402,https://cdn.neoauto.com/elements/autos_usados/360x240/242077/242077_8780839.webp,Nissan,Nissan Versa 2023,2023,"US$13,000","99,801 km",Mecánica,Gasolina
https://neoauto.com/auto/seminuevo/mazda-cx-60-2024-1867407,https://cdn.neoauto.com/elements/autos_usados/360x240/750093/750093_5531686.webp,Mazda,Mazda Cx-60 2024,2024,"US$44,500",744 km,Automática,Gasolina-Híbrido
https://neoauto.com/auto/seminuevo/audi-rs6-avant-2024-1853369,https://cdn.neoauto.com/elements/autos_usados/360x240/747531/747531_7997946.webp,Audi,Audi Rs6 Avant 2024,2024,"US$195,000","7,000 km",Automática - Secuencial,Gasolina
https://neoauto.com/auto/seminuevo/jaguar-f-type-2019-1856123,https://cdn.neoauto.com/elements/autos_usados/360x240/237418/237418_2847917.webp,Jaguar,Jaguar F Type 2019,2019,"US$49,900","47,260 km",Automática,Gasolina
https://neoauto.com/auto/seminuevo/volkswagen-jetta-2018-1868104,https://cdn.neoauto.com/elements/autos_usados/360x240/237418/237418_4895979.webp,Volkswagen,Volkswagen Jetta 2018,2018,"US$12,900","90,017 km",Automática,Gasolina
https://neoauto.com/auto/seminuevo/suzuki-grand-nomade-2012-1868436,https://cdn.neoauto.com/elements/autos_usados/360x240/237418/237418_5731956.webp,Suzuki,Suzuki Grand Nomade 2012,2012,"US$13,900","32,226 km",Automática,Gasolina
https://neoauto.com/auto/seminuevo/mini-hatch-3dr-2024-1850667,https://cdn.neoauto.com/elements/autos_usados/360x240/208604/208604_9208015.webp,Mini,Mini Hatch 3dr 2024,2024,"US$32,991","3,431 km",Automática,Eléctrico
https://neoauto.com/auto/seminuevo/chery-tigoo-8-pro-2023-1868227,https://cdn.neoauto.com/elements/autos_usados/360x240/752061/752061_6519736.webp,Chery,Chery Tigoo 8 Pro 2023,2023,"US$23,490","10,500 km",Automática - Secuencial,Gasolina
https://neoauto.com/auto/seminuevo/mini-countryman-jcw-2024-1868305,https://cdn.neoauto.com/elements/autos_usados/360x240/208604/208604_3084429.webp,Mini,Mini Countryman Jcw 2024,2024,"US$48,991","12,332 km",Automática,Gasolina
https://neoauto.com/auto/seminuevo/jac-js4-2023-1867697,https://cdn.neoauto.com/elements/autos_usados/360x240/750093/750093_5951894.webp,JAC,Jac Js4 2023,2023,"US$15,500","1,751 km",Automática,Dual
https://neoauto.com/auto/seminuevo/bmw-x3-20i-2024-1852216,https://cdn.neoauto.com/elements/autos_usados/360x240/208604/208604_1790629.webp,BMW,Bmw X3 20i 2024,2024,"US$51,991","22,227 km",Automática,Gasolina
https://neoauto.com/auto/seminuevo/jac-refine-2025-1869128,https://cdn.neoauto.com/elements/autos_usados/360x240/237418/237418_1062113.webp,JAC,Jac Refine 2025,2025,"US$16,500","82,831 km",Mecánica,Gasolina
https://neoauto.com/auto/seminuevo/bmw-m2-coupe-2024-1863799,https://cdn.neoauto.com/elements/autos_usados/360x240/208604/208604_2869472.webp,BMW,Bmw M2 Coupe 2024,2024,"US$101,991",415 km,Mecánica,Gasolina
https://neoauto.com/auto/seminuevo/mazda-cx-5-2026-1866752,https://cdn.neoauto.com/elements/autos_usados/360x240/237418/237418_4502442.webp,Mazda,Mazda Cx-5 2026,2026,"US$29,900","9,029 km",Automática,Gasolina
https://neoauto.com/auto/seminuevo/bmw-330e-2024-1864277,https://cdn.neoauto.com/elements/autos_usados/360x240/208604/208604_7399765.webp,BMW,Bmw 330e 2024,2024,"US$51,991","2,498 km",Automática,Gasolina
https://neoauto.com/auto/seminuevo/bmw-430i-2025-1865756,https://cdn.neoauto.com/elements/autos_usados/360x240/208604/208604_6610465.webp,BMW,Bmw 430i 2025,2025,"US$62,991",279 km,Automática,Gasolina
https://neoauto.com/auto/seminuevo/kia-opirus-2005-1857240,https://cdn.neoauto.com/elements/autos_usados/360x240/708742/708742_5379843.webp,Kia,Kia Opirus 2005,2005,"US$5,800","41,210 km",Automática,Gasolina
https://neoauto.com/auto/seminuevo/mini-aceman-2025-1842710,https://cdn.neoauto.com/elements/autos_usados/360x240/208604/208604_4096670.webp,Mini,Mini Aceman 2025,2025,"US$43,991",259 km,Automática,Eléctrico
https://neoauto.com/auto/seminuevo/volvo-xc-90-2020-1866344,https://cdn.neoauto.com/elements/autos_usados/360x240/237418/237418_1190527.webp,Volvo,Volvo Xc-90 2020,2020,"US$39,900","79,865 km",Automática,Gasolina
https://neoauto.com/auto/seminuevo/mercedes-benz-amg-c-63-s-e-performance-2024-1864505,https://cdn.neoauto.com/elements/autos_usados/360x240/747531/747531_2849350.webp,Mercedes-Benz,Mercedes Benz Amg C 63 S E Performance 2024,2024,"US$135,000","4,000 km",Automática - Secuencial,Gasolina-Híbrido
https://neoauto.com/auto/seminuevo/chevrolet-traverse-2022-1868803,https://cdn.neoauto.com/elements/autos_usados/360x240/736283/736283_5599343.webp,Chevrolet,Chevrolet Traverse 2022,2022,"US$34,000","48,360 km",Automática,Gasolina
https://neoauto.com/auto/seminuevo/peugeot-3008-2024-1865517,https://cdn.neoauto.com/elements/autos_usados/360x240/752061/752061_2785863.webp,Peugeot,Peugeot 3008 2024,2024,"US$28,490","17,000 km",Automática - Secuencial,Gasolina
https://neoauto.com/auto/seminuevo/renault-kwid-2024-1867138,https://cdn.neoauto.com/elements/autos_usados/360x240/750093/750093_6966292.webp,Renault,Renault Kwid 2024,2024,"US$17,500",27 km,Automática,Eléctrico
https://neoauto.com/auto/seminuevo/peugeot-boxer-2020-1847994,https://cdn.neoauto.com/elements/autos_usados/360x240/242077/242077_6288915.webp,Peugeot,Peugeot Boxer 2020,2020,"US$21,900","116,096 km",Mecánica,DIESEL
https://neoauto.com/auto/seminuevo/mercedes-benz-glc-200-2021-1866759,https://cdn.neoauto.com/elements/autos_usados/360x240/237418/237418_1555601.webp,Mercedes-Benz,Mercedes Benz Glc 200 2021,2021,"US$32,900","71,665 km",Automática,Gasolina
https://neoauto.com/auto/seminuevo/peugeot-landtrek-2026-1867054,https://cdn.neoauto.com/elements/autos_usados/360x240/752061/752061_1188442.webp,Peugeot,Peugeot Landtrek 2026,2026,"US$32,490",250 km,Mecánica,Diesel
https://neoauto.com/auto/seminuevo/honda-cr-v-2020-1867130,https://cdn.neoauto.com/elements/autos_usados/360x240/358152/358152_6059340.webp,Honda,Honda Cr-V 2020,2020,"US$25,000","94,841 km",Automática,Gasolina
https://neoauto.com/auto/seminuevo/hyundai-ioniq-2022-1854797,https://cdn.neoauto.com/elements/autos_usados/360x240/242077/242077_9173791.webp,Hyundai,Hyundai Ioniq 2022,2022,"US$25,000","61,155 km",Automática,Eléctrico
https://neoauto.com/auto/seminuevo/bmw-i4-2023-1824704,https://cdn.neoauto.com/elements/autos_usados/360x240/208604/208604_7905924.webp,BMW,Bmw I4 2023,2023,"US$75,991","3,810 km",Automática,Eléctrico
https://neoauto.com/auto/seminuevo/hyundai-creta-2022-1868807,https://cdn.neoauto.com/elements/autos_usados/360x240/650434/650434_2783477.webp,Hyundai,Hyundai Creta 2022,2022,"US$18,600","86,743 km",Automática - Secuencial,Dual
https://neoauto.com/auto/seminuevo/hyundai-ioniq-2022-1853927,https://cdn.neoauto.com/elements/autos_usados/360x240/242077/242077_3470525.webp,Hyundai,Hyundai Ioniq 2022,2022,"US$25,000","73,730 km",Automática,Eléctrico
https://neoauto.com/auto/seminuevo/hyundai-ioniq-2022-1867041,https://cdn.neoauto.com/elements/autos_usados/360x240/242077/242077_2185532.webp,Hyundai,Hyundai Ioniq 2022,2022,"US$21,000","61,285 km",Automática,Eléctrico
https://neoauto.com/auto/seminuevo/mini-clubman-2023-1840914,https://cdn.neoauto.com/elements/autos_usados/360x240/208604/208604_4128938.webp,Mini,Mini Clubman 2023,2023,"US$35,991","13,649 km",Automática,Gasolina
https://neoauto.com/auto/seminuevo/toyota-hilux-2023-1867705,https://cdn.neoauto.com/elements/autos_usados/360x240/237418/237418_5192625.webp,Toyota,Toyota Hilux 2023,2023,"US$40,900","45,181 km",Mecánica,Diesel
https://neoauto.com/auto/seminuevo/bmw-z4-2022-1866337,https://cdn.neoauto.com/elements/autos_usados/360x240/237418/237418_1346424.webp,BMW,Bmw Z4 2022,2022,"US$72,900","16,685 km",Automática,Gasolina
https://neoauto.com/auto/seminuevo/ford-edge-titanium-2023-1859726,https://cdn.neoauto.com/elements/autos_usados/360x240/358152/358152_3667456.webp,Ford,Ford Edge Titanium 2023,2023,"US$29,500","30,566 km",Automática - Secuencial,Gasolina
https://neoauto.com/auto/seminuevo/honda-hr-v-2021-1867846,https://cdn.neoauto.com/elements/autos_usados/360x240/358152/358152_3590352.webp,Honda,Honda Hr-V 2021,2021,"US$21,500","56,409 km",Automática,Gasolina
https://neoauto.com/auto/seminuevo/haval-dargo-2023-1867114,https://cdn.neoauto.com/elements/autos_usados/360x240/257099/257099_3213484.webp,Haval,Haval Dargo 2023,2023,"US$19,900","32,215 km",Automática,Gasolina
https://neoauto.com/auto/seminuevo/bmw-520-i-2023-1849698,https://cdn.neoauto.com/elements/autos_usados/360x240/208604/208604_7834600.webp,BMW,Bmw 520-I 2023,2023,"US$52,991","15,672 km",Automática,Gasolina
https://neoauto.com/auto/seminuevo/audi-q5-2017-1861643,https://cdn.neoauto.com/elements/autos_usados/360x240/714661/714661_6018865.webp,Audi,Audi Q5 2017,2017,"US$20,900","91,500 km",Automática - Secuencial,Gasolina
https://neoauto.com/auto/seminuevo/chevrolet-montana-2024-1868799,https://cdn.neoauto.com/elements/autos_usados/360x240/736283/736283_6917252.webp,Chevrolet,Chevrolet Montana 2024,2024,"US$18,300","49,080 km",Automática,Gasolina
https://neoauto.com/auto/seminuevo/great-wall-wingle-7-2021-1868167,https://cdn.neoauto.com/elements/autos_usados/360x240/708742/708742_8766541.webp,Great Wall,Great Wall Wingle 7 2021,2021,"US$14,290","51,000 km",Mecánica,Diesel
https://neoauto.com/auto/seminuevo/bmw-530e-2023-1826846,https://cdn.neoauto.com/elements/autos_usados/360x240/208604/208604_3379063.webp,BMW,Bmw 530e 2023,2023,"US$55,991","10,740 km",Automática,Híbrido
https://neoauto.com/auto/seminuevo/peugeot-5008-2023-1869105,https://cdn.neoauto.com/elements/autos_usados/360x240/237418/237418_5761325.webp,Peugeot,Peugeot 5008 2023,2023,"US$30,900","5,019 km",Automática,Gasolina
https://neoauto.com/auto/seminuevo/bmw-x5-40i-2022-1855115,https://cdn.neoauto.com/elements/autos_usados/360x240/208604/208604_3772431.webp,BMW,Bmw X5 40i 2022,2022,"US$69,991","30,251 km",Automática,Gasolina
https://neoauto.com/auto/seminuevo/jeep-compass-2020-1866342,https://cdn.neoauto.com/elements/autos_usados/360x240/237418/237418_7126558.webp,Jeep,Jeep Compass 2020,2020,"US$19,500","54,642 km",Automática,Gasolina
https://neoauto.com/auto/seminuevo/hyundai-ioniq-5-2022-1864168,https://cdn.neoauto.com/elements/autos_usados/360x240/242077/242077_4287573.webp,Hyundai,Hyundai Ioniq 5 2022,2022,"US$21,000","56,378 km",Automática - Secuencial,Eléctrico
https://neoauto.com/auto/seminuevo/ford-ranger-limited-2020-1865042,https://cdn.neoauto.com/elements/autos_usados/360x240/237418/237418_9491977.webp,Ford,Ford Ranger Limited 2020,2020,"US$33,900","52,081 km",Automática,Diesel
https://neoauto.com/auto/seminuevo/mercedes-benz-c63-amg-s-2020-1868461,https://cdn.neoauto.com/elements/autos_usados/360x240/237418/237418_9159551.webp,Mercedes-Benz,Mercedes Benz C63 Amg S 2020,2020,"US$69,900","15,002 km",Automática,Gasolina
https://neoauto.com/auto/seminuevo/bmw-x5-40i-2022-1832546,https://cdn.neoauto.com/elements/autos_usados/360x240/208604/208604_1967046.webp,BMW,Bmw X5 40i 2022,2022,"US$69,991","46,302 km",Automática,Gasolina
https://neoauto.com/auto/seminuevo/volkswagen-gol-2017-1868891,https://cdn.neoauto.com/elements/autos_usados/360x240/754271/754271_1103553.webp,Volkswagen,Volkswagen Gol 2017,2017,"US$8,900","88,100 km",Automática - Secuencial,Gasolina
https://neoauto.com/auto/seminuevo/peugeot-boxer-2020-1847992,https://cdn.neoauto.com/elements/autos_usados/360x240/242077/242077_4211034.webp,Peugeot,Peugeot Boxer 2020,2020,"US$21,500","96,579 km",Mecánica,DIESEL
https://neoauto.com/auto/seminuevo/bmw-x6-2013-1868800,https://cdn.neoauto.com/elements/autos_usados/360x240/736283/736283_4152735.webp,BMW,Bmw X6 2013,2013,"US$19,800","106,253 km",Automática,Diesel
https://neoauto.com/auto/seminuevo/peugeot-2008-2014-1869428,https://cdn.neoauto.com/elements/autos_usados/360x240/750093/750093_1328999.webp,Peugeot,Peugeot 2008 2014,2008,"US$9,000","1,600 km",Automática,Gasolina
https://neoauto.com/auto/seminuevo/ssangyong-rexton-w-2018-1869429,https://cdn.neoauto.com/elements/autos_usados/360x240/750093/750093_5037153.webp,Ssangyong,Ssangyong Rexton W 2018,2018,"US$16,500","60,824 km",Automática,Gasolina
https://neoauto.com/auto/seminuevo/haval-h6-2024-1869427,https://cdn.neoauto.com/elements/autos_usados/360x240/750093/750093_7952296.webp,Haval,Haval H6 2024,2024,"US$24,000","13,567 km",Automática,Gasolina-Híbrido
https://neoauto.com/auto/usado/chevrolet-onix-joy-2023-1865336,https://cdn.neoauto.com/elements/autos_usados/360x240/762155/762155_9241563.webp,Chevrolet,Chevrolet Onix Joy 2023,2023,"US$9,300","102,000 km",Mecánica,Gasolina
https://neoauto.com/auto/usado/mercedes-benz-cla-180-coupe-2019-1867068,https://cdn.neoauto.com/elements/autos_usados/360x240/713411/713411_2070706.webp,Mercedes-Benz,Mercedes Benz Cla 180 Coupe 2019,2019,"US$20,900","49,000 km",Automática - Secuencial,Gasolina
https://neoauto.com/auto/usado/volkswagen-tiguan-2014-1867206,https://cdn.neoauto.com/elements/autos_usados/360x240/679803/679803_1715583.webp,Volkswagen,Volkswagen Tiguan 2014,2014,"US$13,400","86,000 km",Automática - Secuencial,Gasolina
https://neoauto.com/auto/usado/chevrolet-cruze-2012-1865467,https://cdn.neoauto.com/elements/autos_usados/360x240/102496/102496_8578846.webp,Chevrolet,Chevrolet Cruze 2012,2012,"US$7,099","98,000 km",Mecánica,GNV
https://neoauto.com/auto/usado/bmw-x1-20i-2017-1861199,https://cdn.neoauto.com/elements/autos_usados/360x240/224579/224579_1919930.webp,BMW,Bmw X1 20i 2017,2017,"US$21,500","57,500 km",Automática - Secuencial,Gasolina
https://neoauto.com/auto/usado/porsche-taycan-2021-1866430,https://cdn.neoauto.com/elements/autos_usados/360x240/757566/757566_2551707.webp,Porsche,Porsche Taycan 2021,2021,"US$115,000","39,000 km",Automática,Eléctrico
https://neoauto.com/auto/usado/mazda-cx-5-2026-1869042,https://cdn.neoauto.com/elements/autos_usados/360x240/777276/777276_9381475.webp,Mazda,Mazda Cx-5 2026,2026,"US$35,000","2,500 km",Automática - Secuencial,Gasolina
https://neoauto.com/auto/usado/subaru-crosstrek-2024-1866745,https://cdn.neoauto.com/elements/autos_usados/360x240/408560/408560_2671503.webp,Subaru,Subaru Crosstrek 2024,2024,"US$21,500","50,000 km",Automática - Secuencial,Gasolina
https://neoauto.com/auto/usado/bmw-m240i-2020-1769513,https://cdn.neoauto.com/elements/autos_usados/360x240/136196/136196_4684732.webp,BMW,Bmw M240i 2020,2020,"US$42,500","30,970 km",Automática,Gasolina
https://neoauto.com/auto/usado/mazda-bt-50-2022-1865991,https://cdn.neoauto.com/elements/autos_usados/360x240/672366/672366_9398741.webp,Mazda,Mazda Bt-50 2022,2022,"US$22,000","76,000 km",Mecánica,Diesel
https://neoauto.com/auto/usado/honda-cr-v-2018-1866854,https://cdn.neoauto.com/elements/autos_usados/360x240/314243/314243_6721158.webp,Honda,Honda Cr-V 2018,2018,"US$19,000","198,500 km",Automática,Gasolina
https://neoauto.com/auto/usado/citroen-c-elysee-2019-1832670,https://cdn.neoauto.com/elements/autos_usados/360x240/461450/461450_6600413.webp,Citroen,Citroen C-Elysée 2019,2019,"US$9,000","90,000 km",Mecánica,Gasolina
https://neoauto.com/auto/usado/haval-jolion-2023-1855478,https://cdn.neoauto.com/elements/autos_usados/360x240/694907/694907_9210976.webp,Haval,Haval Jolion 2023,2023,"US$18,600","26,000 km",Automática - Secuencial,GLP
https://neoauto.com/auto/usado/volvo-xc-60-2020-1864780,https://cdn.neoauto.com/elements/autos_usados/360x240/775670/775670_6150561.webp,Volvo,Volvo Xc-60 2020,2020,"US$29,800","74,000 km",Automática,Gasolina
https://neoauto.com/auto/usado/bmw-318i-2017-1716164,https://cdn.neoauto.com/elements/autos_usados/360x240/172937/172937_6194809.webp,BMW,Bmw 318i 2017,2017,"US$18,900","48,600 km",Automática - Secuencial,Gasolina
https://neoauto.com/auto/usado/mercedes-benz-c-200-2022-1867485,https://cdn.neoauto.com/elements/autos_usados/360x240/717376/717376_3793183.webp,Mercedes-Benz,Mercedes-Benz C-200 2022,2022,"US$38,700","16,600 km",Automática - Secuencial,Gasolina
https://neoauto.com/auto/usado/mazda-mx-5-rf-2019-1861228,https://cdn.neoauto.com/elements/autos_usados/360x240/765783/765783_2347849.webp,Mazda,Mazda Mx-5 Rf 2019,2019,"US$31,500","8,000 km",Automática,Gasolina
https://neoauto.com/auto/usado/toyota-corolla-hybrid-2021-1859390,https://cdn.neoauto.com/elements/autos_usados/360x240/669531/669531_4271216.webp,Toyota,Toyota Corolla Hybrid 2021,2021,"US$22,000","32,000 km",Automática - Secuencial,Gasolina-Híbrido
https://neoauto.com/auto/usado/bmw-535igt-2013-1862938,https://cdn.neoauto.com/elements/autos_usados/360x240/544468/544468_5036677.webp,BMW,Bmw 535igt 2013,2013,"US$15,000","95,000 km",Automática - Secuencial,Gasolina
https://neoauto.com/auto/usado/mercedes-benz-e-300-2011-1866841,https://cdn.neoauto.com/elements/autos_usados/360x240/776687/776687_2640190.webp,Mercedes-Benz,Mercedes Benz E-300 2011,2011,"US$15,200","143,000 km",Automática - Secuencial,Gasolina
https://neoauto.com/auto/usado/ford-f-150-raptor-2018-1867020,https://cdn.neoauto.com/elements/autos_usados/360x240/776772/776772_3858040.webp,Ford,Ford F-150 Raptor 2018,2018,"US$50,000","95,609 km",Automática - Secuencial,Gasolina
https://neoauto.com/auto/usado/bmw-x3-20i-2020-1866984,https://cdn.neoauto.com/elements/autos_usados/360x240/202000/202000_3709833.webp,BMW,Bmw X3 20i 2020,2020,"US$35,900","55,000 km",Automática - Secuencial,Gasolina
https://neoauto.com/auto/usado/subaru-xv-2022-1866222,https://cdn.neoauto.com/elements/autos_usados/360x240/50041/50041_4487383.webp,Subaru,Subaru Xv 2022,2022,"US$22,000","42,500 km",Automática - Secuencial,Gasolina
https://neoauto.com/auto/usado/bmw-xm-2023-1868048,https://cdn.neoauto.com/elements/autos_usados/360x240/682139/682139_2295934.webp,BMW,Bmw Xm 2023,2023,"US$185,000","8,300 km",Automática - Secuencial,Gasolina-Híbrido
https://neoauto.com/auto/usado/mercedes-benz-gle-450-4-matic-2023-1866468,https://cdn.neoauto.com/elements/autos_usados/360x240/754650/754650_6582517.webp,Mercedes-Benz,Mercedes Benz Gle 450 4 Matic 2023,2023,"US$79,900","15,800 km",Automática - Secuencial,Gasolina-Híbrido
https://neoauto.com/auto/usado/mitsubishi-montero-sport-2017-1857710,https://cdn.neoauto.com/elements/autos_usados/360x240/760191/760191_1806709.webp,Mitsubishi,Mitsubishi Montero Sport 2017,2017,"US$26,000","82,000 km",Automática - Secuencial,Gasolina
https://neoauto.com/auto/usado/mercedes-benz-c-200-2022-1868260,https://cdn.neoauto.com/elements/autos_usados/360x240/686959/686959_4382880.webp,Mercedes-Benz,Mercedes Benz C-200 2022,2022,"US$38,700","9,072 km",Automática,Gasolina-Híbrido
https://neoauto.com/auto/usado/volvo-xc-90-2018-1862740,https://cdn.neoauto.com/elements/autos_usados/360x240/763355/763355_1748511.webp,Volvo,Volvo Xc-90 2018,2018,"US$30,700","99,700 km",Automática - Secuencial,Gasolina
https://neoauto.com/auto/usado/land-rover-discovery-2017-1864344,https://cdn.neoauto.com/elements/autos_usados/360x240/710791/710791_5631485.webp,Land Rover,Land Rover Discovery 2017,2017,"US$23,500","145,000 km",Automática - Secuencial,Gasolina
https://neoauto.com/auto/usado/subaru-forester-2025-1867963,https://cdn.neoauto.com/elements/autos_usados/360x240/721263/721263_4414045.webp,Subaru,Subaru Forester 2025,2025,"US$30,000","6,000 km",Automática,Gasolina
https://neoauto.com/auto/usado/mercedes-benz-ml-63-amg-2013-1866746,https://cdn.neoauto.com/elements/autos_usados/360x240/389951/389951_4999550.webp,Mercedes-Benz,Mercedes Benz Ml 63 Amg 2013,2013,"US$29,500","81,000 km",Automática - Secuencial,Gasolina
https://neoauto.com/auto/usado/maserati-levante-s-granlusso-2019-1867498,https://cdn.neoauto.com/elements/autos_usados/360x240/201191/201191_8406217.webp,Maserati,Maserati Levante S Granlusso 2019,2019,"US$60,000","49,000 km",Automática,Gasolina
https://neoauto.com/auto/usado/bmw-x3-20i-2021-1858033,https://cdn.neoauto.com/elements/autos_usados/360x240/118522/118522_7394452.webp,BMW,Bmw X3 20i 2021,2021,"US$35,000","49,000 km",Automática - Secuencial,Gasolina
https://neoauto.com/auto/usado/mercedes-benz-glc-250-4matic-2019-1826605,https://cdn.neoauto.com/elements/autos_usados/360x240/689684/689684_8955482.webp,Mercedes-Benz,Mercedes-Benz Glc 250 4matic 2019,2019,"US$27,900",66 km,Automática - Secuencial,Gasolina
https://neoauto.com/auto/usado/audi-q5-2019-1869072,https://cdn.neoauto.com/elements/autos_usados/360x240/634974/634974_6119768.webp,Audi,Audi Q5 2019,2019,"US$36,000","35,000 km",Automática - Secuencial,Gasolina
https://neoauto.com/auto/usado/bmw-535-i-2012-1847566,https://cdn.neoauto.com/elements/autos_usados/360x240/478634/478634_2800094.webp,BMW,Bmw 535-I 2012,2012,"US$12,500","99,000 km",Automática,Gasolina
https://neoauto.com/auto/usado/toyota-rav4-2015-1869248,https://cdn.neoauto.com/elements/autos_usados/360x240/777755/777755_3084613.webp,Toyota,Toyota Rav4 2015,2015,"US$20,000","60,440 km",Mecánica,Gasolina
https://neoauto.com/auto/usado/bmw-120i-2019-1864377,https://cdn.neoauto.com/elements/autos_usados/360x240/138629/138629_9037021.webp,BMW,Bmw 120i 2019,2019,"US$25,500","41,000 km",Automática - Secuencial,Gasolina
https://neoauto.com/auto/usado/nissan-kicks-2024-1866525,https://cdn.neoauto.com/elements/autos_usados/360x240/776535/776535_8329787.webp,Nissan,Nissan Kicks 2024,2024,"US$23,000","32,201 km",Automática,Dual
https://neoauto.com/auto/usado/mg-zx-2024-1859023,https://cdn.neoauto.com/elements/autos_usados/360x240/772731/772731_4223525.webp,MG,Mg Zx 2024,2024,"US$14,000","59,000 km",Automática - Secuencial,Dual
https://neoauto.com/auto/usado/ford-explorer-2018-1867852,https://cdn.neoauto.com/elements/autos_usados/360x240/358467/358467_1966657.webp,Ford,Ford Explorer 2018,2018,"US$29,000","44,550 km",Automática,Gasolina
https://neoauto.com/auto/usado/mercedes-benz-glc-250-4matic-2018-1865531,https://cdn.neoauto.com/elements/autos_usados/360x240/361242/361242_6453446.webp,Mercedes-Benz,Mercedes Benz Glc 250 4matic 2018,2018,"US$24,900","65,453 km",Automática - Secuencial,Gasolina
https://neoauto.com/auto/usado/nissan-qashqai-2015-1863429,https://cdn.neoauto.com/elements/autos_usados/360x240/276038/276038_8184397.webp,Nissan,Nissan Qashqai 2015,2015,"US$15,500","83,000 km",Automática,Gasolina
https://neoauto.com/auto/usado/bmw-x5-30d-2014-1860026,https://cdn.neoauto.com/elements/autos_usados/360x240/238214/238214_4241231.webp,BMW,Bmw X5 30d 2014,2014,"US$19,800","161,000 km",Automática - Secuencial,Diesel
https://neoauto.com/auto/usado/dodge-durango-2015-1858732,https://cdn.neoauto.com/elements/autos_usados/360x240/254141/254141_4189692.webp,Dodge,Dodge Durango 2015,2015,"US$17,300","120,000 km",Automática - Secuencial,Gasolina
https://neoauto.com/auto/usado/bmw-m6-2005-1865275,https://cdn.neoauto.com/elements/autos_usados/360x240/765467/765467_8612161.webp,BMW,Bmw M6 2005,2005,"US$20,500","86,815 km",Automática,Gasolina
https://neoauto.com/auto/usado/chevrolet-onix-2019-1866670,https://cdn.neoauto.com/elements/autos_usados/360x240/767276/767276_6417951.webp,Chevrolet,Chevrolet Onix 2019,2019,"US$10,500","25,722 km",Mecánica,Gasolina
https://neoauto.com/auto/usado/chevrolet-captiva-2022-1868670,https://cdn.neoauto.com/elements/autos_usados/360x240/97164/97164_1273300.webp,Chevrolet,Chevrolet Captiva 2022,2022,"US$16,800","50,250 km",Automática,Gasolina
https://neoauto.com/auto/usado/volvo-xc-60-2024-1772769,https://cdn.neoauto.com/elements/autos_usados/360x240/700040/700040_1054464.webp,Volvo,Volvo Xc-60 2024,2024,"US$48,500","34,100 km",Automática - Secuencial,Gasolina-Híbrido
https://neoauto.com/auto/usado/bmw-420i-gran-coupe-2023-1868253,https://cdn.neoauto.com/elements/autos_usados/360x240/287257/287257_3692780.webp,BMW,Bmw 420i Gran Coupe 2023,2023,"US$42,990","29,100 km",Automática - Secuencial,Gasolina
https://neoauto.com/auto/usado/mitsubishi-xpander-2019-1868492,https://cdn.neoauto.com/elements/autos_usados/360x240/777069/777069_7657777.webp,Mitsubishi,Mitsubishi Xpander 2019,2019,"US$14,100","96,250 km",Mecánica,Gasolina
https://neoauto.com/auto/usado/hyundai-grand-i10-2016-1863640,https://cdn.neoauto.com/elements/autos_usados/360x240/775085/775085_1028733.webp,Hyundai,Hyundai Grand I10 2016,2016,"US$10,500","58,000 km",Automática,Gasolina
https://neoauto.com/auto/usado/nissan-kicks-2024-1868177,https://cdn.neoauto.com/elements/autos_usados/360x240/777256/777256_1816719.webp,Nissan,Nissan Kicks 2024,2024,"US$20,500","6,698 km",Automática,Gasolina
https://neoauto.com/auto/usado/bmw-118i-2020-1869316,https://cdn.neoauto.com/elements/autos_usados/360x240/754574/754574_3825409.webp,BMW,Bmw 118i 2020,2020,"US$21,600","35,000 km",Automática - Secuencial,Gasolina
https://neoauto.com/auto/usado/volkswagen-taos-2025-1867161,https://cdn.neoauto.com/elements/autos_usados/360x240/774024/774024_7913106.webp,Volkswagen,Volkswagen Taos 2025,2025,"US$27,500","6,300 km",Automática,Gasolina
https://neoauto.com/auto/usado/citroen-c-4-cactus-2025-1865163,https://cdn.neoauto.com/elements/autos_usados/360x240/302123/302123_1460887.webp,Citroen,Citroen C-4 Cactus 2025,2025,"US$16,750","1,100 km",Automática,Gasolina
https://neoauto.com/auto/usado/kia-seltos-2022-1866200,https://cdn.neoauto.com/elements/autos_usados/360x240/764295/764295_2287503.webp,Kia,Kia Seltos 2022,2022,"US$17,500","55,000 km",Automática,Gasolina
https://neoauto.com/auto/usado/bmw-x5-40i-2020-1866045,https://cdn.neoauto.com/elements/autos_usados/360x240/286909/286909_3018261.webp,BMW,Bmw X5 40i 2020,2020,"US$62,900","20,000 km",Automática - Secuencial,Gasolina
https://neoauto.com/auto/usado/chevrolet-tahoe-2021-1868988,https://cdn.neoauto.com/elements/autos_usados/360x240/347515/347515_8558194.webp,Chevrolet,Chevrolet Tahoe 2021,2021,"US$75,000","8,297 km",Automática - Secuencial,Gasolina
https://neoauto.com/auto/usado/peugeot-5008-2018-1865425,https://cdn.neoauto.com/elements/autos_usados/360x240/696096/696096_7956262.webp,Peugeot,Peugeot 5008 2018,2018,"US$19,900","65,000 km",Automática - Secuencial,Gasolina
https://neoauto.com/auto/usado/peugeot-partner-2018-1859897,https://cdn.neoauto.com/elements/autos_usados/360x240/215101/215101_9760199.webp,Peugeot,Peugeot Partner 2018,2018,"US$9,850","87,500 km",Mecánica,Diesel
https://neoauto.com/auto/usado/subaru-all-new-outback-2012-1699959,https://cdn.neoauto.com/elements/autos_usados/360x240/52881/52881_6891117.webp,Subaru,Subaru All New Outback 2012,2012,"US$13,000","121,000 km",Automática - Secuencial,Gasolina
https://neoauto.com/auto/usado/toyota-cross-2023-1868136,https://cdn.neoauto.com/elements/autos_usados/360x240/253512/253512_5019144.webp,Toyota,Toyota Cross 2023,2023,"US$21,900","14,400 km",Automática,Gasolina
https://neoauto.com/auto/usado/jeep-grand-cherokee-laredo-2019-1867859,https://cdn.neoauto.com/elements/autos_usados/360x240/358467/358467_9686468.webp,Jeep,Jeep Grand Cherokee Laredo 2019,2019,"US$31,500","22,610 km",Automática,Gasolina
https://neoauto.com/auto/usado/peugeot-3008-2018-1866128,https://cdn.neoauto.com/elements/autos_usados/360x240/241923/241923_5083318.webp,Peugeot,Peugeot 3008 2018,2018,"US$17,300","76,000 km",Automática,Gasolina
https://neoauto.com/auto/usado/mercedes-benz-ml-63-amg-2013-1866629,https://cdn.neoauto.com/elements/autos_usados/360x240/769620/769620_3947473.webp,Mercedes-Benz,Mercedes Benz Ml 63 Amg 2013,2013,"US$20,900","112,000 km",Automática - Secuencial,Gasolina
https://neoauto.com/auto/usado/bmw-x5-35i-2016-1854456,https://cdn.neoauto.com/elements/autos_usados/360x240/305807/305807_5081308.webp,BMW,Bmw X5 35i 2016,2016,"US$23,500","94,000 km",Automática,Gasolina
https://neoauto.com/auto/usado/subaru-outback-2020-1846562,https://cdn.neoauto.com/elements/autos_usados/360x240/669317/669317_8534336.webp,Subaru,Subaru Outback 2020,2020,"US$26,500","70,000 km",Automática - Secuencial,Gasolina
https://neoauto.com/auto/usado/audi-a5-sportback-2021-1866415,https://cdn.neoauto.com/elements/autos_usados/360x240/206277/206277_6542296.webp,Audi,Audi A5 Sportback 2021,2021,"US$35,900","25,200 km",Automática - Secuencial,Gasolina
https://neoauto.com/auto/usado/subaru-forester-2024-1861890,https://cdn.neoauto.com/elements/autos_usados/360x240/677190/677190_3552949.webp,Subaru,Subaru Forester 2024,2024,"US$38,500","11,800 km",Automática - Secuencial,Gasolina
https://neoauto.com/auto/usado/renault-fluence-2012-1862657,https://cdn.neoauto.com/elements/autos_usados/360x240/774169/774169_7324982.webp,Renault,Renault Fluence 2012,2012,"US$8,300","29,700 km",Mecánica,Gasolina
https://neoauto.com/auto/usado/porsche-cayenne-turbo-2019-1866290,https://cdn.neoauto.com/elements/autos_usados/360x240/526514/526514_5037844.webp,Porsche,Porsche Cayenne Turbo 2019,2019,"US$84,500","49,800 km",Automática - Secuencial,Gasolina
https://neoauto.com/auto/usado/mercedes-benz-gle-400-4matic-2018-1858736,https://cdn.neoauto.com/elements/autos_usados/360x240/772615/772615_1275179.webp,Mercedes-Benz,Mercedes Benz Gle 400 4matic 2018,2018,"US$42,000","40,000 km",Automática,Gasolina
https://neoauto.com/auto/usado/bmw-m2-coupe-2018-1865063,https://cdn.neoauto.com/elements/autos_usados/360x240/160575/160575_1819396.webp,BMW,Bmw M2 Coupe 2018,2018,"US$46,900","33,800 km",Automática - Secuencial,Gasolina
https://neoauto.com/auto/usado/mercedes-benz-cla-180-coupe-2019-1868885,https://cdn.neoauto.com/elements/autos_usados/360x240/643311/643311_7685618.webp,Mercedes-Benz,Mercedes-Benz Cla 180 Coupe 2019,2019,"US$19,990","40,500 km",Automática - Secuencial,Gasolina
https://neoauto.com/auto/usado/bmw-x3-30i-2018-1867780,https://cdn.neoauto.com/elements/autos_usados/360x240/755863/755863_6155854.webp,BMW,Bmw X3 30i 2018,2018,"US$36,000","60,400 km",Automática - Secuencial,Gasolina
https://neoauto.com/auto/usado/mazda-bt-50-2022-1865140,https://cdn.neoauto.com/elements/autos_usados/360x240/698181/698181_4784144.webp,Mazda,Mazda Bt-50 2022,2022,"US$23,500","107,766 km",Mecánica,Diesel
https://neoauto.com/auto/usado/land-rover-evoque-2015-1858201,https://cdn.neoauto.com/elements/autos_usados/360x240/772421/772421_2161280.webp,Land Rover,Land Rover Evoque 2015,2015,"US$22,500","64,000 km",Automática - Secuencial,Gasolina
https://neoauto.com/auto/usado/ford-explorer-2021-1859202,https://cdn.neoauto.com/elements/autos_usados/360x240/750096/750096_2579634.webp,Ford,Ford Explorer 2021,2021,"US$34,500","75,000 km",Automática,Gasolina
https://neoauto.com/auto/usado/jeep-compass-2014-1866192,https://cdn.neoauto.com/elements/autos_usados/360x240/668800/668800_3740393.webp,Jeep,Jeep Compass 2014,2014,"US$11,000","107,500 km",Automática - Secuencial,Gasolina
https://neoauto.com/auto/usado/jeep-compass-sport-2014-1864593,https://cdn.neoauto.com/elements/autos_usados/360x240/346298/346298_8109763.webp,Jeep,Jeep Compass Sport 2014,2014,"US$14,000","99,000 km",Automática - Secuencial,Gasolina
https://neoauto.com/auto/usado/subaru-outback-2019-1774308,https://cdn.neoauto.com/elements/autos_usados/360x240/715249/715249_1087111.webp,Subaru,Subaru Outback 2019,2019,"US$22,000","54,000 km",Automática - Secuencial,Gasolina
https://neoauto.com/auto/usado/volkswagen-jetta-2022-1867129,https://cdn.neoauto.com/elements/autos_usados/360x240/246305/246305_3053561.webp,Volkswagen,Volkswagen Jetta 2022,2022,"US$17,500","60,000 km",Automática - Secuencial,Gasolina
https://neoauto.com/auto/usado/jeep-compass-2023-1866676,https://cdn.neoauto.com/elements/autos_usados/360x240/215101/215101_8710035.webp,Jeep,Jeep Compass 2023,2023,"US$21,900","50,600 km",Automática - Secuencial,Gasolina
https://neoauto.com/auto/usado/audi-a3-sedan-2018-1860907,https://cdn.neoauto.com/elements/autos_usados/360x240/390005/390005_5769786.webp,Audi,Audi A3 Sedan 2018,2018,"US$18,600","55,000 km",Automática - Secuencial,Gasolina
https://neoauto.com/auto/usado/audi-q3-2018-1864731,https://cdn.neoauto.com/elements/autos_usados/360x240/693505/693505_8526742.webp,Audi,Audi Q3 2018,2018,"US$20,800","66,355 km",Automática,Gasolina
https://neoauto.com/auto/usado/bmw-x1-20i-2017-1869277,https://cdn.neoauto.com/elements/autos_usados/360x240/549567/549567_7826425.webp,BMW,Bmw X1 20i 2017,2017,"US$21,000","58,000 km",Automática - Secuencial,Gasolina
https://neoauto.com/auto/usado/dongfeng-yixuan-e2-2023-1862056,https://cdn.neoauto.com/elements/autos_usados/360x240/178697/178697_8655396.webp,Dongfeng,Dongfeng Yixuan E2 2023,2023,"US$12,250","21,000 km",Automática - Secuencial,Dual
https://neoauto.com/auto/usado/ford-f-150-2017-1812722,https://cdn.neoauto.com/elements/autos_usados/360x240/693535/693535_7546736.webp,Ford,Ford F-150 2017,2017,"US$31,500","85,000 km",Automática,Gasolina
https://neoauto.com/auto/usado/audi-a4-e-1-8t-multitronic-2009-1865775,https://cdn.neoauto.com/elements/autos_usados/360x240/274691/274691_2177350.webp,Audi,Audi A4 E 1.8t Multitronic 2009,2009,"US$9,800","151,500 km",Automática - Secuencial,Gasolina
https://neoauto.com/auto/usado/subaru-outback-2023-1865495,https://cdn.neoauto.com/elements/autos_usados/360x240/294446/294446_2940625.webp,Subaru,Subaru Outback 2023,2023,"US$39,000","17,400 km",Automática - Secuencial,Gasolina
https://neoauto.com/auto/usado/kia-sportage-2018-1867076,https://cdn.neoauto.com/elements/autos_usados/360x240/417340/417340_5353669.webp,Kia,Kia Sportage 2018,2018,"US$20,990","61,000 km",Automática - Secuencial,Gasolina
https://neoauto.com/auto/usado/maserati-levante-s-granlusso-2020-1867973,https://cdn.neoauto.com/elements/autos_usados/360x240/503391/503391_5767686.webp,Maserati,Maserati Levante S Granlusso 2020,2020,"US$67,000","36,000 km",Automática,Gasolina
https://neoauto.com/auto/usado/bmw-x3-20i-2018-1866537,https://cdn.neoauto.com/elements/autos_usados/360x240/252814/252814_4656602.webp,BMW,Bmw X3 20i 2018,2018,"US$24,900","78,000 km",Automática - Secuencial,Gasolina
https://neoauto.com/auto/usado/chevrolet-sonic-2013-1869302,https://cdn.neoauto.com/elements/autos_usados/360x240/695332/695332_2291882.webp,Chevrolet,Chevrolet Sonic 2013,2013,"US$7,200","120,000 km",Automática - Secuencial,Dual
https://neoauto.com/auto/usado/subaru-evoltis-2024-1861885,https://cdn.neoauto.com/elements/autos_usados/360x240/677190/677190_5466873.webp,Subaru,Subaru Evoltis 2024,2024,"US$47,500","10,700 km",Automática - Secuencial,Gasolina
https://neoauto.com/auto/usado/kia-soluto-2022-1867752,https://cdn.neoauto.com/elements/autos_usados/360x240/500925/500925_4587658.webp,Kia,Kia Soluto 2022,2022,"US$11,500","89,000 km",Mecánica,GNV
https://neoauto.com/auto/usado/suzuki-grand-nomade-2017-1867855,https://cdn.neoauto.com/elements/autos_usados/360x240/777106/777106_9564157.webp,Suzuki,Suzuki Grand Nomade 2017,2017,"US$11,500","82,000 km",Mecánica,Dual
https://neoauto.com/auto/usado/jeep-grand-cherokee-limited-2016-1864095,https://cdn.neoauto.com/elements/autos_usados/360x240/775332/775332_6379884.webp,Jeep,Jeep Grand Cherokee Limited 2016,2016,"US$26,990","115,000 km",Automática - Secuencial,Gasolina
https://neoauto.com/auto/usado/audi-a3-sedan-2019-1864253,https://cdn.neoauto.com/elements/autos_usados/360x240/770075/770075_9271399.webp,Audi,Audi A3 Sedan 2019,2019,"US$20,900","39,800 km",Automática - Secuencial,Gasolina
https://neoauto.com/auto/usado/volkswagen-tiguan-allspace-2018-1868306,https://cdn.neoauto.com/elements/autos_usados/360x240/266146/266146_8724264.webp,Volkswagen,Volkswagen Tiguan Allspace 2018,2018,"US$20,900","66,000 km",Automática,Gasolina
https://neoauto.com/auto/usado/land-rover-evoque-2019-1836844,https://cdn.neoauto.com/elements/autos_usados/360x240/761372/761372_4115872.webp,Land Rover,Land Rover Evoque 2019,2019,"US$22,500","96,500 km",Automática - Secuencial,Gasolina
https://neoauto.com/auto/usado/honda-pilot-2019-1865774,https://cdn.neoauto.com/elements/autos_usados/360x240/232619/232619_3510610.webp,Honda,Honda Pilot 2019,2019,"US$28,400","69,000 km",Automática,Gasolina
https://neoauto.com/auto/usado/jeep-compass-sport-2023-1865176,https://cdn.neoauto.com/elements/autos_usados/360x240/702930/702930_3679793.webp,Jeep,Jeep Compass Sport 2023,2023,"US$21,500","53,000 km",Automática - Secuencial,Gasolina
https://neoauto.com/auto/usado/nissan-tiida-2012-1816197,https://cdn.neoauto.com/elements/autos_usados/360x240/535358/535358_2341824.webp,Nissan,Nissan Tiida 2012,2012,"US$8,900","54,000 km",Mecánica,Gasolina
https://neoauto.com/auto/usado/bmw-x3-2019-1865758,https://cdn.neoauto.com/elements/autos_usados/360x240/776152/776152_3455989.webp,BMW,Bmw X3 2019,2019,"US$29,900","60,000 km",Automática - Secuencial,Gasolina
https://neoauto.com/auto/usado/audi-a4-2017-1851516,https://cdn.neoauto.com/elements/autos_usados/360x240/474147/474147_7682324.webp,Audi,Audi A4 2017,2017,"US$20,000","41,000 km",Automática - Secuencial,Gasolina
https://neoauto.com/auto/usado/jeep-cherokee-longitude-2017-1865515,https://cdn.neoauto.com/elements/autos_usados/360x240/389482/389482_3516499.webp,Jeep,Jeep Cherokee Longitude 2017,2017,"US$14,000","143,000 km",Automática,Gasolina
https://neoauto.com/auto/usado/nissan-vanette-1993-1736975,https://cdn.neoauto.com/elements/autos_usados/360x240/479375/479375_8024206.webp,Nissan,Nissan Vanette 1993,1993,"US$3,600","215,000 km",Mecánica,Dual
https://neoauto.com/auto/usado/ford-ecosport-2020-1868016,https://cdn.neoauto.com/elements/autos_usados/360x240/708532/708532_7415187.webp,Ford,Ford Ecosport 2020,2020,"US$13,500","66,500 km",Automática,Gasolina
https://neoauto.com/auto/usado/volkswagen-jetta-2020-1867636,https://cdn.neoauto.com/elements/autos_usados/360x240/777044/777044_4151412.webp,Volkswagen,Volkswagen Jetta 2020,2020,"US$16,000","31,500 km",Automática,Gasolina
https://neoauto.com/auto/usado/bmw-320i-2014-1821282,https://cdn.neoauto.com/elements/autos_usados/360x240/754295/754295_5365132.webp,BMW,Bmw 320i 2014,2014,"US$15,000","93,000 km",Automática,Gasolina
https://neoauto.com/auto/usado/honda-pilot-2011-1867321,https://cdn.neoauto.com/elements/autos_usados/360x240/769509/769509_8053004.webp,Honda,Honda Pilot 2011,2011,"US$13,500","124,000 km",Automática,Gasolina
https://neoauto.com/auto/usado/dodge-journey-2018-1808067,https://cdn.neoauto.com/elements/autos_usados/360x240/491189/491189_8899328.webp,Dodge,Dodge Journey 2018,2018,"US$15,500","72,500 km",Automática,Gasolina
https://neoauto.com/auto/usado/toyota-corolla-cross-2023-1856850,https://cdn.neoauto.com/elements/autos_usados/360x240/225642/225642_5819818.webp,Toyota,Toyota Corolla Cross 2023,2023,"US$19,499","64,500 km",Automática,Gasolina
https://neoauto.com/auto/usado/bmw-120i-2016-1868526,https://cdn.neoauto.com/elements/autos_usados/360x240/494649/494649_2490600.webp,BMW,Bmw 120i 2016,2016,"US$16,500","75,000 km",Automática,Gasolina
https://neoauto.com/auto/usado/lexus-is-200t-f-sport-2017-1868786,https://cdn.neoauto.com/elements/autos_usados/360x240/654364/654364_6970218.webp,Lexus,Lexus Is 200t F-Sport 2017,2017,"US$19,850","78,000 km",Automática - Secuencial,Gasolina
https://neoauto.com/auto/usado/toyota-hilux-2022-1868537,https://cdn.neoauto.com/elements/autos_usados/360x240/777433/777433_9312479.webp,Toyota,Toyota Hilux 2022,2022,"US$26,700","59,738 km",Mecánica,Diesel
https://neoauto.com/auto/usado/volkswagen-tiguan-allspace-2021-1867263,https://cdn.neoauto.com/elements/autos_usados/360x240/336586/336586_3865591.webp,Volkswagen,Volkswagen Tiguan Allspace 2021,2021,"US$28,500","5,100 km",Automática,Gasolina
https://neoauto.com/auto/usado/subaru-forester-2014-1681084,https://cdn.neoauto.com/elements/autos_usados/360x240/149073/149073_7753539.webp,Subaru,Subaru Forester 2014,2014,"US$17,300","90,000 km",Automática - Secuencial,Gasolina
https://neoauto.com/auto/usado/volvo-xc-90-2018-1865356,https://cdn.neoauto.com/elements/autos_usados/360x240/416908/416908_6343581.webp,Volvo,Volvo Xc-90 2018,2018,"US$30,000","82,000 km",Automática,Gasolina
https://neoauto.com/auto/usado/jeep-compass-sport-2023-1865898,https://cdn.neoauto.com/elements/autos_usados/360x240/767696/767696_2622616.webp,Jeep,Jeep Compass Sport 2023,2023,"US$22,990","17,900 km",Automática,Gasolina
https://neoauto.com/auto/usado/suzuki-apv-2014-1852807,https://cdn.neoauto.com/elements/autos_usados/360x240/520677/520677_8777950.webp,Suzuki,Suzuki Apv 2014,2014,"US$7,200","240,700 km",Mecánica,Gasolina
https://neoauto.com/auto/usado/audi-a3-sedan-2022-1868469,https://cdn.neoauto.com/elements/autos_usados/360x240/279746/279746_9188756.webp,Audi,Audi A3 Sedan 2022,2022,"US$28,800","38,000 km",Automática - Secuencial,Gasolina
https://neoauto.com/auto/usado/mercedes-benz-glc-200-advance-plus-2020-1868522,https://cdn.neoauto.com/elements/autos_usados/360x240/777425/777425_7060254.webp,Mercedes-Benz,Mercedes-Benz Glc 200 Advance Plus 2020,2020,"US$43,000","55,000 km",Automática,Gasolina
https://neoauto.com/auto/usado/maserati-levante-s-granlusso-2020-1867806,https://cdn.neoauto.com/elements/autos_usados/360x240/398321/398321_4122940.webp,Maserati,Maserati Levante S Granlusso 2020,2020,"US$74,900","8,000 km",Automática - Secuencial,Gasolina
https://neoauto.com/auto/usado/mercedes-benz-a200-2020-1845401,https://cdn.neoauto.com/elements/autos_usados/360x240/765890/765890_4124509.webp,Mercedes-Benz,Mercedes Benz A200 2020,2020,"US$22,900","47,000 km",Automática - Secuencial,Gasolina
https://neoauto.com/auto/usado/audi-a4-e-1-8t-multitronic-2013-1861811,https://cdn.neoauto.com/elements/autos_usados/360x240/267371/267371_5709141.webp,Audi,Audi A4 E 1.8t Multitronic 2013,2013,"US$12,500","77,500 km",Automática - Secuencial,Gasolina
https://neoauto.com/auto/usado/audi-q5-2016-1865108,https://cdn.neoauto.com/elements/autos_usados/360x240/696981/696981_7238079.webp,Audi,Audi Q5 2016,2016,"US$17,900","111,000 km",Automática - Secuencial,Gasolina
https://neoauto.com/auto/usado/mercedes-benz-glc-250-4matic-2016-1867370,https://cdn.neoauto.com/elements/autos_usados/360x240/434491/434491_9372561.webp,Mercedes-Benz,Mercedes Benz Glc 250 4matic 2016,2016,"US$28,000","80,000 km",Automática,Gasolina
https://neoauto.com/auto/usado/jeep-compass-sport-2021-1860944,https://cdn.neoauto.com/elements/autos_usados/360x240/656826/656826_8214434.webp,Jeep,Jeep Compass Sport 2021,2021,"US$24,000","34,000 km",Automática - Secuencial,Gasolina
https://neoauto.com/auto/usado/audi-q5-2012-1858825,https://cdn.neoauto.com/elements/autos_usados/360x240/559227/559227_5874637.webp,Audi,Audi Q5 2012,2012,"US$13,500","110,000 km",Automática - Secuencial,Gasolina
https://neoauto.com/auto/usado/jeep-grand-cherokee-laredo-2017-1865373,https://cdn.neoauto.com/elements/autos_usados/360x240/288654/288654_6328233.webp,Jeep,Jeep Grand Cherokee Laredo 2017,2017,"US$20,000","92,500 km",Automática - Secuencial,Gasolina
https://neoauto.com/auto/usado/jeep-grand-cherokee-limited-2011-1861215,https://cdn.neoauto.com/elements/autos_usados/360x240/413473/413473_5871397.webp,Jeep,Jeep Grand Cherokee Limited 2011,2011,"US$14,500","162,500 km",Automática - Secuencial,Dual
https://neoauto.com/auto/usado/jeep-grand-cherokee-limited-2021-1869122,https://cdn.neoauto.com/elements/autos_usados/360x240/777703/777703_7898450.webp,Jeep,Jeep Grand Cherokee Limited 2021,2021,"US$40,000","29,800 km",Automática - Secuencial,Gasolina
https://neoauto.com/auto/usado/jeep-grand-cherokee-laredo-2019-1842006,https://cdn.neoauto.com/elements/autos_usados/360x240/763796/763796_8247639.webp,Jeep,Jeep Grand Cherokee Laredo 2019,2019,"US$23,800","70,800 km",Automática - Secuencial,Gasolina
https://neoauto.com/auto/usado/ford-escape-2019-1851217,https://cdn.neoauto.com/elements/autos_usados/360x240/728647/728647_4239411.webp,Ford,Ford Escape 2019,2019,"US$15,500","45,720 km",Automática - Secuencial,Gasolina
https://neoauto.com/auto/usado/audi-a4-2017-1865818,https://cdn.neoauto.com/elements/autos_usados/360x240/625227/625227_5172880.webp,Audi,Audi A4 2017,2017,"US$20,500","47,199 km",Automática - Secuencial,Gasolina
https://neoauto.com/auto/usado/jeep-renegade-sport-2020-1869259,https://cdn.neoauto.com/elements/autos_usados/360x240/48322/48322_9846200.webp,Jeep,Jeep Renegade Sport 2020,2020,"US$16,900","45,500 km",Automática - Secuencial,Gasolina
https://neoauto.com/auto/usado/mazda-3-sport-2017-1867593,https://cdn.neoauto.com/elements/autos_usados/360x240/777019/777019_8714689.webp,Mazda,Mazda 3 Sport 2017,2017,"US$14,000","120,000 km",Automática - Secuencial,Gasolina
https://neoauto.com/auto/usado/audi-q5-2020-1866251,https://cdn.neoauto.com/elements/autos_usados/360x240/776274/776274_2548710.webp,Audi,Audi Q5 2020,2020,"US$35,000","65,000 km",Automática - Secuencial,Gasolina
https://neoauto.com/auto/usado/volkswagen-tiguan-2013-1868576,https://cdn.neoauto.com/elements/autos_usados/360x240/777458/777458_3178621.webp,Volkswagen,Volkswagen Tiguan 2013,2013,"US$12,000","95,000 km",Automática - Secuencial,Gasolina
https://neoauto.com/auto/usado/mercedes-benz-cla-180-2018-1828045,https://cdn.neoauto.com/elements/autos_usados/360x240/757352/757352_8719578.webp,Mercedes-Benz,Mercedes Benz Cla 180 2018,2018,"US$19,900","65,000 km",Automática,Diesel
https://neoauto.com/auto/usado/mg-3-2013-1864288,https://cdn.neoauto.com/elements/autos_usados/360x240/732465/732465_6930907.webp,MG,Mg 3 2013,2013,"US$8,000","93,000 km",Mecánica,Gasolina
https://neoauto.com/auto/usado/volkswagen-teramont-2022-1867951,https://cdn.neoauto.com/elements/autos_usados/360x240/666212/666212_5472852.webp,Volkswagen,Volkswagen Teramont 2022,2022,"US$35,500","74,482 km",Automática - Secuencial,Gasolina
https://neoauto.com/auto/usado/mercedes-benz-cla-200-2021-1866553,https://cdn.neoauto.com/elements/autos_usados/360x240/254991/254991_2715198.webp,Mercedes-Benz,Mercedes Benz Cla 200 2021,2021,"US$28,500","35,870 km",Automática - Secuencial,Gasolina
https://neoauto.com/auto/usado/hyundai-palisade-2022-1865337,https://cdn.neoauto.com/elements/autos_usados/360x240/774806/774806_1280587.webp,Hyundai,Hyundai Palisade 2022,2022,"US$39,900","36,000 km",Automática,Gasolina
https://neoauto.com/auto/usado/nissan-x-trail-2010-1864449,https://cdn.neoauto.com/elements/autos_usados/360x240/775517/775517_8252695.webp,Nissan,Nissan X-Trail 2010,2010,"US$10,500","110,000 km",Automática,Gasolina
https://neoauto.com/auto/usado/mitsubishi-montero-2015-1864222,https://cdn.neoauto.com/elements/autos_usados/360x240/436922/436922_6704435.webp,Mitsubishi,Mitsubishi Montero 2015,2015,"US$18,500","99,000 km",Automática - Secuencial,Gasolina
https://neoauto.com/auto/usado/bmw-x1-20i-2017-1864458,https://cdn.neoauto.com/elements/autos_usados/360x240/730622/730622_4983409.webp,BMW,Bmw X1 20i 2017,2017,"US$19,500","66,000 km",Automática - Secuencial,Gasolina
https://neoauto.com/auto/usado/volkswagen-crossfox-2020-1867960,https://cdn.neoauto.com/elements/autos_usados/360x240/777156/777156_4363773.webp,Volkswagen,Volkswagen Crossfox 2020,2020,"US$12,000","48,500 km",Mecánica,Dual
https://neoauto.com/auto/usado/chevrolet-cruze-2012-1868963,https://cdn.neoauto.com/elements/autos_usados/360x240/344262/344262_1592405.webp,Chevrolet,Chevrolet Cruze 2012,2012,"US$7,000","76,000 km",Automática,Gasolina
https://neoauto.com/auto/usado/porsche-cayenne-coupe-gts-2016-1866278,https://cdn.neoauto.com/elements/autos_usados/360x240/661932/661932_7574650.webp,Porsche,Porsche Cayenne Coupe Gts 2016,2016,"US$37,500","95,000 km",Automática - Secuencial,Gasolina
https://neoauto.com/auto/usado/mitsubishi-asx-2025-1868666,https://cdn.neoauto.com/elements/autos_usados/360x240/720180/720180_6519179.webp,Mitsubishi,Mitsubishi Asx 2025,2025,"US$20,000","31,600 km",Automática - Secuencial,Gasolina
https://neoauto.com/auto/usado/volkswagen-gol-sedan-2022-1861257,https://cdn.neoauto.com/elements/autos_usados/360x240/123907/123907_2086305.webp,Volkswagen,Volkswagen Gol Sedán 2022,2022,"US$8,000","160,000 km",Mecánica,GNV
https://neoauto.com/auto/usado/jeep-cherokee-longitude-2017-1860430,https://cdn.neoauto.com/elements/autos_usados/360x240/667288/667288_1725040.webp,Jeep,Jeep Cherokee Longitude 2017,2017,"US$16,900","53,000 km",Automática - Secuencial,Gasolina
https://neoauto.com/auto/usado/toyota-corolla-cross-2025-1861565,https://cdn.neoauto.com/elements/autos_usados/360x240/773963/773963_7980403.webp,Toyota,Toyota Corolla Cross 2025,2025,"US$24,500","26,000 km",Automática - Secuencial,Gasolina
https://neoauto.com/auto/usado/audi-s6-2017-1727496,https://cdn.neoauto.com/elements/autos_usados/360x240/456469/456469_5389192.webp,Audi,Audi S6 2017,2017,"US$38,700","50,000 km",Automática - Secuencial,Gasolina
https://neoauto.com/auto/usado/bmw-m235i-2017-1867147,https://cdn.neoauto.com/elements/autos_usados/360x240/776829/776829_6684140.webp,BMW,Bmw M235i 2017,2017,"US$26,500","46,000 km",Automática - Secuencial,Gasolina
https://neoauto.com/auto/usado/bmw-x7-40i-2023-1859582,https://cdn.neoauto.com/elements/autos_usados/360x240/271606/271606_4413440.webp,BMW,Bmw X7 40i 2023,2023,"US$89,900","17,700 km",Automática - Secuencial,Gasolina
https://neoauto.com/auto/usado/volkswagen-taos-2024-1868547,https://cdn.neoauto.com/elements/autos_usados/360x240/657923/657923_8839301.webp,Volkswagen,Volkswagen Taos 2024,2024,"US$25,000","6,500 km",Automática,Gasolina
https://neoauto.com/auto/usado/bmw-x5-m-2019-1869013,https://cdn.neoauto.com/elements/autos_usados/360x240/145142/145142_2196836.webp,BMW,Bmw X5 M 2019,2019,"US$67,800","53,500 km",Automática,Gasolina
https://neoauto.com/auto/usado/mercedes-benz-glc-200-2020-1863597,https://cdn.neoauto.com/elements/autos_usados/360x240/405478/405478_1669454.webp,Mercedes-Benz,Mercedes Benz Glc 200 2020,2020,"US$35,000","55,000 km",Automática,Gasolina
https://neoauto.com/auto/usado/kia-sportage-2024-1867548,https://cdn.neoauto.com/elements/autos_usados/360x240/777012/777012_2556595.webp,Kia,Kia Sportage 2024,2024,"US$27,000","30,000 km",Mecánica,Gasolina
https://neoauto.com/auto/usado/bmw-418i-2020-1868848,https://cdn.neoauto.com/elements/autos_usados/360x240/745130/745130_2024639.webp,BMW,Bmw 418i 2020,2020,"US$27,000","28,198 km",Automática,Gasolina
https://neoauto.com/auto/usado/audi-a3-hb-2011-1864388,https://cdn.neoauto.com/elements/autos_usados/360x240/775491/775491_1818896.webp,Audi,Audi A3 Hb 2011,2011,US$0,"128,000 km",Automática,Gasolina
https://neoauto.com/auto/usado/chevrolet-silverado-2023-1865788,https://cdn.neoauto.com/elements/autos_usados/360x240/427926/427926_3668014.webp,Chevrolet,Chevrolet Silverado 2023,2023,"US$52,500","43,000 km",Automática - Secuencial,Gas
https://neoauto.com/auto/usado/mercedes-benz-c-180-2022-1764384,https://cdn.neoauto.com/elements/autos_usados/360x240/688670/688670_6428058.webp,Mercedes-Benz,Mercedes Benz C-180 2022,2022,"US$38,200","7,800 km",Automática - Secuencial,Gasolina
https://neoauto.com/auto/usado/suzuki-new-vitara-2022-1869340,https://cdn.neoauto.com/elements/autos_usados/360x240/223636/223636_4033997.webp,Suzuki,Suzuki New Vitara 2022,2022,"US$15,700","69,000 km",Mecánica,Gasolina
https://neoauto.com/auto/usado/chevrolet-n400-2022-1867379,https://cdn.neoauto.com/elements/autos_usados/360x240/502383/502383_6580884.webp,Chevrolet,Chevrolet N400 2022,2022,"US$9,000","60,000 km",Mecánica,Dual
https://neoauto.com/auto/usado/dongfeng-t5-evo-2022-1850397,https://cdn.neoauto.com/elements/autos_usados/360x240/179731/179731_9498437.webp,Dongfeng,Dongfeng T5 Evo 2022,2022,"US$16,000","48,000 km",Automática - Secuencial,Gasolina
https://neoauto.com/auto/usado/chevrolet-captiva-2023-1869292,https://cdn.neoauto.com/elements/autos_usados/360x240/713300/713300_3143312.webp,Chevrolet,Chevrolet Captiva 2023,2023,"US$18,500","10,000 km",Automática - Secuencial,Gasolina
https://neoauto.com/auto/usado/nissan-qashqai-2024-1867873,https://cdn.neoauto.com/elements/autos_usados/360x240/734131/734131_2661094.webp,Nissan,Nissan Qashqai 2024,2024,"US$27,900","20,900 km",Automática,Gasolina
https://neoauto.com/auto/usado/bmw-x1-20i-2019-1867845,https://cdn.neoauto.com/elements/autos_usados/360x240/736546/736546_1836422.webp,BMW,Bmw X1 20i 2019,2019,"US$24,900","44,728 km",Automática,Gasolina
https://neoauto.com/auto/usado/ford-explorer-2018-1862030,https://cdn.neoauto.com/elements/autos_usados/360x240/208605/208605_4474032.webp,Ford,Ford Explorer 2018,2018,"US$26,500","87,100 km",Automática,Gasolina
https://neoauto.com/auto/usado/seat-ibiza-2013-1821860,https://cdn.neoauto.com/elements/autos_usados/360x240/754569/754569_7215785.webp,Seat,Seat Ibiza 2013,2013,"US$8,000","116,730 km",Mecánica,Gasolina
https://neoauto.com/auto/usado/seat-leon-cupra-2018-1867610,https://cdn.neoauto.com/elements/autos_usados/360x240/717800/717800_1775928.webp,Seat,Seat Leon Cupra 2018,2018,"US$21,000","72,000 km",Automática,Gasolina
https://neoauto.com/auto/usado/mazda-3-2015-1863317,https://cdn.neoauto.com/elements/autos_usados/360x240/709781/709781_5762244.webp,Mazda,Mazda 3 2015,2015,"US$14,900","66,000 km",Automática - Secuencial,Gasolina
https://neoauto.com/auto/usado/peugeot-2008-2020-1864825,https://cdn.neoauto.com/elements/autos_usados/360x240/114188/114188_1936996.webp,Peugeot,Peugeot 2008 2020,2008,"US$13,900","45,151 km",Automática - Secuencial,Gasolina
https://neoauto.com/auto/usado/volkswagen-jetta-2022-1869220,https://cdn.neoauto.com/elements/autos_usados/360x240/124182/124182_9836628.webp,Volkswagen,Volkswagen Jetta 2022,2022,"US$18,200","62,500 km",Automática - Secuencial,Gasolina
https://neoauto.com/auto/usado/bmw-x5-40i-2022-1867117,https://cdn.neoauto.com/elements/autos_usados/360x240/662195/662195_7038383.webp,BMW,Bmw X5 40i 2022,2022,"US$73,500","11,000 km",Automática - Secuencial,Gasolina
https://neoauto.com/auto/usado/mazda-3-2015-1865985,https://cdn.neoauto.com/elements/autos_usados/360x240/741961/741961_6540427.webp,Mazda,Mazda 3 2015,2015,"US$13,400","80,000 km",Mecánica,Dual
https://neoauto.com/auto/usado/ram-700-2023-1865702,https://cdn.neoauto.com/elements/autos_usados/360x240/427340/427340_9079132.webp,RAM,Ram 700 2023,2023,"US$15,900","29,000 km",Mecánica,GNV
https://neoauto.com/auto/usado/jeep-compass-2025-1867913,https://cdn.neoauto.com/elements/autos_usados/360x240/777132/777132_6419196.webp,Jeep,Jeep Compass 2025,2025,"US$34,000",26 km,Automática,Gasolina
https://neoauto.com/auto/usado/volkswagen-crossfox-2020-1863211,https://cdn.neoauto.com/elements/autos_usados/360x240/709781/709781_4773884.webp,Volkswagen,Volkswagen Crossfox 2020,2020,"US$12,900","48,000 km",Mecánica,Gasolina
https://neoauto.com/auto/usado/kia-rio-2013-1862738,https://cdn.neoauto.com/elements/autos_usados/360x240/725481/725481_9207444.webp,Kia,Kia Rio 2013,2013,"US$10,500","90,600 km",Automática,Gasolina
https://neoauto.com/auto/usado/nissan-versa-2025-1868569,https://cdn.neoauto.com/elements/autos_usados/360x240/124182/124182_9438837.webp,Nissan,Nissan Versa 2025,2025,"US$16,500","2,400 km",Automática - Secuencial,Gasolina
https://neoauto.com/auto/usado/mercedes-benz-cls-400-2016-1866888,https://cdn.neoauto.com/elements/autos_usados/360x240/114188/114188_8321787.webp,Mercedes-Benz,Mercedes Benz Cls 400 2016,2016,"US$29,900","67,649 km",Automática - Secuencial,Gasolina
https://neoauto.com/auto/usado/bmw-x6-40i-2020-1867595,https://cdn.neoauto.com/elements/autos_usados/360x240/708953/708953_5097715.webp,BMW,Bmw X6 40i 2020,2020,"US$58,800","106,000 km",Automática - Secuencial,Gasolina
https://neoauto.com/auto/usado/mazda-cx-3-2025-1868091,https://cdn.neoauto.com/elements/autos_usados/360x240/264046/264046_1524488.webp,Mazda,Mazda Cx-3 2025,2025,"US$23,900","2,645 km",Automática - Secuencial,Gasolina
https://neoauto.com/auto/usado/jeep-cherokee-2019-1863209,https://cdn.neoauto.com/elements/autos_usados/360x240/709781/709781_8643936.webp,Jeep,Jeep Cherokee 2019,2019,"US$19,900","66,500 km",Automática - Secuencial,Gasolina
https://neoauto.com/auto/usado/peugeot-partner-2019-1864234,https://cdn.neoauto.com/elements/autos_usados/360x240/714909/714909_3426975.webp,Peugeot,Peugeot Partner 2019,2019,"US$14,400","25,090 km",Mecánica,Diesel
https://neoauto.com/auto/usado/bmw-335i-2010-1863273,https://cdn.neoauto.com/elements/autos_usados/360x240/264046/264046_2822201.webp,BMW,Bmw 335i 2010,2010,"US$16,950",1 km,Automática - Secuencial,Gasolina
https://neoauto.com/auto/usado/bmw-318i-2018-1846957,https://cdn.neoauto.com/elements/autos_usados/360x240/753376/753376_4846431.webp,BMW,Bmw 318i 2018,2018,"US$17,200","65,000 km",Automática - Secuencial,Gasolina
https://neoauto.com/auto/usado/jaguar-f-pace-2017-1823960,https://cdn.neoauto.com/elements/autos_usados/360x240/603719/603719_8045356.webp,Jaguar,Jaguar F-Pace 2017,2017,"US$49,990","9,313 km",Automática - Secuencial,Gasolina
https://neoauto.com/auto/usado/ford-thunderbird-1964-1860381,https://cdn.neoauto.com/elements/autos_usados/360x240/761956/761956_9511656.webp,Ford,Ford Thunderbird 1964,1964,"US$18,500","84,000 km",Automática,Gasolina
https://neoauto.com/auto/usado/jeep-grand-cherokee-limited-2016-1861507,https://cdn.neoauto.com/elements/autos_usados/360x240/477010/477010_1477650.webp,Jeep,Jeep Grand Cherokee Limited 2016,2016,"US$23,800","62,000 km",Automática - Secuencial,Gasolina
https://neoauto.com/auto/usado/volkswagen-t-cross-2024-1866040,https://cdn.neoauto.com/elements/autos_usados/360x240/709781/709781_1523149.webp,Volkswagen,Volkswagen T-Cross 2024,2024,"US$24,900","36,000 km",Automática - Secuencial,Gasolina
https://neoauto.com/auto/usado/bmw-x5-40i-2022-1807518,https://cdn.neoauto.com/elements/autos_usados/360x240/536213/536213_7982350.webp,BMW,Bmw X5 40i 2022,2022,"US$66,500","18,800 km",Automática - Secuencial,Gasolina
https://neoauto.com/auto/usado/subaru-wrx-2022-1866738,https://cdn.neoauto.com/elements/autos_usados/360x240/708953/708953_5802826.webp,Subaru,Subaru Wrx 2022,2022,"US$41,900","1,600 km",Automática - Secuencial,Gasolina
https://neoauto.com/auto/usado/land-rover-range-rover-sport-2020-1836914,https://cdn.neoauto.com/elements/autos_usados/360x240/264046/264046_9214468.webp,Land Rover,Land Rover Range Rover Sport 2020,2020,"US$74,900","23,302 km",Automática - Secuencial,Gasolina-Híbrido
https://neoauto.com/auto/usado/audi-a4-2009-1865210,https://cdn.neoauto.com/elements/autos_usados/360x240/114188/114188_6095991.webp,Audi,Audi A4 2009,2009,"US$13,900","73,778 km",Automática - Secuencial,Gasolina
https://neoauto.com/auto/usado/kia-sorento-2018-1672950,https://cdn.neoauto.com/elements/autos_usados/360x240/693976/693976_1279066.webp,Kia,Kia Sorento 2018,2018,"US$21,500","19,500 km",Automática - Secuencial,Dual
https://neoauto.com/auto/usado/mg-hs-2022-1867325,https://cdn.neoauto.com/elements/autos_usados/360x240/776768/776768_8310757.webp,MG,Mg Hs 2022,2022,"US$17,000","30,100 km",Automática - Secuencial,Gasolina
https://neoauto.com/auto/usado/toyota-rush-2024-1867623,https://cdn.neoauto.com/elements/autos_usados/360x240/749913/749913_8418130.webp,Toyota,Toyota Rush 2024,2024,"US$21,290","32,500 km",Mecánica,Gasolina
https://neoauto.com/auto/usado/ford-ranger-limited-2020-1867034,https://cdn.neoauto.com/elements/autos_usados/360x240/246305/246305_9781082.webp,Ford,Ford Ranger Limited 2020,2020,"US$31,500","155,000 km",Automática - Secuencial,Diesel
https://neoauto.com/auto/usado/hyundai-palisade-2022-1866143,https://cdn.neoauto.com/elements/autos_usados/360x240/716341/716341_6957516.webp,Hyundai,Hyundai Palisade 2022,2022,"US$32,900","48,000 km",Automática,Gasolina
https://neoauto.com/auto/usado/porsche-cayenne-s-2020-1864321,https://cdn.neoauto.com/elements/autos_usados/360x240/264046/264046_1814572.webp,Porsche,Porsche Cayenne S 2020,2020,"US$76,500","26,430 km",Automática - Secuencial,Gasolina
https://neoauto.com/auto/usado/subaru-outback-2018-1866724,https://cdn.neoauto.com/elements/autos_usados/360x240/124182/124182_2470927.webp,Subaru,Subaru Outback 2018,2018,"US$20,500","33,000 km",Automática - Secuencial,Gasolina
https://neoauto.com/auto/usado/seat-arona-2025-1866279,https://cdn.neoauto.com/elements/autos_usados/360x240/114188/114188_3585130.webp,Seat,Seat Arona 2025,2025,"US$19,900",50 km,Automática,Gasolina
https://neoauto.com/auto/usado/jetour-x70-plus-2023-1869434,https://cdn.neoauto.com/elements/autos_usados/360x240/157447/157447_6436968.webp,Jetour,Jetour X70 Plus 2023,2023,"US$20,600","19,400 km",Automática - Secuencial,Gasolina
https://neoauto.com/auto/usado/renault-fluence-2013-1867219,https://cdn.neoauto.com/elements/autos_usados/360x240/761956/761956_3848889.webp,Renault,Renault Fluence 2013,2013,"US$9,000","119,583 km",Mecánica,Gasolina
https://neoauto.com/auto/usado/chevrolet-captiva-2012-1819964,https://cdn.neoauto.com/elements/autos_usados/360x240/737500/737500_1495120.webp,Chevrolet,Chevrolet Captiva 2012,2012,"US$11,900","70,000 km",Automática - Secuencial,Gasolina
https://neoauto.com/auto/usado/bmw-x1-2019-1795612,https://cdn.neoauto.com/elements/autos_usados/360x240/154221/154221_3632188.webp,BMW,Bmw X1 2019,2019,"US$20,990","76,000 km",Automática - Secuencial,Gasolina
https://neoauto.com/auto/usado/volkswagen-jetta-2020-1851916,https://cdn.neoauto.com/elements/autos_usados/360x240/769300/769300_5227107.webp,Volkswagen,Volkswagen Jetta 2020,2020,"US$16,600","68,000 km",Automática - Secuencial,Gasolina
https://neoauto.com/auto/usado/volkswagen-tiguan-allspace-2022-1814184,https://cdn.neoauto.com/elements/autos_usados/360x240/539744/539744_3754061.webp,Volkswagen,Volkswagen Tiguan Allspace 2022,2022,"US$21,900","81,000 km",Automática - Secuencial,Gasolina
https://neoauto.com/auto/usado/chevrolet-traverse-2018-1857967,https://cdn.neoauto.com/elements/autos_usados/360x240/264046/264046_1522393.webp,Chevrolet,Chevrolet Traverse 2018,2018,"US$28,900","58,553 km",Automática - Secuencial,Gasolina
https://neoauto.com/auto/usado/volvo-xc-90-2022-1869413,https://cdn.neoauto.com/elements/autos_usados/360x240/264046/264046_4210543.webp,Volvo,Volvo Xc-90 2022,2022,"US$54,900","46,848 km",Automática - Secuencial,Gasolina-Híbrido
https://neoauto.com/auto/usado/audi-a4-2023-1867811,https://cdn.neoauto.com/elements/autos_usados/360x240/762176/762176_4389014.webp,Audi,Audi A4 2023,2023,"US$31,000","35,000 km",Automática,Gasolina-Híbrido
https://neoauto.com/auto/usado/subaru-forester-2020-1867690,https://cdn.neoauto.com/elements/autos_usados/360x240/566433/566433_2845045.webp,Subaru,Subaru Forester 2020,2020,"US$26,000","53,872 km",Automática - Secuencial,Gasolina
https://neoauto.com/auto/usado/mercedes-benz-gls-350-2018-1868512,https://cdn.neoauto.com/elements/autos_usados/360x240/264046/264046_8195823.webp,Mercedes-Benz,Mercedes-Benz Gls 350 2018,2018,"US$49,900","76,110 km",Automática - Secuencial,DIESEL
https://neoauto.com/auto/usado/jeep-compass-2023-1863431,https://cdn.neoauto.com/elements/autos_usados/360x240/774954/774954_8587427.webp,Jeep,Jeep Compass 2023,2023,"US$22,700","39,000 km",Automática,Gasolina
https://neoauto.com/auto/usado/land-rover-range-rover-sport-2023-1863796,https://cdn.neoauto.com/elements/autos_usados/360x240/123947/123947_8931162.webp,Land Rover,Land Rover Range Rover Sport 2023,2023,"US$112,000","3,500 km",Automática - Secuencial,Gasolina-Híbrido
https://neoauto.com/auto/usado/bmw-x6-40i-2023-1865747,https://cdn.neoauto.com/elements/autos_usados/360x240/708953/708953_2162754.webp,BMW,Bmw X6 40i 2023,2023,"US$74,000","33,000 km",Automática - Secuencial,Gasolina
https://neoauto.com/auto/usado/jeep-renegade-2019-1866216,https://cdn.neoauto.com/elements/autos_usados/360x240/776214/776214_6339271.webp,Jeep,Jeep Renegade 2019,2019,"US$15,500","59,425 km",Automática,Gasolina
https://neoauto.com/auto/usado/bmw-x3-35i-2012-1856966,https://cdn.neoauto.com/elements/autos_usados/360x240/749016/749016_5629021.webp,BMW,Bmw X3 35i 2012,2012,"US$13,500","134,000 km",Automática - Secuencial,Gasolina
https://neoauto.com/auto/usado/volvo-121-1967-1866367,https://cdn.neoauto.com/elements/autos_usados/360x240/776399/776399_3948312.webp,Volvo,Volvo 121 1967,1967,"US$7,990","71,894 km",Mecánica,Gasolina
https://neoauto.com/auto/usado/kia-cerato-2018-1867070,https://cdn.neoauto.com/elements/autos_usados/360x240/776782/776782_3987629.webp,Kia,Kia Cerato 2018,2018,"US$11,500","132,644 km",Mecánica,Dual
https://neoauto.com/auto/usado/subaru-outback-2018-1866668,https://cdn.neoauto.com/elements/autos_usados/360x240/660993/660993_8764147.webp,Subaru,Subaru Outback 2018,2018,"US$19,900","82,000 km",Automática - Secuencial,Gasolina
https://neoauto.com/auto/usado/honda-pilot-2018-1869262,https://cdn.neoauto.com/elements/autos_usados/360x240/740447/740447_9092265.webp,Honda,Honda Pilot 2018,2018,"US$28,700","42,000 km",Automática,Gasolina
https://neoauto.com/auto/usado/bmw-x5-2013-1861754,https://cdn.neoauto.com/elements/autos_usados/360x240/774076/774076_9646321.webp,BMW,Bmw X5 2013,2013,"US$17,000","92,000 km",Automática - Secuencial,Gasolina
https://neoauto.com/auto/usado/bmw-x6-35i-2013-1864983,https://cdn.neoauto.com/elements/autos_usados/360x240/346596/346596_8004885.webp,BMW,Bmw X6 35i 2013,2013,"US$33,000","54,534 km",Automática - Secuencial,Gasolina
https://neoauto.com/auto/usado/audi-r8-2010-1864555,https://cdn.neoauto.com/elements/autos_usados/360x240/765467/765467_4218833.webp,Audi,Audi R8 2010,2010,"US$150,000",,Automática - Secuencial,Gasolina
https://neoauto.com/auto/usado/bmw-x5-m-2017-1866074,https://cdn.neoauto.com/elements/autos_usados/360x240/427759/427759_1661053.webp,BMW,Bmw X5 M 2017,2017,"US$66,000","39,000 km",Automática - Secuencial,Gasolina
https://neoauto.com/auto/usado/bmw-128ti-2021-1867447,https://cdn.neoauto.com/elements/autos_usados/360x240/706489/706489_7249172.webp,BMW,Bmw 128ti 2021,2021,"US$34,800","22,700 km",Automática - Secuencial,Gasolina
https://neoauto.com/auto/usado/audi-q3-2018-1858064,https://cdn.neoauto.com/elements/autos_usados/360x240/117300/117300_1870927.webp,Audi,Audi Q3 2018,2018,"US$21,000","68,500 km",Automática - Secuencial,Gasolina
https://neoauto.com/auto/usado/jeep-grand-cherokee-2015-1838518,https://cdn.neoauto.com/elements/autos_usados/360x240/761956/761956_1164830.webp,Jeep,Jeep Grand Cherokee 2015,2015,"US$21,990","65,000 km",Automática,Gasolina
https://neoauto.com/auto/usado/nissan-tiida-2013-1862777,https://cdn.neoauto.com/elements/autos_usados/360x240/748895/748895_4185644.webp,Nissan,Nissan Tiida 2013,2013,"US$8,500","66,500 km",Mecánica,Gasolina
https://neoauto.com/auto/usado/mercedes-benz-a45-amg-2022-1857899,https://cdn.neoauto.com/elements/autos_usados/360x240/444752/444752_9794141.webp,Mercedes-Benz,Mercedes-Benz A45 Amg 2022,2022,"US$69,990","13,000 km",Automática - Secuencial,Gasolina
https://neoauto.com/auto/usado/toyota-corolla-2023-1865924,https://cdn.neoauto.com/elements/autos_usados/360x240/124182/124182_4204648.webp,Toyota,Toyota Corolla 2023,2023,"US$19,200","55,400 km",Automática - Secuencial,Gasolina
https://neoauto.com/auto/usado/haval-all-new-h6-2023-1856157,https://cdn.neoauto.com/elements/autos_usados/360x240/693495/693495_1327432.webp,Haval,Haval All New H6 2023,2023,"US$20,000","18,000 km",Automática - Secuencial,Gasolina
https://neoauto.com/auto/usado/subaru-all-new-forester-2025-1858458,https://cdn.neoauto.com/elements/autos_usados/360x240/739487/739487_1078299.webp,Subaru,Subaru All New Forester 2025,2025,"US$31,700","11,300 km",Automática - Secuencial,Gasolina
https://neoauto.com/auto/usado/cupra-cupra-leon-2026-1866321,https://cdn.neoauto.com/elements/autos_usados/360x240/114188/114188_2809620.webp,Cupra,Cupra Leon 2026,2026,"US$31,990","8,657 km",Automática - Secuencial,Gasolina
https://neoauto.com/auto/usado/audi-q7-2014-1868125,https://cdn.neoauto.com/elements/autos_usados/360x240/777237/777237_7927312.webp,Audi,Audi Q7 2014,2014,"US$19,000","173,000 km",Automática,Gasolina
https://neoauto.com/auto/usado/seat-ateca-2025-1868283,https://cdn.neoauto.com/elements/autos_usados/360x240/714684/714684_5139813.webp,Seat,Seat Ateca 2025,2025,"US$25,490",500 km,Automática,Gasolina
https://neoauto.com/auto/usado/volkswagen-jetta-2022-1814323,https://cdn.neoauto.com/elements/autos_usados/360x240/699004/699004_5148877.webp,Volkswagen,Volkswagen Jetta 2022,2022,"US$18,500","30,000 km",Automática - Secuencial,Gasolina
https://neoauto.com/auto/usado/bmw-x5-40i-2026-1869005,https://cdn.neoauto.com/elements/autos_usados/360x240/696304/696304_4733357.webp,BMW,Bmw X5 40i 2026,2026,"US$85,000",600 km,Automática - Secuencial,Gasolina-Híbrido
https://neoauto.com/auto/usado/subaru-xv-2017-1866062,https://cdn.neoauto.com/elements/autos_usados/360x240/709781/709781_1138579.webp,Subaru,Subaru Xv 2017,2017,"US$17,900","65,781 km",Automática - Secuencial,Gasolina
https://neoauto.com/auto/usado/bmw-x6-40i-2025-1869000,https://cdn.neoauto.com/elements/autos_usados/360x240/708953/708953_4316011.webp,BMW,Bmw X6 40i 2025,2025,"US$94,800","23,000 km",Automática - Secuencial,Gasolina
https://neoauto.com/auto/usado/dodge-durango-2018-1862509,https://cdn.neoauto.com/elements/autos_usados/360x240/769186/769186_7717172.webp,Dodge,Dodge Durango 2018,2018,"US$30,000","30,050 km",Automática - Secuencial,Gasolina
https://neoauto.com/auto/usado/jeep-wrangler-rubicon-2025-1866636,https://cdn.neoauto.com/elements/autos_usados/360x240/708953/708953_4951852.webp,Jeep,Jeep Wrangler Rubicon 2025,2025,"US$89,000",17 km,Automática - Secuencial,Gasolina
https://neoauto.com/auto/usado/kia-soul-2019-1867901,https://cdn.neoauto.com/elements/autos_usados/360x240/392470/392470_8048537.webp,Kia,Kia Soul 2019,2019,"US$15,499","33,729 km",Automática - Secuencial,Gasolina
https://neoauto.com/auto/usado/land-rover-range-rover-velar-2021-1868834,https://cdn.neoauto.com/elements/autos_usados/360x240/707371/707371_4055463.webp,Land Rover,Land Rover Range Rover Velar 2021,2021,"US$64,900","40,100 km",Automática,Gasolina
https://neoauto.com/auto/usado/bmw-x3-28i-2016-1861678,https://cdn.neoauto.com/elements/autos_usados/360x240/688887/688887_1596314.webp,BMW,Bmw X3 28i 2016,2016,"US$19,000","113,000 km",Automática - Secuencial,Gasolina
https://neoauto.com/auto/usado/jeep-wagoneer-2023-1867793,https://cdn.neoauto.com/elements/autos_usados/360x240/708953/708953_9365877.webp,Jeep,Jeep Wagoneer 2023,2023,"US$137,000","7,000 km",Automática - Secuencial,Gasolina
https://neoauto.com/auto/usado/mini-hatch-jcw-2020-1866885,https://cdn.neoauto.com/elements/autos_usados/360x240/114188/114188_2574234.webp,Mini,Mini Hatch Jcw 2020,2020,"US$28,900","50,513 km",Automática - Secuencial,Gasolina
https://neoauto.com/auto/usado/jeep-compass-2025-1868304,https://cdn.neoauto.com/elements/autos_usados/360x240/714684/714684_3850804.webp,Jeep,Jeep Compass 2025,2025,"US$30,500",500 km,Automática,Gasolina
https://neoauto.com/auto/usado/mini-cooper-s-2023-1868330,https://cdn.neoauto.com/elements/autos_usados/360x240/264046/264046_6802466.webp,Mini,Mini Cooper S 2023,2023,"US$31,900","8,804 km",Automática - Secuencial,Gasolina
https://neoauto.com/auto/usado/honda-odyssey-2013-1861547,https://cdn.neoauto.com/elements/autos_usados/360x240/739443/739443_4852038.webp,Honda,Honda Odyssey 2013,2013,"US$13,000","167,000 km",Automática,Gasolina
https://neoauto.com/auto/usado/ford-explorer-2018-1852361,https://cdn.neoauto.com/elements/autos_usados/360x240/219037/219037_9965430.webp,Ford,Ford Explorer 2018,2018,"US$27,500","69,500 km",Automática - Secuencial,Gasolina
https://neoauto.com/auto/usado/mini-john-cooper-works-2023-1868991,https://cdn.neoauto.com/elements/autos_usados/360x240/708953/708953_2361335.webp,Mini,Mini John Cooper Works 2023,2023,"US$35,800","24,000 km",Automática - Secuencial,Gasolina
https://neoauto.com/auto/usado/jeep-grand-cherokee-laredo-2019-1863547,https://cdn.neoauto.com/elements/autos_usados/360x240/334194/334194_1187427.webp,Jeep,Jeep Grand Cherokee Laredo 2019,2019,"US$25,700","62,000 km",Automática - Secuencial,Gasolina
https://neoauto.com/auto/usado/nissan-qashqai-2019-1867871,https://cdn.neoauto.com/elements/autos_usados/360x240/124182/124182_5890428.webp,Nissan,Nissan Qashqai 2019,2019,"US$17,500","37,900 km",Automática - Secuencial,Gasolina
https://neoauto.com/auto/usado/citroen-c5-aircross-2023-1869183,https://cdn.neoauto.com/elements/autos_usados/360x240/765471/765471_4180884.webp,Citroen,Citroen C5 Aircross 2023,2023,"US$24,900","21,600 km",Automática - Secuencial,Gasolina
https://neoauto.com/auto/usado/cupra-cupra-leon-2025-1868295,https://cdn.neoauto.com/elements/autos_usados/360x240/714684/714684_4043829.webp,Cupra,Cupra Leon 2025,2025,"US$28,500",500 km,Automática,Gasolina
https://neoauto.com/auto/usado/plymouth-satellite-1969-1866366,https://cdn.neoauto.com/elements/autos_usados/360x240/776399/776399_4920829.webp,Plymouth,Plymouth Satellite 1969,1969,"US$8,990","56,776 km",Mecánica,Gasolina
https://neoauto.com/auto/usado/jaguar-e-pace-2018-1806334,https://cdn.neoauto.com/elements/autos_usados/360x240/264046/264046_4116045.webp,Jaguar,Jaguar E-Pace 2018,2018,"US$27,900","46,475 km",Automática - Secuencial,Gasolina
https://neoauto.com/auto/usado/haval-all-new-h6-2023-1868782,https://cdn.neoauto.com/elements/autos_usados/360x240/631686/631686_8268683.webp,Haval,Haval All New H6 2023,2023,"US$26,490","18,900 km",Automática - Secuencial,Gasolina
https://neoauto.com/auto/usado/mercedes-benz-gls-400-4matic-2018-1868530,https://cdn.neoauto.com/elements/autos_usados/360x240/761956/761956_4519045.webp,Mercedes-Benz,Mercedes Benz Gls 400 4matic 2018,2018,"US$69,900","59,000 km",Automática,Gasolina
https://neoauto.com/auto/usado/maxus-t60-comfort-2025-1866988,https://cdn.neoauto.com/elements/autos_usados/360x240/766297/766297_1233148.webp,Maxus,Maxus T60 Comfort 2025,2025,"US$17,000","45,000 km",Mecánica,Diesel
https://neoauto.com/auto/usado/chevrolet-all-new-joy-2023-1861230,https://cdn.neoauto.com/elements/autos_usados/360x240/487503/487503_6656436.webp,Chevrolet,Chevrolet All New Joy 2023,2023,"US$9,250","105,000 km",Mecánica,Dual
https://neoauto.com/auto/usado/bmw-x6-2020-1865649,https://cdn.neoauto.com/elements/autos_usados/360x240/114188/114188_8059564.webp,BMW,Bmw X6 2020,2020,"US$69,900","27,448 km",Automática - Secuencial,Gasolina
https://neoauto.com/auto/usado/land-rover-range-rover-evoque-2020-1868632,https://cdn.neoauto.com/elements/autos_usados/360x240/264046/264046_1900946.webp,Land Rover,Land Rover Range Rover Evoque 2020,2020,"US$39,500","27,241 km",Automática - Secuencial,Gasolina
https://neoauto.com/auto/usado/honda-pilot-2018-1868804,https://cdn.neoauto.com/elements/autos_usados/360x240/755959/755959_1574691.webp,Honda,Honda Pilot 2018,2018,"US$23,200","72,000 km",Automática,Gasolina
https://neoauto.com/auto/usado/dodge-dart-1966-1866368,https://cdn.neoauto.com/elements/autos_usados/360x240/776399/776399_7045181.webp,Dodge,Dodge Dart 1966,1966,"US$6,990","118,557 km",Mecánica,Gasolina
https://neoauto.com/auto/usado/chery-tiggo-8-2022-1868288,https://cdn.neoauto.com/elements/autos_usados/360x240/767268/767268_7829541.webp,Chery,Chery Tiggo 8 2022,2022,"US$17,900","36,000 km",Automática - Secuencial,Gasolina
https://neoauto.com/auto/usado/toyota-hilux-2024-1868999,https://cdn.neoauto.com/elements/autos_usados/360x240/708953/708953_9184602.webp,Toyota,Toyota Hilux 2024,2024,"US$55,500","46,000 km",Automática - Secuencial,Diesel
https://neoauto.com/auto/usado/chevrolet-all-new-captiva-2021-1863154,https://cdn.neoauto.com/elements/autos_usados/360x240/774762/774762_5184076.webp,Chevrolet,Chevrolet All New Captiva 2021,2021,"US$18,000","37,000 km",Automática - Secuencial,Dual
https://neoauto.com/auto/usado/volkswagen-tiguan-allspace-2019-1863322,https://cdn.neoauto.com/elements/autos_usados/360x240/709781/709781_5932963.webp,Volkswagen,Volkswagen Tiguan Allspace 2019,2019,"US$19,900","57,000 km",Automática - Secuencial,Gasolina
https://neoauto.com/auto/usado/mini-john-cooper-works-2025-1856098,https://cdn.neoauto.com/elements/autos_usados/360x240/387204/387204_2710820.webp,Mini,Mini John Cooper Works 2025,2025,"US$44,000","3,800 km",Automática - Secuencial,Gasolina
https://neoauto.com/auto/usado/subaru-wrx-2022-1865022,https://cdn.neoauto.com/elements/autos_usados/360x240/708953/708953_5393039.webp,Subaru,Subaru Wrx 2022,2022,US$0,"12,000 km",Automática - Secuencial,Gasolina
https://neoauto.com/auto/usado/nissan-pathfinder-2012-1837759,https://cdn.neoauto.com/elements/autos_usados/360x240/744130/744130_5534066.webp,Nissan,Nissan Pathfinder 2012,2012,"US$15,900","210,000 km",Automática - Secuencial,Diesel
https://neoauto.com/auto/usado/hyundai-veloster-2014-1863159,https://cdn.neoauto.com/elements/autos_usados/360x240/660950/660950_8098112.webp,Hyundai,Hyundai Veloster 2014,2014,"US$12,000","163,000 km",Mecánica,GLP
https://neoauto.com/auto/usado/hyundai-tucson-2020-1864652,https://cdn.neoauto.com/elements/autos_usados/360x240/182021/182021_6842566.webp,Hyundai,Hyundai Tucson 2020,2020,"US$23,000","20,000 km",Automática - Secuencial,GLP
https://neoauto.com/auto/usado/kia-sportage-2017-1859528,https://cdn.neoauto.com/elements/autos_usados/360x240/568247/568247_9158060.webp,Kia,Kia Sportage 2017,2017,"US$16,200","96,500 km",Automática - Secuencial,Dual
https://neoauto.com/auto/usado/audi-a6-2012-1867989,https://cdn.neoauto.com/elements/autos_usados/360x240/264046/264046_4028502.webp,Audi,Audi A6 2012,2012,"US$18,900","54,121 km",Automática - Secuencial,Gasolina
https://neoauto.com/auto/usado/audi-a7-sportback-hb-2012-1861297,https://cdn.neoauto.com/elements/autos_usados/360x240/114091/114091_8974768.webp,Audi,Audi A7 Sportback Hb 2012,2012,"US$18,500","81,300 km",Automática - Secuencial,Gasolina
https://neoauto.com/auto/usado/jeep-wrangler-1992-1858452,https://cdn.neoauto.com/elements/autos_usados/360x240/739487/739487_4831709.webp,Jeep,Jeep Wrangler 1992,1992,"US$16,700","116,000 km",Mecánica,Gasolina
https://neoauto.com/auto/usado/bmw-118i-2021-1795026,https://cdn.neoauto.com/elements/autos_usados/360x240/264046/264046_5279991.webp,BMW,Bmw 118i 2021,2021,"US$23,900","28,316 km",Automática - Secuencial,Gasolina
https://neoauto.com/auto/usado/nissan-x-trail-2024-1827929,https://cdn.neoauto.com/elements/autos_usados/360x240/124182/124182_6936415.webp,Nissan,Nissan X-Trail 2024,2024,"US$27,500","37,600 km",Automática - Secuencial,Gasolina
https://neoauto.com/auto/usado/ford-escape-2019-1866780,https://cdn.neoauto.com/elements/autos_usados/360x240/774823/774823_6397697.webp,Ford,Ford Escape 2019,2019,"US$18,000","29,000 km",Automática - Secuencial,Gasolina
https://neoauto.com/auto/usado/audi-q5-2019-1867876,https://cdn.neoauto.com/elements/autos_usados/360x240/654587/654587_3128992.webp,Audi,Audi Q5 2019,2019,"US$30,000","67,000 km",Automática - Secuencial,Gasolina
https://neoauto.com/auto/usado/peugeot-partner-2021-1867893,https://cdn.neoauto.com/elements/autos_usados/360x240/412199/412199_8637296.webp,Peugeot,Peugeot Partner 2021,2021,"US$10,500","118,569 km",Mecánica,Diesel
https://neoauto.com/auto/usado/bmw-x5-25d-2018-1864943,https://cdn.neoauto.com/elements/autos_usados/360x240/188399/188399_1339412.webp,BMW,Bmw X5-25d 2018,2018,"US$27,900","79,000 km",Automática - Secuencial,Diesel
https://neoauto.com/auto/usado/bmw-x3-20i-2021-1866557,https://cdn.neoauto.com/elements/autos_usados/360x240/139117/139117_2804041.webp,BMW,Bmw X3 20i 2021,2021,"US$35,700","33,800 km",Automática - Secuencial,Gasolina
https://neoauto.com/auto/usado/dodge-challenger-2017-1847056,https://cdn.neoauto.com/elements/autos_usados/360x240/273981/273981_4792520.webp,Dodge,Dodge Challenger 2017,2017,"US$26,000","50,000 km",Automática,Gasolina
https://neoauto.com/auto/usado/porsche-cayenne-gts-2014-1866710,https://cdn.neoauto.com/elements/autos_usados/360x240/128349/128349_5297733.webp,Porsche,Porsche Cayenne Gts 2014,2014,"US$34,500",107 km,Automática - Secuencial,Gasolina
https://neoauto.com/auto/usado/volkswagen-tiguan-2021-1869269,https://cdn.neoauto.com/elements/autos_usados/360x240/397794/397794_3793178.webp,Volkswagen,Volkswagen Tiguan 2021,2021,"US$23,500","26,000 km",Automática,Gasolina
https://neoauto.com/auto/usado/hyundai-tucson-2013-1845348,https://cdn.neoauto.com/elements/autos_usados/360x240/458840/458840_5940279.webp,Hyundai,Hyundai Tucson 2013,2013,"US$13,900","103,500 km",Mecánica,GNV
https://neoauto.com/auto/usado/mazda-cx-30-2025-1865583,https://cdn.neoauto.com/elements/autos_usados/360x240/606205/606205_7876690.webp,Mazda,Mazda Cx-30 2025,2025,"US$27,000","9,200 km",Automática - Secuencial,Gasolina
https://neoauto.com/auto/usado/subaru-forester-2010-1863786,https://cdn.neoauto.com/elements/autos_usados/360x240/721117/721117_3244586.webp,Subaru,Subaru Forester 2010,2010,"US$8,550","185,000 km",Automática,Gasolina
https://neoauto.com/auto/usado/great-wall-wingle-7-2020-1857511,https://cdn.neoauto.com/elements/autos_usados/360x240/761956/761956_8354511.webp,Great Wall,Great Wall Wingle 7 2020,2020,"US$14,990","25,000 km",Mecánica,Diesel
https://neoauto.com/auto/usado/toyota-agya-2022-1864283,https://cdn.neoauto.com/elements/autos_usados/360x240/767193/767193_7608686.webp,Toyota,Toyota Agya 2022,2022,"US$10,600","95,000 km",Automática,GNV
https://neoauto.com/auto/usado/jaguar-e-pace-2018-1862163,https://cdn.neoauto.com/elements/autos_usados/360x240/670526/670526_5044154.webp,Jaguar,Jaguar E-Pace 2018,2018,"US$29,000","45,000 km",Automática - Secuencial,Gasolina
https://neoauto.com/auto/usado/hummer-h3-t-2008-1867012,https://cdn.neoauto.com/elements/autos_usados/360x240/776772/776772_9407176.webp,Hummer,Hummer H3-T 2008,2008,"US$30,000","135,425 km",Automática,Gasolina
https://neoauto.com/auto/usado/volkswagen-nivus-2023-1866777,https://cdn.neoauto.com/elements/autos_usados/360x240/774823/774823_8978865.webp,Volkswagen,Volkswagen Nivus 2023,2023,"US$18,500","17,000 km",Automática - Secuencial,Gasolina
https://neoauto.com/auto/usado/volvo-v40-2015-1859646,https://cdn.neoauto.com/elements/autos_usados/360x240/630349/630349_9573359.webp,Volvo,Volvo V40 2015,2015,"US$14,000","78,000 km",Automática - Secuencial,Gasolina
https://neoauto.com/auto/usado/mercedes-benz-gl-400-2015-1858176,https://cdn.neoauto.com/elements/autos_usados/360x240/479701/479701_5626724.webp,Mercedes-Benz,Mercedes-Benz Gl 400 2015,2015,"US$25,900","99,000 km",Automática - Secuencial,Gasolina
https://neoauto.com/auto/usado/bmw-x1-20i-2022-1866441,https://cdn.neoauto.com/elements/autos_usados/360x240/776471/776471_4673933.webp,BMW,Bmw X1 20i 2022,2022,"US$35,000","14,500 km",Automática - Secuencial,Gasolina
https://neoauto.com/auto/usado/audi-q2-2019-1863173,https://cdn.neoauto.com/elements/autos_usados/360x240/262833/262833_7321479.webp,Audi,Audi Q2 2019,2019,"US$25,000","53,000 km",Automática - Secuencial,Gasolina
https://neoauto.com/auto/usado/hyundai-porter-2017-1866478,https://cdn.neoauto.com/elements/autos_usados/360x240/548924/548924_9120519.webp,Hyundai,Hyundai Porter 2017,2017,"US$14,900","185,000 km",Mecánica,Diesel
https://neoauto.com/auto/usado/porsche-cayenne-s-2022-1865749,https://cdn.neoauto.com/elements/autos_usados/360x240/708953/708953_6033700.webp,Porsche,Porsche Cayenne S 2022,2022,"US$81,900","45,000 km",Automática - Secuencial,Gasolina
https://neoauto.com/auto/usado/toyota-hilux-2017-1862596,https://cdn.neoauto.com/elements/autos_usados/360x240/774521/774521_2861493.webp,Toyota,Toyota Hilux 2017,2017,"US$31,000","35,000 km",Mecánica,Diesel
https://neoauto.com/auto/usado/mg-hs-2023-1850056,https://cdn.neoauto.com/elements/autos_usados/360x240/304078/304078_3791111.webp,MG,Mg Hs 2023,2023,"US$17,800","27,800 km",Automática - Secuencial,Gasolina
https://neoauto.com/auto/usado/mercedes-benz-glc-250-4matic-2018-1868245,https://cdn.neoauto.com/elements/autos_usados/360x240/144392/144392_7057760.webp,Mercedes-Benz,Mercedes Benz Glc 250 4matic 2018,2018,"US$23,900","97,000 km",Automática - Secuencial,Gasolina
https://neoauto.com/auto/usado/subaru-forester-2017-1869175,https://cdn.neoauto.com/elements/autos_usados/360x240/520485/520485_5167545.webp,Subaru,Subaru Forester 2017,2017,"US$16,500","105,000 km",Automática,Gasolina
https://neoauto.com/auto/usado/mitsubishi-asx-2022-1867139,https://cdn.neoauto.com/elements/autos_usados/360x240/473334/473334_5473043.webp,Mitsubishi,Mitsubishi Asx 2022,2022,"US$18,200","77,000 km",Automática,Gasolina
https://neoauto.com/auto/usado/chevrolet-tahoe-2021-1862303,https://cdn.neoauto.com/elements/autos_usados/360x240/672800/672800_6527132.webp,Chevrolet,Chevrolet Tahoe 2021,2021,"US$55,900","59,000 km",Automática - Secuencial,Gasolina
https://neoauto.com/auto/usado/subaru-legacy-2014-1857682,https://cdn.neoauto.com/elements/autos_usados/360x240/674722/674722_2068055.webp,Subaru,Subaru Legacy 2014,2014,"US$11,200","110,000 km",Automática - Secuencial,Gasolina
https://neoauto.com/auto/usado/fiat-pulse-2023-1864903,https://cdn.neoauto.com/elements/autos_usados/360x240/114188/114188_8317795.webp,Fiat,Fiat Pulse 2023,2023,"US$14,900","11,528 km",Mecánica,Gasolina
https://neoauto.com/auto/usado/volkswagen-jetta-2019-1862444,https://cdn.neoauto.com/elements/autos_usados/360x240/774436/774436_5009696.webp,Volkswagen,Volkswagen Jetta 2019,2019,"US$13,000","55,000 km",Mecánica,Gasolina
https://neoauto.com/auto/usado/toyota-yaris-2014-1861721,https://cdn.neoauto.com/elements/autos_usados/360x240/726290/726290_2060700.webp,Toyota,Toyota Yaris 2014,2014,"US$12,500","75,146 km",Mecánica,Gasolina
https://neoauto.com/auto/usado/volkswagen-saveiro-2022-1867377,https://cdn.neoauto.com/elements/autos_usados/360x240/650611/650611_6579395.webp,Volkswagen,Volkswagen Saveiro 2022,2022,"US$12,249","87,000 km",Mecánica,Gasolina
https://neoauto.com/auto/usado/jeep-cherokee-2015-1867302,https://cdn.neoauto.com/elements/autos_usados/360x240/476650/476650_2745673.webp,Jeep,Jeep Cherokee 2015,2015,"US$14,900","74,000 km",Automática,Gasolina
https://neoauto.com/auto/usado/bmw-m-140i-2019-1831763,https://cdn.neoauto.com/elements/autos_usados/360x240/272860/272860_6707692.webp,BMW,Bmw M 140i 2019,2019,"US$34,900","33,000 km",Automática - Secuencial,Gasolina
https://neoauto.com/auto/usado/audi-a3-1-8tfsi-turbo-cabriolet-2014-1856710,https://cdn.neoauto.com/elements/autos_usados/360x240/771518/771518_6084541.webp,Audi,Audi A3 1.8tfsi Turbo Cabriolet 2014,2014,"US$13,000","92,000 km",Automática - Secuencial,Gasolina
https://neoauto.com/auto/usado/jeep-cherokee-sport-2009-1831355,https://cdn.neoauto.com/elements/autos_usados/360x240/695974/695974_2113048.webp,Jeep,Jeep Cherokee Sport 2009,2009,"US$11,600","120,000 km",Automática,GASOLINA
https://neoauto.com/auto/usado/volvo-s40-2011-1860839,https://cdn.neoauto.com/elements/autos_usados/360x240/773562/773562_1282656.webp,Volvo,Volvo S40 2011,2011,"US$10,000","76,500 km",Automática,Gasolina
https://neoauto.com/auto/usado/bmw-x1-18i-2024-1863486,https://cdn.neoauto.com/elements/autos_usados/360x240/714058/714058_9098496.webp,BMW,Bmw X1 18i 2024,2024,"US$45,000","13,000 km",Automática,Gasolina
https://neoauto.com/auto/usado/toyota-land-cruiser-prado-2012-1862153,https://cdn.neoauto.com/elements/autos_usados/360x240/724050/724050_1133263.webp,Toyota,Toyota Land Cruiser Prado 2012,2012,"US$45,000","158,917 km",Automática,Gasolina
https://neoauto.com/auto/usado/otros-otros-2014-1866240,https://cdn.neoauto.com/elements/autos_usados/360x240/358473/358473_1476999.webp,Otros,Otros Otros 2014,2014,"US$45,000","35,000 km",Mecánica,Diesel
https://neoauto.com/auto/usado/chery-tiggo-8-2023-1868544,https://cdn.neoauto.com/elements/autos_usados/360x240/777434/777434_4798319.webp,Chery,Chery Tiggo 8 2023,2023,"US$17,950","74,300 km",Mecánica,Dual
https://neoauto.com/auto/usado/hyundai-veloster-2014-1865942,https://cdn.neoauto.com/elements/autos_usados/360x240/776037/776037_1623996.webp,Hyundai,Hyundai Veloster 2014,2014,"US$13,000","89,500 km",Automática,Dual
https://neoauto.com/auto/usado/bmw-m3-sedan-2022-1860300,https://cdn.neoauto.com/elements/autos_usados/360x240/708953/708953_5249304.webp,BMW,Bmw M3 Sedán 2022,2022,"US$98,000","3,000 km",Automática - Secuencial,Gasolina
https://neoauto.com/auto/usado/subaru-forester-2017-1857686,https://cdn.neoauto.com/elements/autos_usados/360x240/674722/674722_6182912.webp,Subaru,Subaru Forester 2017,2017,"US$16,300","112,000 km",Automática - Secuencial,Gasolina
https://neoauto.com/auto/usado/jeep-grand-cherokee-overland-2016-1864032,https://cdn.neoauto.com/elements/autos_usados/360x240/393346/393346_3458411.webp,Jeep,Jeep Grand Cherokee Overland 2016,2016,"US$22,500","120,000 km",Automática - Secuencial,Gasolina
https://neoauto.com/auto/usado/bmw-x5-40i-2026-1869046,https://cdn.neoauto.com/elements/autos_usados/360x240/777671/777671_2341007.webp,BMW,Bmw X5 40i 2026,2026,"US$85,000",800 km,Automática,Gasolina
https://neoauto.com/auto/usado/porsche-cayenne-s-2016-1861965,https://cdn.neoauto.com/elements/autos_usados/360x240/667114/667114_5900270.webp,Porsche,Porsche Cayenne S 2016,2016,"US$33,000","67,473 km",Automática - Secuencial,Gasolina
https://neoauto.com/auto/usado/audi-q5-2015-1866006,https://cdn.neoauto.com/elements/autos_usados/360x240/682236/682236_5636207.webp,Audi,Audi Q5 2015,2015,"US$21,500","78,000 km",Automática,Gasolina
https://neoauto.com/auto/usado/ford-f-150-raptor-2020-1868605,https://cdn.neoauto.com/elements/autos_usados/360x240/776618/776618_5810436.webp,Ford,Ford F-150 Raptor 2020,2020,"US$55,000","120,000 km",Automática,Diesel
https://neoauto.com/auto/usado/renault-duster-2018-1868707,https://cdn.neoauto.com/elements/autos_usados/360x240/463089/463089_8563858.webp,Renault,Renault Duster 2018,2018,"US$12,900","92,000 km",Mecánica,Dual
https://neoauto.com/auto/usado/ford-mustang-gt-2017-1869415,https://cdn.neoauto.com/elements/autos_usados/360x240/777842/777842_2369149.webp,Ford,Ford Mustang Gt 2017,2017,"US$37,000","27,000 km",Mecánica,Gasolina
https://neoauto.com/auto/usado/subaru-outback-2018-1866155,https://cdn.neoauto.com/elements/autos_usados/360x240/776353/776353_7107495.webp,Subaru,Subaru Outback 2018,2018,"US$17,500","93,300 km",Automática,Gasolina
https://neoauto.com/auto/usado/subaru-impreza-2016-1866260,https://cdn.neoauto.com/elements/autos_usados/360x240/343507/343507_7878518.webp,Subaru,Subaru Impreza 2016,2016,"US$12,490","93,000 km",Automática - Secuencial,Gasolina
https://neoauto.com/auto/usado/chevrolet-n400-2025-1868731,https://cdn.neoauto.com/elements/autos_usados/360x240/777505/777505_1421761.webp,Chevrolet,Chevrolet N400 2025,2025,"US$11,500","33,000 km",Mecánica,Dual
https://neoauto.com/auto/usado/jeep-wrangler-unlimited-sahara-2007-1846505,https://cdn.neoauto.com/elements/autos_usados/360x240/145412/145412_4648584.webp,Jeep,Jeep Wrangler Unlimited Sahara 2007,2007,"US$23,900","52,000 km",Mecánica,Dual
https://neoauto.com/auto/usado/mazda-cx-30-2021-1869069,https://cdn.neoauto.com/elements/autos_usados/360x240/777676/777676_8752043.webp,Mazda,Mazda Cx-30 2021,2021,"US$20,000","48,069 km",Mecánica,Gasolina
https://neoauto.com/auto/usado/renault-oroch-2023-1854921,https://cdn.neoauto.com/elements/autos_usados/360x240/697149/697149_4541937.webp,Renault,Renault Oroch 2023,2023,"US$13,500","70,000 km",Mecánica,Gasolina
https://neoauto.com/auto/usado/chevrolet-chevelle-1968-1869155,https://cdn.neoauto.com/elements/autos_usados/360x240/265362/265362_6934439.webp,Chevrolet,Chevrolet Chevelle 1968,1968,"US$15,000","50,000 km",Automática,Gasolina
https://neoauto.com/auto/usado/mercedes-benz-glb-200-2021-1868700,https://cdn.neoauto.com/elements/autos_usados/360x240/222589/222589_6205105.webp,Mercedes-Benz,Mercedes-Benz Glb 200 2021,2021,"US$38,000","28,000 km",Automática - Secuencial,Gasolina
https://neoauto.com/auto/usado/suzuki-jimny-2017-1861792,https://cdn.neoauto.com/elements/autos_usados/360x240/773084/773084_6431436.webp,Suzuki,Suzuki Jimny 2017,2017,"US$12,000","132,803 km",Mecánica,Gasolina
https://neoauto.com/auto/usado/mercedes-benz-e-420-1997-1866778,https://cdn.neoauto.com/elements/autos_usados/360x240/765467/765467_1056210.webp,Mercedes-Benz,Mercedes Benz E-420 1997,1997,"US$5,500","221,855 km",Automática,Gasolina
https://neoauto.com/auto/usado/ford-explorer-2024-1862987,https://cdn.neoauto.com/elements/autos_usados/360x240/737247/737247_6716440.webp,Ford,Ford Explorer 2024,2024,"US$50,000","20,000 km",Automática - Secuencial,Gasolina
https://neoauto.com/auto/usado/mercedes-benz-c-180-2013-1868651,https://cdn.neoauto.com/elements/autos_usados/360x240/776305/776305_7742080.webp,Mercedes-Benz,Mercedes Benz C-180 2013,2013,"US$12,500","88,200 km",Automática - Secuencial,Gasolina
https://neoauto.com/auto/usado/jeep-grand-cherokee-limited-2021-1862387,https://cdn.neoauto.com/elements/autos_usados/360x240/194926/194926_3451599.webp,Jeep,Jeep Grand Cherokee Limited 2021,2021,"US$40,000","63,000 km",Automática - Secuencial,Gasolina
https://neoauto.com/auto/usado/honda-cr-v-2008-1869198,https://cdn.neoauto.com/elements/autos_usados/360x240/777728/777728_4136842.webp,Honda,Honda Cr-V 2008,2008,"US$12,900","78,000 km",Mecánica,Gasolina
https://neoauto.com/auto/usado/dfsk-c37-minibus-2024-1795465,https://cdn.neoauto.com/elements/autos_usados/360x240/3059/3059_2652257.webp,DFSK,Dfsk C37 Minibus 2024,2024,"US$10,000",500 km,Mecánica,Dual
https://neoauto.com/auto/usado/mazda-cx-3-2022-1758212,https://cdn.neoauto.com/elements/autos_usados/360x240/683865/683865_1100667.webp,Mazda,Mazda Cx-3 2022,2022,"US$17,500","38,000 km",Automática - Secuencial,Gasolina
https://neoauto.com/auto/usado/mercedes-benz-ml-320-2001-1858211,https://cdn.neoauto.com/elements/autos_usados/360x240/466758/466758_5467758.webp,Mercedes-Benz,Mercedes Benz Ml 320 2001,2001,"US$6,700","279,000 km",Automática,Gasolina
https://neoauto.com/auto/usado/toyota-land-cruiser-prado-2026-1867978,https://cdn.neoauto.com/elements/autos_usados/360x240/396082/396082_5262314.webp,Toyota,Toyota Land Cruiser Prado 2026,2026,"US$78,000","5,500 km",Automática - Secuencial,Gasolina
https://neoauto.com/auto/usado/kia-niro-2024-1866641,https://cdn.neoauto.com/elements/autos_usados/360x240/774490/774490_7317271.webp,Kia,Kia Niro 2024,2024,"US$30,000",,Automática,Eléctrico
https://neoauto.com/auto/usado/nissan-frontier-2024-1863357,https://cdn.neoauto.com/elements/autos_usados/360x240/366234/366234_2088396.webp,Nissan,Nissan Frontier 2024,2024,"US$27,000","65,000 km",Mecánica,Diesel
https://neoauto.com/auto/usado/rambler-american-1963-1866374,https://cdn.neoauto.com/elements/autos_usados/360x240/776399/776399_2940631.webp,Rambler,Rambler American 1963,1963,"US$6,990","171,784 km",Mecánica,Gasolina
https://neoauto.com/auto/usado/jac-t6-2022-1858395,https://cdn.neoauto.com/elements/autos_usados/360x240/498300/498300_1463894.webp,JAC,Jac T6 2022,2022,"US$17,500","22,000 km",Mecánica,DIESEL
https://neoauto.com/auto/usado/renault-duster-2014-1861144,https://cdn.neoauto.com/elements/autos_usados/360x240/773550/773550_3393103.webp,Renault,Renault Duster 2014,2014,"US$13,000","65,000 km",Automática - Secuencial,GLP
https://neoauto.com/auto/usado/bmw-118i-2025-1858497,https://cdn.neoauto.com/elements/autos_usados/360x240/366650/366650_4046568.webp,BMW,Bmw 118i 2025,2025,"US$31,000","18,000 km",Automática - Secuencial,Gasolina
https://neoauto.com/auto/usado/volkswagen-beetle-2017-1864226,https://cdn.neoauto.com/elements/autos_usados/360x240/715661/715661_7828503.webp,Volkswagen,Volkswagen Beetle 2017,2017,"US$13,900","99,400 km",Mecánica,Gasolina
https://neoauto.com/auto/usado/toyota-hilux-2013-1861270,https://cdn.neoauto.com/elements/autos_usados/360x240/704068/704068_1035904.webp,Toyota,Toyota Hilux 2013,2013,"US$16,500","128,000 km",Mecánica,Diesel
https://neoauto.com/auto/usado/dfsk-glory-500-2022-1845914,https://cdn.neoauto.com/elements/autos_usados/360x240/766237/766237_9588266.webp,DFSK,Dfsk Glory 500 2022,2022,"US$10,500","78,000 km",Automática - Secuencial,Gasolina
https://neoauto.com/auto/usado/bmw-x4-20i-2025-1863383,https://cdn.neoauto.com/elements/autos_usados/360x240/688793/688793_2861768.webp,BMW,Bmw X4 20i 2025,2025,"US$55,000","4,700 km",Automática - Secuencial,Gasolina
https://neoauto.com/auto/usado/subaru-outback-2021-1867064,https://cdn.neoauto.com/elements/autos_usados/360x240/457477/457477_9769376.webp,Subaru,Subaru Outback 2021,2021,"US$30,000","37,000 km",Automática,Gasolina
https://neoauto.com/auto/usado/chevrolet-corvette-1985-1864369,https://cdn.neoauto.com/elements/autos_usados/360x240/323889/323889_3616966.webp,Chevrolet,Chevrolet Corvette 1985,1985,"US$18,000","86,756 km",Automática,Gasolina
https://neoauto.com/auto/usado/toyota-c-hr-2021-1865422,https://cdn.neoauto.com/elements/autos_usados/360x240/775965/775965_8086832.webp,Toyota,Toyota C-Hr 2021,2021,"US$23,900","68,511 km",Automática,Gasolina-Híbrido
https://neoauto.com/auto/usado/dodge-grand-caravan-2020-1651694,https://cdn.neoauto.com/elements/autos_usados/360x240/330410/330410_5640020.webp,Dodge,Dodge Grand Caravan 2020,2020,"US$19,000","40,000 km",Automática,Gasolina
https://neoauto.com/auto/usado/toyota-fortuner-2020-1868130,https://cdn.neoauto.com/elements/autos_usados/360x240/777238/777238_3802925.webp,Toyota,Toyota Fortuner 2020,2020,"US$45,000","70,418 km",Automática - Secuencial,Gasolina
https://neoauto.com/auto/usado/jeep-grand-cherokee-laredo-2020-1864407,https://cdn.neoauto.com/elements/autos_usados/360x240/202475/202475_4540990.webp,Jeep,Jeep Grand Cherokee Laredo 2020,2020,"US$26,500","68,000 km",Automática - Secuencial,Gasolina
https://neoauto.com/auto/usado/subaru-forester-turbo-2015-1860141,https://cdn.neoauto.com/elements/autos_usados/360x240/336888/336888_8705209.webp,Subaru,Subaru Forester Turbo 2015,2015,"US$15,500","111,000 km",Automática - Secuencial,Gasolina
https://neoauto.com/auto/seminuevo/porsche-macan-gts-2017-1869361,https://cdn.neoauto.com/elements/autos_usados/360x240/124038/124038_9055177.webp,Porsche,Porsche Macan Gts 2017,2017,"US$39,000","49,000 km",Automática - Secuencial,Gasolina
https://neoauto.com/auto/seminuevo/bmw-x6-40i-2023-1864801,https://cdn.neoauto.com/elements/autos_usados/360x240/124038/124038_6354615.webp,BMW,Bmw X6 40i 2023,2023,"US$78,990","19,746 km",Automática - Secuencial,Gasolina
https://neoauto.com/auto/seminuevo/audi-q3-2018-1865574,https://cdn.neoauto.com/elements/autos_usados/360x240/124038/124038_9678778.webp,Audi,Audi Q3 2018,2018,"US$22,500","58,000 km",Automática - Secuencial,Gasolina
https://neoauto.com/auto/usado/bmw-x2-20i-2021-1867364,https://cdn.neoauto.com/elements/autos_usados/360x240/669403/669403_7412585.webp,BMW,Bmw X2 20i 2021,2021,"US$32,500","48,000 km",Automática,Gasolina
https://neoauto.com/auto/usado/suzuki-sx-4-2013-1869367,https://cdn.neoauto.com/elements/autos_usados/360x240/777822/777822_2516266.webp,Suzuki,Suzuki Sx-4 2013,2013,"US$8,500","48,200 km",Mecánica,Gasolina
https://neoauto.com/auto/usado/bmw-x1-20i-2017-1863485,https://cdn.neoauto.com/elements/autos_usados/360x240/467363/467363_7644604.webp,BMW,Bmw X1 20i 2017,2017,"US$23,900","43,335 km",Automática - Secuencial,Gasolina
https://neoauto.com/auto/usado/porsche-macan-2015-1868069,https://cdn.neoauto.com/elements/autos_usados/360x240/504172/504172_4296843.webp,Porsche,Porsche Macan 2015,2015,"US$31,600","77,000 km",Automática - Secuencial,Gasolina
https://neoauto.com/auto/usado/volvo-s60-2017-1869178,https://cdn.neoauto.com/elements/autos_usados/360x240/777705/777705_5574760.webp,Volvo,Volvo S60 2017,2017,"US$12,900","98,917 km",Automática - Secuencial,Gasolina
https://neoauto.com/auto/usado/jaguar-f-pace-2019-1867941,https://cdn.neoauto.com/elements/autos_usados/360x240/777148/777148_9128477.webp,Jaguar,Jaguar F-Pace 2019,2019,"US$34,000","81,000 km",Automática - Secuencial,Gasolina
https://neoauto.com/auto/usado/honda-pilot-2012-1865745,https://cdn.neoauto.com/elements/autos_usados/360x240/776144/776144_2666202.webp,Honda,Honda Pilot 2012,2012,"US$18,500","129,500 km",Automática,Gasolina
https://neoauto.com/auto/usado/volvo-xc-90-2019-1864402,https://cdn.neoauto.com/elements/autos_usados/360x240/472436/472436_6594094.webp,Volvo,Volvo Xc-90 2019,2019,"US$39,799","73,000 km",Automática - Secuencial,Gasolina
https://neoauto.com/auto/usado/volvo-xc-40-2020-1866197,https://cdn.neoauto.com/elements/autos_usados/360x240/740114/740114_7510695.webp,Volvo,Volvo Xc-40 2020,2020,"US$31,000","35,500 km",Automática - Secuencial,Gasolina
https://neoauto.com/auto/usado/mitsubishi-all-new-l200-2023-1866406,https://cdn.neoauto.com/elements/autos_usados/360x240/710791/710791_4914038.webp,Mitsubishi,Mitsubishi All New L200 2023,2023,"US$23,000","71,000 km",Mecánica,Diesel
https://neoauto.com/auto/usado/bmw-520-i-2025-1865875,https://cdn.neoauto.com/elements/autos_usados/360x240/283348/283348_4859216.webp,BMW,Bmw 520-I 2025,2025,"US$58,500","2,300 km",Automática - Secuencial,Gasolina-Híbrido
https://neoauto.com/auto/usado/mazda-3-sport-2018-1867515,https://cdn.neoauto.com/elements/autos_usados/360x240/41996/41996_8486798.webp,Mazda,Mazda 3 Sport 2018,2018,"US$16,990","47,000 km",Automática - Secuencial,Gasolina
https://neoauto.com/auto/usado/subaru-outback-2015-1866111,https://cdn.neoauto.com/elements/autos_usados/360x240/200262/200262_6362238.webp,Subaru,Subaru Outback 2015,2015,"US$15,900","94,000 km",Automática - Secuencial,Gasolina
https://neoauto.com/auto/usado/nissan-versa-drive-2022-1855441,https://cdn.neoauto.com/elements/autos_usados/360x240/727914/727914_3866243.webp,Nissan,Nissan Versa Drive 2022,2022,"US$10,850","102,000 km",Mecánica,Dual
https://neoauto.com/auto/usado/bmw-x3-20i-2022-1867958,https://cdn.neoauto.com/elements/autos_usados/360x240/397688/397688_5623915.webp,BMW,Bmw X3 20i 2022,2022,"US$40,000","46,000 km",Automática - Secuencial,Gasolina
https://neoauto.com/auto/usado/toyota-yaris-2019-1867834,https://cdn.neoauto.com/elements/autos_usados/360x240/488054/488054_8200658.webp,Toyota,Toyota Yaris 2019,2019,"US$13,500","56,000 km",Automática - Secuencial,Gasolina
https://neoauto.com/auto/usado/nissan-x-trail-2024-1864956,https://cdn.neoauto.com/elements/autos_usados/360x240/775736/775736_2784417.webp,Nissan,Nissan X-Trail 2024,2024,"US$28,500","42,000 km",Automática,Gasolina
https://neoauto.com/auto/usado/subaru-forester-2017-1868649,https://cdn.neoauto.com/elements/autos_usados/360x240/233452/233452_9827046.webp,Subaru,Subaru Forester 2017,2017,"US$15,700","115,700 km",Mecánica,Gasolina
https://neoauto.com/auto/usado/bmw-x3-20i-2022-1868865,https://cdn.neoauto.com/elements/autos_usados/360x240/715762/715762_1589678.webp,BMW,Bmw X3 20i 2022,2022,"US$40,500","35,000 km",Automática - Secuencial,Gasolina
https://neoauto.com/auto/usado/hyundai-veloster-2021-1867243,https://cdn.neoauto.com/elements/autos_usados/360x240/551328/551328_2555090.webp,Hyundai,Hyundai Veloster 2021,2021,"US$22,900","22,000 km",Automática - Secuencial,Gasolina
https://neoauto.com/auto/usado/mini-countryman-cooper-s-2020-1865382,https://cdn.neoauto.com/elements/autos_usados/360x240/393805/393805_2179211.webp,Mini,Mini Countryman Cooper S 2020,2020,"US$26,900","42,000 km",Automática - Secuencial,Gasolina
https://neoauto.com/auto/usado/peugeot-2008-2019-1868087,https://cdn.neoauto.com/elements/autos_usados/360x240/355034/355034_3069242.webp,Peugeot,Peugeot 2008 2019,2008,"US$13,500","61,724 km",Automática - Secuencial,Gasolina
https://neoauto.com/auto/usado/mazda-3-2015-1869077,https://cdn.neoauto.com/elements/autos_usados/360x240/777682/777682_9284873.webp,Mazda,Mazda 3 2015,2015,"US$12,000","83,000 km",Mecánica,Gasolina
https://neoauto.com/auto/usado/kia-rio-2015-1869225,https://cdn.neoauto.com/elements/autos_usados/360x240/278712/278712_1066359.webp,Kia,Kia Rio 2015,2015,"US$8,500","94,100 km",Mecánica,Dual
https://neoauto.com/auto/usado/mitsubishi-montero-sport-2018-1869028,https://cdn.neoauto.com/elements/autos_usados/360x240/115709/115709_4673498.webp,Mitsubishi,Mitsubishi Montero Sport 2018,2018,"US$33,000","52,000 km",Automática,Gasolina
https://neoauto.com/auto/usado/mercedes-benz-gla-200-2015-1866779,https://cdn.neoauto.com/elements/autos_usados/360x240/149186/149186_7509109.webp,Mercedes-Benz,Mercedes Benz Gla 200 2015,2015,"US$16,900","81,000 km",Automática - Secuencial,Gasolina
https://neoauto.com/auto/usado/nissan-sentra-2019-1867143,https://cdn.neoauto.com/elements/autos_usados/360x240/776673/776673_3450393.webp,Nissan,Nissan Sentra 2019,2019,"US$15,200","54,000 km",Automática - Secuencial,Gasolina
https://neoauto.com/auto/usado/nissan-versa-2016-1867543,https://cdn.neoauto.com/elements/autos_usados/360x240/619805/619805_1999552.webp,Nissan,Nissan Versa 2016,2016,"US$10,500","89,450 km",Automática,Gasolina
https://neoauto.com/auto/usado/porsche-cayenne-s-2019-1856471,https://cdn.neoauto.com/elements/autos_usados/360x240/771515/771515_4388484.webp,Porsche,Porsche Cayenne S 2019,2019,"US$66,000","54,701 km",Automática - Secuencial,Gasolina
https://neoauto.com/auto/usado/bmw-316i-2014-1866842,https://cdn.neoauto.com/elements/autos_usados/360x240/173595/173595_9241679.webp,BMW,Bmw 316i 2014,2014,"US$11,999","105,000 km",Automática - Secuencial,Gasolina
https://neoauto.com/auto/usado/volkswagen-tiguan-allspace-2018-1863181,https://cdn.neoauto.com/elements/autos_usados/360x240/773810/773810_5493532.webp,Volkswagen,Volkswagen Tiguan Allspace 2018,2018,"US$16,880","70,500 km",Automática,Gasolina
https://neoauto.com/auto/usado/audi-q7-2021-1865027,https://cdn.neoauto.com/elements/autos_usados/360x240/515561/515561_7335847.webp,Audi,Audi Q7 2021,2021,"US$55,800","32,200 km",Automática,Gasolina
https://neoauto.com/auto/usado/jeep-commander-2023-1868992,https://cdn.neoauto.com/elements/autos_usados/360x240/384399/384399_1308052.webp,Jeep,Jeep Commander 2023,2023,"US$31,890","36,750 km",Automática - Secuencial,Gasolina
https://neoauto.com/auto/usado/bmw-x3-2017-1868755,https://cdn.neoauto.com/elements/autos_usados/360x240/714077/714077_6777166.webp,BMW,Bmw X3 2017,2017,"US$39,200","53,100 km",Automática,Gasolina
https://neoauto.com/auto/usado/volvo-xc-40-2020-1865091,https://cdn.neoauto.com/elements/autos_usados/360x240/217538/217538_1444982.webp,Volvo,Volvo Xc-40 2020,2020,"US$29,900","63,000 km",Automática - Secuencial,Gasolina
https://neoauto.com/auto/usado/volkswagen-virtus-2022-1867915,https://cdn.neoauto.com/elements/autos_usados/360x240/20411/20411_2200661.webp,Volkswagen,Volkswagen Virtus 2022,2022,"US$13,500","54,000 km",Automática,Gasolina
https://neoauto.com/auto/usado/chevrolet-onix-2020-1862628,https://cdn.neoauto.com/elements/autos_usados/360x240/754700/754700_8356152.webp,Chevrolet,Chevrolet Onix 2020,2020,"US$11,000","46,500 km",Automática - Secuencial,Gasolina
https://neoauto.com/auto/usado/mitsubishi-montero-sport-2023-1868198,https://cdn.neoauto.com/elements/autos_usados/360x240/761481/761481_1877777.webp,Mitsubishi,Mitsubishi Montero Sport 2023,2023,"US$48,500","30,000 km",Automática - Secuencial,Gasolina
https://neoauto.com/auto/usado/mitsubishi-montero-sport-2024-1868196,https://cdn.neoauto.com/elements/autos_usados/360x240/761481/761481_7276374.webp,Mitsubishi,Mitsubishi Montero Sport 2024,2024,"US$48,000","35,000 km",Automática - Secuencial,Gasolina
https://neoauto.com/auto/usado/volvo-s60-2018-1868692,https://cdn.neoauto.com/elements/autos_usados/360x240/763318/763318_1479723.webp,Volvo,Volvo S60 2018,2018,"US$19,700","43,000 km",Automática - Secuencial,Gasolina
https://neoauto.com/auto/usado/peugeot-2008-2022-1868200,https://cdn.neoauto.com/elements/autos_usados/360x240/338534/338534_3549459.webp,Peugeot,Peugeot 2008 2022,2008,"US$22,000","25,000 km",Automática - Secuencial,Gasolina
https://neoauto.com/auto/usado/volkswagen-t-cross-2022-1868236,https://cdn.neoauto.com/elements/autos_usados/360x240/316331/316331_6200073.webp,Volkswagen,Volkswagen T-Cross 2022,2022,"US$17,200","69,200 km",Automática,Gasolina
https://neoauto.com/auto/usado/chevrolet-captiva-2020-1853549,https://cdn.neoauto.com/elements/autos_usados/360x240/406463/406463_8816423.webp,Chevrolet,Chevrolet Captiva 2020,2020,"US$13,600","74,000 km",Mecánica,Gasolina
https://neoauto.com/auto/usado/suzuki-grand-vitara-2015-1865853,https://cdn.neoauto.com/elements/autos_usados/360x240/441452/441452_8985020.webp,Suzuki,Suzuki Grand Vitara 2015,2015,"US$13,000","52,000 km",Automática,Gasolina
https://neoauto.com/auto/usado/bmw-x4-30i-2023-1849169,https://cdn.neoauto.com/elements/autos_usados/360x240/739024/739024_8039396.webp,BMW,Bmw X4 30i 2023,2023,"US$56,900","11,800 km",Automática - Secuencial,Gasolina
https://neoauto.com/auto/usado/mazda-2-sport-2021-1864931,https://cdn.neoauto.com/elements/autos_usados/360x240/775108/775108_8570112.webp,Mazda,Mazda 2 Sport 2021,2021,"US$13,500","75,000 km",Automática,Gasolina
https://neoauto.com/auto/usado/bmw-320i-2016-1865300,https://cdn.neoauto.com/elements/autos_usados/360x240/766568/766568_1182466.webp,BMW,Bmw 320i 2016,2016,"US$18,300","68,636 km",Automática - Secuencial,Gasolina
https://neoauto.com/auto/usado/volvo-s60-2017-1864737,https://cdn.neoauto.com/elements/autos_usados/360x240/734478/734478_9649557.webp,Volvo,Volvo S60 2017,2017,"US$16,499","44,000 km",Automática,Gasolina
https://neoauto.com/auto/usado/great-wall-h3-2018-1863564,https://cdn.neoauto.com/elements/autos_usados/360x240/774843/774843_9753068.webp,Great Wall,Great Wall H3 2018,2018,"US$11,600","61,300 km",Mecánica,Dual
https://neoauto.com/auto/usado/bmw-z4-20i-2022-1853447,https://cdn.neoauto.com/elements/autos_usados/360x240/648597/648597_4396609.webp,BMW,Bmw Z4 20i 2022,2022,"US$54,900","16,000 km",Automática - Secuencial,Gasolina
https://neoauto.com/auto/usado/bmw-318i-2017-1869349,https://cdn.neoauto.com/elements/autos_usados/360x240/426781/426781_3135352.webp,BMW,Bmw 318i 2017,2017,"US$16,100",,Automática,Gasolina
https://neoauto.com/auto/usado/mitsubishi-asx-2016-1865687,https://cdn.neoauto.com/elements/autos_usados/360x240/775971/775971_5772704.webp,Mitsubishi,Mitsubishi Asx 2016,2016,"US$11,199","173,000 km",Mecánica,Gasolina
https://neoauto.com/auto/usado/mitsubishi-outlander-phev-2024-1867224,https://cdn.neoauto.com/elements/autos_usados/360x240/650331/650331_2765367.webp,Mitsubishi,Mitsubishi Outlander Phev 2024,2024,"US$39,000","46,951 km",Automática - Secuencial,Gasolina
https://neoauto.com/auto/usado/jeep-grand-cherokee-limited-2017-1865913,https://cdn.neoauto.com/elements/autos_usados/360x240/743331/743331_5323842.webp,Jeep,Jeep Grand Cherokee Limited 2017,2017,"US$23,700","126,000 km",Automática,Diesel
https://neoauto.com/auto/usado/chevrolet-onix-joy-2023-1868085,https://cdn.neoauto.com/elements/autos_usados/360x240/777215/777215_5201184.webp,Chevrolet,Chevrolet Onix Joy 2023,2023,"US$9,100","87,000 km",Mecánica,Dual
https://neoauto.com/auto/usado/seat-arona-2020-1866090,https://cdn.neoauto.com/elements/autos_usados/360x240/719353/719353_2450064.webp,Seat,Seat Arona 2020,2020,"US$13,800","39,850 km",Automática,GLP
https://neoauto.com/auto/usado/bmw-320i-2020-1865686,https://cdn.neoauto.com/elements/autos_usados/360x240/335428/335428_8889970.webp,BMW,Bmw 320i 2020,2020,"US$31,000","26,000 km",Automática - Secuencial,Gasolina
https://neoauto.com/auto/usado/subaru-forester-2012-1866602,https://cdn.neoauto.com/elements/autos_usados/360x240/295351/295351_6586824.webp,Subaru,Subaru Forester 2012,2012,"US$11,000","140,000 km",Automática,Gasolina
https://neoauto.com/auto/usado/bmw-m135i-2023-1867994,https://cdn.neoauto.com/elements/autos_usados/360x240/221279/221279_7908301.webp,BMW,Bmw M135i 2023,2023,"US$38,900","20,000 km",Automática - Secuencial,Gasolina
https://neoauto.com/auto/usado/hyundai-genesis-2010-1869244,https://cdn.neoauto.com/elements/autos_usados/360x240/762803/762803_3198882.webp,Hyundai,Hyundai Genesis 2010,2010,"US$12,900","90,700 km",Automática - Secuencial,Gasolina
https://neoauto.com/auto/usado/bmw-218i-gran-coupe-2021-1868942,https://cdn.neoauto.com/elements/autos_usados/360x240/720411/720411_6263183.webp,BMW,Bmw 218i Gran Coupe 2021,2021,"US$23,490","36,150 km",Automática - Secuencial,Gasolina
https://neoauto.com/auto/usado/audi-a3-sportback-2023-1867478,https://cdn.neoauto.com/elements/autos_usados/360x240/703479/703479_3058430.webp,Audi,Audi A3 Sportback 2023,2023,"US$28,200","22,300 km",Automática,Gasolina
https://neoauto.com/auto/usado/bmw-x3-20i-2022-1866931,https://cdn.neoauto.com/elements/autos_usados/360x240/650206/650206_1574520.webp,BMW,Bmw X3 20i 2022,2022,"US$40,900","46,500 km",Automática - Secuencial,Gasolina
https://neoauto.com/auto/usado/bmw-x1-20i-2017-1733281,https://cdn.neoauto.com/elements/autos_usados/360x240/519619/519619_4769435.webp,BMW,Bmw X1 20i 2017,2017,"US$18,500","87,800 km",Automática - Secuencial,Gasolina
https://neoauto.com/auto/usado/dodge-durango-2022-1867995,https://cdn.neoauto.com/elements/autos_usados/360x240/380448/380448_3852795.webp,Dodge,Dodge Durango 2022,2022,"US$38,999","63,000 km",Automática,Gasolina
https://neoauto.com/auto/usado/suzuki-apv-minivan-2023-1868519,https://cdn.neoauto.com/elements/autos_usados/360x240/772396/772396_3855045.webp,Suzuki,Suzuki Apv Minivan 2023,2023,"US$13,000","40,000 km",Mecánica,GLP
https://neoauto.com/auto/usado/subaru-forester-2020-1860129,https://cdn.neoauto.com/elements/autos_usados/360x240/193866/193866_2459255.webp,Subaru,Subaru Forester 2020,2020,"US$22,000","60,000 km",Automática,Gasolina
https://neoauto.com/auto/usado/renault-kardian-2026-1867169,https://cdn.neoauto.com/elements/autos_usados/360x240/713223/713223_2875527.webp,Renault,Renault Kardian 2026,2026,"US$15,850","7,700 km",Mecánica,Gasolina
https://neoauto.com/auto/usado/mazda-6-2017-1867204,https://cdn.neoauto.com/elements/autos_usados/360x240/704900/704900_7402335.webp,Mazda,Mazda 6 2017,2017,"US$13,500","92,500 km",Automática - Secuencial,Gasolina
https://neoauto.com/auto/usado/mitsubishi-nativa-2012-1869139,https://cdn.neoauto.com/elements/autos_usados/360x240/751527/751527_3883601.webp,Mitsubishi,Mitsubishi Nativa 2012,2012,"US$18,900","130,900 km",Automática - Secuencial,Gasolina
https://neoauto.com/auto/usado/mercedes-benz-c-200-2018-1859301,https://cdn.neoauto.com/elements/autos_usados/360x240/704856/704856_1469364.webp,Mercedes-Benz,Mercedes-Benz C-200 2018,2018,"US$25,500","51,500 km",Automática,Gasolina
https://neoauto.com/auto/usado/toyota-land-cruiser-prado-2011-1867397,https://cdn.neoauto.com/elements/autos_usados/360x240/747609/747609_5304695.webp,Toyota,Toyota Land Cruiser Prado 2011,2011,"US$43,000","81,400 km",Automática,Gasolina
https://neoauto.com/auto/usado/mercedes-benz-b180-2014-1863776,https://cdn.neoauto.com/elements/autos_usados/360x240/718713/718713_3384919.webp,Mercedes-Benz,Mercedes Benz B180 2014,2014,"US$12,500","71,700 km",Automática - Secuencial,Gasolina
https://neoauto.com/auto/usado/mitsubishi-asx-2019-1866416,https://cdn.neoauto.com/elements/autos_usados/360x240/690863/690863_1099521.webp,Mitsubishi,Mitsubishi Asx 2019,2019,"US$14,500","41,399 km",Mecánica,Gasolina
https://neoauto.com/auto/usado/nissan-kicks-2023-1864824,https://cdn.neoauto.com/elements/autos_usados/360x240/443237/443237_9457013.webp,Nissan,Nissan Kicks 2023,2023,"US$19,000","20,400 km",Automática,Gasolina
https://neoauto.com/auto/usado/bmw-520-i-2016-1857127,https://cdn.neoauto.com/elements/autos_usados/360x240/146567/146567_5330869.webp,BMW,Bmw 520-I 2016,2016,"US$15,500","78,530 km",Automática - Secuencial,Gasolina
https://neoauto.com/auto/usado/mercedes-benz-glc-250-4matic-2019-1868308,https://cdn.neoauto.com/elements/autos_usados/360x240/777323/777323_1208763.webp,Mercedes-Benz,Mercedes Benz Glc 250 4matic 2019,2019,"US$33,500","33,900 km",Automática,Gasolina
https://neoauto.com/auto/usado/kia-sorento-2012-1869004,https://cdn.neoauto.com/elements/autos_usados/360x240/777654/777654_6813961.webp,Kia,Kia Sorento 2012,2012,"US$12,900","126,500 km",Mecánica,Gasolina
https://neoauto.com/auto/usado/mercedes-benz-glb-200-2022-1866650,https://cdn.neoauto.com/elements/autos_usados/360x240/237534/237534_3729460.webp,Mercedes-Benz,Mercedes Benz Glb 200 2022,2022,"US$40,900","19,000 km",Automática - Secuencial,Gasolina
https://neoauto.com/auto/usado/jeep-grand-cherokee-limited-2016-1868458,https://cdn.neoauto.com/elements/autos_usados/360x240/777354/777354_5790166.webp,Jeep,Jeep Grand Cherokee Limited 2016,2016,"US$23,000","134,000 km",Automática,Gasolina
https://neoauto.com/auto/usado/subaru-all-new-outback-2016-1866531,https://cdn.neoauto.com/elements/autos_usados/360x240/620277/620277_4293641.webp,Subaru,Subaru All New Outback 2016,2016,"US$13,400","150,000 km",Automática - Secuencial,Gasolina
https://neoauto.com/auto/usado/subaru-outback-2024-1864217,https://cdn.neoauto.com/elements/autos_usados/360x240/359819/359819_4748798.webp,Subaru,Subaru Outback 2024,2024,"US$36,990","37,000 km",Automática - Secuencial,Gasolina
https://neoauto.com/auto/usado/bmw-x3-30i-2020-1867618,https://cdn.neoauto.com/elements/autos_usados/360x240/777034/777034_6844234.webp,BMW,Bmw X3 30i 2020,2020,"US$42,000","36,000 km",Automática - Secuencial,Gasolina
https://neoauto.com/auto/usado/toyota-hilux-2024-1868510,https://cdn.neoauto.com/elements/autos_usados/360x240/777420/777420_7500353.webp,Toyota,Toyota Hilux 2024,2024,"US$51,500","8,207 km",Automática - Secuencial,Diesel
https://neoauto.com/auto/usado/mini-3-puertas-2015-1866186,https://cdn.neoauto.com/elements/autos_usados/360x240/773142/773142_2842373.webp,Mini,Mini 3 Puertas 2015,2015,"US$15,500","60,078 km",Automática,Gasolina
https://neoauto.com/auto/usado/mitsubishi-outlander-2017-1864209,https://cdn.neoauto.com/elements/autos_usados/360x240/439556/439556_7230921.webp,Mitsubishi,Mitsubishi Outlander 2017,2017,"US$17,200","80,000 km",Automática,Gasolina
https://neoauto.com/auto/usado/nissan-versa-2022-1869052,https://cdn.neoauto.com/elements/autos_usados/360x240/777661/777661_7480959.webp,Nissan,Nissan Versa 2022,2022,"US$11,500","30,466 km",Automática,Gasolina
https://neoauto.com/auto/usado/mazda-cx-9-2015-1869251,https://cdn.neoauto.com/elements/autos_usados/360x240/195670/195670_6866716.webp,Mazda,Mazda Cx-9 2015,2015,"US$16,500","53,000 km",Automática,Gasolina
https://neoauto.com/auto/usado/volkswagen-tiguan-2014-1869334,https://cdn.neoauto.com/elements/autos_usados/360x240/663346/663346_6534395.webp,Volkswagen,Volkswagen Tiguan 2014,2014,"US$11,900","127,000 km",Mecánica,Gasolina
https://neoauto.com/auto/usado/hyundai-creta-2020-1867560,https://cdn.neoauto.com/elements/autos_usados/360x240/777016/777016_4246360.webp,Hyundai,Hyundai Creta 2020,2020,"US$17,600","65,000 km",Automática,Gasolina
https://neoauto.com/auto/usado/toyota-hilux-2016-1867928,https://cdn.neoauto.com/elements/autos_usados/360x240/117542/117542_9624029.webp,Toyota,Toyota Hilux 2016,2016,"US$28,000","280,000 km",Mecánica,Diesel
https://neoauto.com/auto/usado/mercedes-benz-c-200-elegance-2023-1868217,https://cdn.neoauto.com/elements/autos_usados/360x240/272548/272548_5118962.webp,Mercedes-Benz,Mercedes Benz C-200 Elegance 2023,2023,"US$39,000","10,000 km",Automática - Secuencial,Gasolina-Híbrido
https://neoauto.com/auto/usado/audi-q5-2013-1867658,https://cdn.neoauto.com/elements/autos_usados/360x240/436016/436016_2288234.webp,Audi,Audi Q5 2013,2013,"US$15,000","92,500 km",Automática - Secuencial,Gasolina
https://neoauto.com/auto/usado/audi-q5-2018-1863421,https://cdn.neoauto.com/elements/autos_usados/360x240/744234/744234_9954118.webp,Audi,Audi Q5 2018,2018,"US$24,500","83,000 km",Automática - Secuencial,Gasolina
https://neoauto.com/auto/usado/subaru-forester-2017-1800805,https://cdn.neoauto.com/elements/autos_usados/360x240/742726/742726_7470732.webp,Subaru,Subaru Forester 2017,2017,"US$17,500","58,500 km",Automática,Gasolina
https://neoauto.com/auto/usado/mazda-cx-9-2015-1865279,https://cdn.neoauto.com/elements/autos_usados/360x240/412460/412460_5196579.webp,Mazda,Mazda Cx-9 2015,2015,"US$15,500","120,000 km",Automática - Secuencial,Dual
https://neoauto.com/auto/usado/lexus-rx-450h-f-sport-2017-1814001,https://cdn.neoauto.com/elements/autos_usados/360x240/750754/750754_6847179.webp,Lexus,Lexus Rx 450h F Sport 2017,2017,"US$33,000","66,000 km",Automática - Secuencial,Gasolina-Híbrido
https://neoauto.com/auto/usado/renault-logan-2017-1866612,https://cdn.neoauto.com/elements/autos_usados/360x240/775878/775878_2437090.webp,Renault,Renault Logan 2017,2017,"US$12,000","12,500 km",Automática - Secuencial,Gasolina
https://neoauto.com/auto/usado/mercedes-benz-c-250-2016-1866611,https://cdn.neoauto.com/elements/autos_usados/360x240/776580/776580_8708424.webp,Mercedes-Benz,Mercedes Benz C-250 2016,2016,"US$21,000","67,500 km",Automática,Gasolina
https://neoauto.com/auto/usado/volvo-xc-90-2008-1866348,https://cdn.neoauto.com/elements/autos_usados/360x240/307234/307234_7840635.webp,Volvo,Volvo Xc-90 2008,2008,"US$8,500","215,858 km",Automática,Gasolina
https://neoauto.com/auto/usado/toyota-hilux-2023-1866524,https://cdn.neoauto.com/elements/autos_usados/360x240/776526/776526_8413419.webp,Toyota,Toyota Hilux 2023,2023,"US$29,000","83,000 km",Mecánica,Diesel
https://neoauto.com/auto/usado/chevrolet-traverse-2021-1869333,https://cdn.neoauto.com/elements/autos_usados/360x240/776404/776404_5690977.webp,Chevrolet,Chevrolet Traverse 2021,2021,"US$31,500","68,000 km",Automática - Secuencial,Gasolina
https://neoauto.com/auto/usado/mazda-cx-5-2020-1869272,https://cdn.neoauto.com/elements/autos_usados/360x240/721963/721963_8183250.webp,Mazda,Mazda Cx-5 2020,2020,"US$22,000","44,900 km",Automática,Gasolina
https://neoauto.com/auto/usado/volkswagen-gol-confort-sedan-2013-1790788,https://cdn.neoauto.com/elements/autos_usados/360x240/740946/740946_2955812.webp,Volkswagen,Volkswagen Gol Confort Sedan 2013,2013,"US$6,900","64,000 km",Mecánica,Gasolina
https://neoauto.com/auto/usado/mercedes-benz-a200-2020-1865474,https://cdn.neoauto.com/elements/autos_usados/360x240/645106/645106_3847403.webp,Mercedes-Benz,Mercedes Benz A200 2020,2020,"US$21,000","65,000 km",Automática - Secuencial,Gasolina
https://neoauto.com/auto/usado/mercedes-benz-c-200-2023-1868223,https://cdn.neoauto.com/elements/autos_usados/360x240/272548/272548_6641501.webp,Mercedes-Benz,Mercedes Benz C-200 2023,2023,"US$39,000","10,000 km",Automática - Secuencial,Gasolina-Híbrido
https://neoauto.com/auto/usado/chevrolet-tracker-2022-1867620,https://cdn.neoauto.com/elements/autos_usados/360x240/679196/679196_6198193.webp,Chevrolet,Chevrolet Tracker 2022,2022,"US$15,500","39,000 km",Mecánica,Gasolina
https://neoauto.com/auto/usado/jeep-compass-2021-1865868,https://cdn.neoauto.com/elements/autos_usados/360x240/748535/748535_1373294.webp,Jeep,Jeep Compass 2021,2021,"US$22,000","41,162 km",Automática,Gasolina
https://neoauto.com/auto/usado/mercedes-benz-gla-180-2019-1867081,https://cdn.neoauto.com/elements/autos_usados/360x240/776804/776804_7768383.webp,Mercedes-Benz,Mercedes Benz Gla 180 2019,2019,"US$21,000","59,000 km",Automática - Secuencial,Gasolina
https://neoauto.com/auto/usado/mazda-cx-5-2023-1867541,https://cdn.neoauto.com/elements/autos_usados/360x240/777011/777011_6773124.webp,Mazda,Mazda Cx-5 2023,2023,"US$24,800","28,000 km",Automática - Secuencial,Gasolina
https://neoauto.com/auto/usado/subaru-impreza-2019-1865584,https://cdn.neoauto.com/elements/autos_usados/360x240/776036/776036_8183519.webp,Subaru,Subaru Impreza 2019,2019,"US$16,500","83,000 km",Automática,Gasolina
https://neoauto.com/auto/usado/mercedes-benz-a45-amg-2014-1852021,https://cdn.neoauto.com/elements/autos_usados/360x240/657207/657207_8548518.webp,Mercedes-Benz,Mercedes Benz A45 Amg 2014,2014,"US$23,900","76,000 km",Automática - Secuencial,Gasolina
https://neoauto.com/auto/usado/bmw-x5-35i-2013-1851684,https://cdn.neoauto.com/elements/autos_usados/360x240/244891/244891_7022100.webp,BMW,Bmw X5 35i 2013,2013,"US$12,500","151,000 km",Automática - Secuencial,Gasolina
https://neoauto.com/auto/usado/volvo-xc-40-2021-1866583,https://cdn.neoauto.com/elements/autos_usados/360x240/344057/344057_8178178.webp,Volvo,Volvo Xc-40 2021,2021,"US$24,900","82,000 km",Automática,Gasolina
https://neoauto.com/auto/usado/honda-wr-v-2018-1864412,https://cdn.neoauto.com/elements/autos_usados/360x240/670298/670298_7870792.webp,Honda,Honda Wr-V 2018,2018,"US$13,000","62,600 km",Mecánica,Gasolina
https://neoauto.com/auto/usado/volkswagen-gol-comfort-1-6-2018-1844695,https://cdn.neoauto.com/elements/autos_usados/360x240/132521/132521_4304073.webp,Volkswagen,Volkswagen Gol Comfort 1.6 2018,2018,"US$8,500","62,000 km",Automática - Secuencial,Gasolina
https://neoauto.com/auto/usado/volkswagen-tiguan-2024-1868818,https://cdn.neoauto.com/elements/autos_usados/360x240/765956/765956_5887833.webp,Volkswagen,Volkswagen Tiguan 2024,2024,"US$26,900","11,990 km",Automática,Gasolina
https://neoauto.com/auto/usado/toyota-land-cruiser-prado-2014-1867854,https://cdn.neoauto.com/elements/autos_usados/360x240/320204/320204_4662210.webp,Toyota,Toyota Land Cruiser Prado 2014,2014,"US$28,000","94,000 km",Automática,Gasolina
https://neoauto.com/auto/usado/jaguar-f-pace-2017-1867436,https://cdn.neoauto.com/elements/autos_usados/360x240/754218/754218_9888604.webp,Jaguar,Jaguar F-Pace 2017,2017,"US$31,900","27,000 km",Automática - Secuencial,Gasolina
https://neoauto.com/auto/usado/chevrolet-tracker-2023-1864730,https://cdn.neoauto.com/elements/autos_usados/360x240/408363/408363_5282436.webp,Chevrolet,Chevrolet Tracker 2023,2023,"US$18,700","12,000 km",Automática - Secuencial,Dual
https://neoauto.com/auto/usado/hyundai-verna-2021-1867437,https://cdn.neoauto.com/elements/autos_usados/360x240/775539/775539_4289012.webp,Hyundai,Hyundai Verna 2021,2021,"US$12,100","53,558 km",Automática,Dual
https://neoauto.com/auto/usado/toyota-rav4-2014-1864711,https://cdn.neoauto.com/elements/autos_usados/360x240/260906/260906_7366827.webp,Toyota,Toyota Rav4 2014,2014,"US$15,000","82,000 km",Mecánica,Gasolina
https://neoauto.com/auto/usado/bmw-118i-2019-1864870,https://cdn.neoauto.com/elements/autos_usados/360x240/201959/201959_3332366.webp,BMW,Bmw 118i 2019,2019,"US$17,800","78,000 km",Automática,Gasolina
https://neoauto.com/auto/usado/hyundai-creta-grand-2024-1865785,https://cdn.neoauto.com/elements/autos_usados/360x240/776161/776161_1832645.webp,Hyundai,Hyundai Creta Grand 2024,2024,"US$23,000","12,657 km",Automática - Secuencial,Dual
https://neoauto.com/auto/usado/nissan-sentra-2016-1869275,https://cdn.neoauto.com/elements/autos_usados/360x240/619805/619805_7051476.webp,Nissan,Nissan Sentra 2016,2016,"US$10,500","186,242 km",Automática,Gasolina
https://neoauto.com/auto/usado/bmw-x5-30d-2012-1867234,https://cdn.neoauto.com/elements/autos_usados/360x240/206733/206733_8232220.webp,BMW,Bmw X5 30d 2012,2012,"US$14,900","203,000 km",Automática,Diesel
https://neoauto.com/auto/usado/mazda-cx-9-2019-1867265,https://cdn.neoauto.com/elements/autos_usados/360x240/271673/271673_3457734.webp,Mazda,Mazda Cx-9 2019,2019,"US$22,900","73,500 km",Automática - Secuencial,Gasolina
https://neoauto.com/auto/usado/jeep-grand-cherokee-laredo-2016-1823552,https://cdn.neoauto.com/elements/autos_usados/360x240/755350/755350_5668570.webp,Jeep,Jeep Grand Cherokee Laredo 2016,2016,"US$18,900","70,000 km",Automática - Secuencial,Gasolina
https://neoauto.com/auto/usado/toyota-corolla-2023-1846226,https://cdn.neoauto.com/elements/autos_usados/360x240/762679/762679_9252830.webp,Toyota,Toyota Corolla 2023,2023,"US$21,300","19,200 km",Automática,Gasolina
https://neoauto.com/auto/usado/land-rover-discovery-sport-2017-1868502,https://cdn.neoauto.com/elements/autos_usados/360x240/777412/777412_8046058.webp,Land Rover,Land Rover Discovery Sport 2017,2017,"US$26,000","83,000 km",Automática,Gasolina
https://neoauto.com/auto/usado/jeep-compass-sport-2015-1866620,https://cdn.neoauto.com/elements/autos_usados/360x240/776585/776585_7131905.webp,Jeep,Jeep Compass Sport 2015,2015,"US$12,500","122,000 km",Automática - Secuencial,Gasolina
https://neoauto.com/auto/usado/ford-explorer-2022-1865997,https://cdn.neoauto.com/elements/autos_usados/360x240/776260/776260_1162685.webp,Ford,Ford Explorer 2022,2022,"US$43,900","37,000 km",Automática - Secuencial,Gasolina
https://neoauto.com/auto/usado/nissan-frontier-2019-1863958,https://cdn.neoauto.com/elements/autos_usados/360x240/393466/393466_4645319.webp,Nissan,Nissan Frontier 2019,2019,"US$20,000","125,000 km",Mecánica,Diesel
https://neoauto.com/auto/usado/kia-carens-2025-1869230,https://cdn.neoauto.com/elements/autos_usados/360x240/750514/750514_2122146.webp,Kia,Kia Carens 2025,2025,"US$23,500","30,000 km",Automática,Dual
https://neoauto.com/auto/usado/honda-civic-turbo-2022-1862361,https://cdn.neoauto.com/elements/autos_usados/360x240/768628/768628_8955843.webp,Honda,Honda Civic Turbo 2022,2022,"US$31,000","4,500 km",Automática,Gasolina
https://neoauto.com/auto/usado/kia-optima-2014-1866502,https://cdn.neoauto.com/elements/autos_usados/360x240/668201/668201_4843928.webp,Kia,Kia Optima 2014,2014,"US$13,000","67,500 km",Automática - Secuencial,Gasolina
https://neoauto.com/auto/usado/honda-pilot-2020-1863875,https://cdn.neoauto.com/elements/autos_usados/360x240/168200/168200_2975181.webp,Honda,Honda Pilot 2020,2020,"US$29,000","69,000 km",Automática - Secuencial,Gasolina
https://neoauto.com/auto/usado/chevrolet-traverse-2021-1868094,https://cdn.neoauto.com/elements/autos_usados/360x240/694759/694759_8993472.webp,Chevrolet,Chevrolet Traverse 2021,2021,"US$35,000","50,500 km",Automática,Gasolina
https://neoauto.com/auto/usado/dfsk-k07s-2020-1865931,https://cdn.neoauto.com/elements/autos_usados/360x240/737359/737359_7897930.webp,DFSK,Dfsk K07s 2020,2020,"US$6,800",105 km,Mecánica,Dual
https://neoauto.com/auto/usado/bmw-x3-2017-1856282,https://cdn.neoauto.com/elements/autos_usados/360x240/537630/537630_2588870.webp,BMW,Bmw X3 2017,2017,"US$22,000","62,840 km",Automática - Secuencial,Gasolina
https://neoauto.com/auto/usado/haval-jolion-2024-1864100,https://cdn.neoauto.com/elements/autos_usados/360x240/191579/191579_4546197.webp,Haval,Haval Jolion 2024,2024,"US$17,900","10,000 km",Automática - Secuencial,Gasolina
https://neoauto.com/auto/usado/bmw-m2-coupe-2026-1865096,https://cdn.neoauto.com/elements/autos_usados/360x240/466935/466935_8389563.webp,BMW,Bmw M2 Coupe 2026,2026,"US$114,900",375 km,Automática - Secuencial,Gasolina
https://neoauto.com/auto/usado/bmw-x3-30e-2024-1868346,https://cdn.neoauto.com/elements/autos_usados/360x240/582444/582444_8951721.webp,BMW,Bmw X3 30e 2024,2024,"US$55,000","8,100 km",Automática - Secuencial,Gasolina-Híbrido
https://neoauto.com/auto/usado/bmw-x6-50i-2015-1563358,https://cdn.neoauto.com/elements/autos_usados/360x240/513042/513042_6309667.webp,BMW,Bmw X6 50i 2015,2015,"US$42,000","48,000 km",Automática - Secuencial,Gasolina
https://neoauto.com/auto/usado/kia-sorento-2020-1868866,https://cdn.neoauto.com/elements/autos_usados/360x240/453739/453739_5373506.webp,Kia,Kia Sorento 2020,2020,"US$25,990","31,200 km",Automática - Secuencial,Gasolina
https://neoauto.com/auto/usado/kia-carnival-2014-1863676,https://cdn.neoauto.com/elements/autos_usados/360x240/584773/584773_1491432.webp,Kia,Kia Carnival 2014,2014,"US$17,800","92,500 km",Automática,DIESEL
https://neoauto.com/auto/usado/mini-countryman-cooper-jcw-2023-1865983,https://cdn.neoauto.com/elements/autos_usados/360x240/233361/233361_6542697.webp,Mini,Mini Countryman Cooper Jcw 2023,2023,"US$38,000","21,500 km",Automática,Gasolina
https://neoauto.com/auto/usado/bmw-x5-40i-2019-1867799,https://cdn.neoauto.com/elements/autos_usados/360x240/662195/662195_1143500.webp,BMW,Bmw X5 40i 2019,2019,"US$57,900","41,000 km",Automática - Secuencial,Gasolina
https://neoauto.com/auto/usado/jeep-compass-2026-1868775,https://cdn.neoauto.com/elements/autos_usados/360x240/777570/777570_4940443.webp,Jeep,Jeep Compass 2026,2026,"US$34,190","1,250 km",Automática - Secuencial,Gasolina
https://neoauto.com/auto/usado/renault-captur-2022-1868730,https://cdn.neoauto.com/elements/autos_usados/360x240/777545/777545_9861656.webp,Renault,Renault Captur 2022,2022,"US$15,990","35,500 km",Automática,Gasolina
https://neoauto.com/auto/usado/bmw-x3-20i-2021-1869099,https://cdn.neoauto.com/elements/autos_usados/360x240/525394/525394_8365420.webp,BMW,Bmw X3 20i 2021,2021,"US$30,900","81,000 km",Automática - Secuencial,Gasolina
https://neoauto.com/auto/usado/toyota-corolla-2010-1865880,https://cdn.neoauto.com/elements/autos_usados/360x240/182497/182497_8579021.webp,Toyota,Toyota Corolla 2010,2010,"US$9,400","125,643 km",Automática,Gasolina
https://neoauto.com/auto/usado/bmw-x6-30d-2016-1865117,https://cdn.neoauto.com/elements/autos_usados/360x240/460512/460512_7065560.webp,BMW,Bmw X6 30d 2016,2016,"US$51,000","80,600 km",Automática - Secuencial,Diesel
https://neoauto.com/auto/usado/bmw-330i-2024-1743484,https://cdn.neoauto.com/elements/autos_usados/360x240/232159/232159_5595852.webp,BMW,Bmw 330i 2024,2024,"US$52,000","14,000 km",Automática - Secuencial,Gasolina
https://neoauto.com/auto/usado/bmw-x6-2019-1866025,https://cdn.neoauto.com/elements/autos_usados/360x240/470857/470857_3678955.webp,BMW,Bmw X6 2019,2019,"US$47,800","42,000 km",Automática - Secuencial,Gasolina
https://neoauto.com/auto/usado/chevrolet-tracker-2014-1869442,https://cdn.neoauto.com/elements/autos_usados/360x240/770536/770536_4358179.webp,Chevrolet,Chevrolet Tracker 2014,2014,"US$9,500","97,000 km",Automática,GLP
https://neoauto.com/auto/usado/lexus-es-250-2017-1851296,https://cdn.neoauto.com/elements/autos_usados/360x240/525394/525394_7631642.webp,Lexus,Lexus Es 250 2017,2017,"US$20,500","62,000 km",Automática - Secuencial,Gasolina
https://neoauto.com/auto/usado/toyota-fortuner-2017-1868661,https://cdn.neoauto.com/elements/autos_usados/360x240/777518/777518_5103940.webp,Toyota,Toyota Fortuner 2017,2017,"US$32,700","250,000 km",Mecánica,Diesel
https://neoauto.com/auto/usado/peugeot-208-2020-1867102,https://cdn.neoauto.com/elements/autos_usados/360x240/431096/431096_4909174.webp,Peugeot,Peugeot 208 2020,2020,"US$11,500","35,765 km",Mecánica,Gasolina
https://neoauto.com/auto/usado/dfsk-glory-330s-2024-1868559,https://cdn.neoauto.com/elements/autos_usados/360x240/191579/191579_7365193.webp,DFSK,Dfsk Glory 330s 2024,2024,"US$12,900",400 km,Mecánica,GNV
https://neoauto.com/auto/usado/mercedes-benz-gle-400-4matic-2017-1867092,https://cdn.neoauto.com/elements/autos_usados/360x240/453739/453739_6450447.webp,Mercedes-Benz,Mercedes-Benz Gle 400 4matic 2017,2017,"US$29,990","58,600 km",Automática - Secuencial,Gasolina
https://neoauto.com/auto/usado/jeep-compass-2026-1868276,https://cdn.neoauto.com/elements/autos_usados/360x240/662195/662195_4168284.webp,Jeep,Jeep Compass 2026,2026,"US$35,500","1,500 km",Automática - Secuencial,Gasolina
https://neoauto.com/auto/usado/hyundai-staria-2024-1868753,https://cdn.neoauto.com/elements/autos_usados/360x240/485972/485972_2981859.webp,Hyundai,Hyundai Staria 2024,2024,"US$24,990","14,221 km",Mecánica,Diesel
https://neoauto.com/auto/usado/bmw-x1-20i-2015-1864306,https://cdn.neoauto.com/elements/autos_usados/360x240/525394/525394_1477433.webp,BMW,Bmw X1 20i 2015,2015,"US$15,500","78,000 km",Automática - Secuencial,Gasolina
https://neoauto.com/auto/usado/suzuki-apv-2023-1868558,https://cdn.neoauto.com/elements/autos_usados/360x240/191579/191579_2421064.webp,Suzuki,Suzuki Apv 2023,2023,"US$13,300","73,000 km",Mecánica,GLP
https://neoauto.com/auto/usado/honda-wr-v-2021-1868124,https://cdn.neoauto.com/elements/autos_usados/360x240/777235/777235_9183501.webp,Honda,Honda Wr-V 2021,2021,"US$15,500","78,000 km",Automática,Dual
https://neoauto.com/auto/usado/bmw-x3-28i-2013-1867235,https://cdn.neoauto.com/elements/autos_usados/360x240/390874/390874_7098490.webp,BMW,Bmw X3 28i 2013,2013,"US$16,000","130,500 km",Automática - Secuencial,Gasolina
https://neoauto.com/auto/usado/volkswagen-beetle-2017-1863073,https://cdn.neoauto.com/elements/autos_usados/360x240/515561/515561_8559703.webp,Volkswagen,Volkswagen Beetle 2017,2017,"US$18,300","51,571 km",Automática - Secuencial,Gasolina
https://neoauto.com/auto/usado/honda-civic-2017-1869445,https://cdn.neoauto.com/elements/autos_usados/360x240/695517/695517_1593264.webp,Honda,Honda Civic 2017,2017,"US$21,500","96,254 km",Automática,Gasolina
https://neoauto.com/auto/usado/honda-wr-v-2019-1863103,https://cdn.neoauto.com/elements/autos_usados/360x240/454193/454193_7126167.webp,Honda,Honda Wr-V 2019,2019,"US$13,500","79,982 km",Mecánica,Gasolina
https://neoauto.com/auto/usado/suzuki-s-cross-2019-1862655,https://cdn.neoauto.com/elements/autos_usados/360x240/408381/408381_2467399.webp,Suzuki,Suzuki S-Cross 2019,2019,"US$14,800","27,000 km",Mecánica,Gasolina
https://neoauto.com/auto/usado/mazda-cx-9-2023-1863015,https://cdn.neoauto.com/elements/autos_usados/360x240/304674/304674_5497901.webp,Mazda,Mazda Cx-9 2023,2023,"US$33,500","31,000 km",Automática - Secuencial,Gasolina
https://neoauto.com/auto/usado/toyota-rav4-2018-1865351,https://cdn.neoauto.com/elements/autos_usados/360x240/426865/426865_9888187.webp,Toyota,Toyota Rav4 2018,2018,"US$18,800","51,800 km",Automática - Secuencial,GNV
https://neoauto.com/auto/usado/jetour-traveller-2025-1864102,https://cdn.neoauto.com/elements/autos_usados/360x240/540038/540038_1304450.webp,Jetour,Jetour Traveller 2025,2025,"US$33,000","3,250 km",Automática,Gasolina
https://neoauto.com/auto/usado/dodge-challenger-2010-1865078,https://cdn.neoauto.com/elements/autos_usados/360x240/466935/466935_9887834.webp,Dodge,Dodge Challenger 2010,2010,"US$25,900","56,000 km",Automática - Secuencial,Gasolina
https://neoauto.com/auto/usado/ram-700-2022-1864845,https://cdn.neoauto.com/elements/autos_usados/360x240/191579/191579_9919222.webp,RAM,Ram 700 2022,2022,"US$13,600","41,000 km",Mecánica,Gasolina
https://neoauto.com/auto/usado/toyota-corolla-2014-1847192,https://cdn.neoauto.com/elements/autos_usados/360x240/756822/756822_5861383.webp,Toyota,Toyota Corolla 2014,2014,"US$13,900","74,000 km",Automática - Secuencial,Dual
https://neoauto.com/auto/usado/baic-yinxiang-kenbo-s3-2014-1866384,https://cdn.neoauto.com/elements/autos_usados/360x240/440299/440299_1878411.webp,BAIC,Baic Yinxiang Kenbo S3 2014,2014,"US$7,500","35,000 km",Mecánica,Gasolina
https://neoauto.com/auto/usado/land-rover-defender-2021-1862593,https://cdn.neoauto.com/elements/autos_usados/360x240/560325/560325_1869959.webp,Land Rover,Land Rover Defender 2021,2021,"US$76,500","41,000 km",Automática - Secuencial,Gasolina-Híbrido
https://neoauto.com/auto/usado/kia-sportage-2015-1867743,https://cdn.neoauto.com/elements/autos_usados/360x240/243774/243774_3056968.webp,Kia,Kia Sportage 2015,2015,"US$15,300","82,000 km",Automática,Gasolina
https://neoauto.com/auto/usado/kia-sorento-2014-1864725,https://cdn.neoauto.com/elements/autos_usados/360x240/520977/520977_6078352.webp,Kia,Kia Sorento 2014,2014,"US$15,000","175,728 km",Automática - Secuencial,Gasolina
https://neoauto.com/auto/usado/volvo-xc-90-2022-1869118,https://cdn.neoauto.com/elements/autos_usados/360x240/525394/525394_1353955.webp,Volvo,Volvo Xc-90 2022,2022,"US$49,900","37,600 km",Automática - Secuencial,Gasolina-Híbrido
https://neoauto.com/auto/usado/land-rover-range-rover-sport-2010-1862433,https://cdn.neoauto.com/elements/autos_usados/360x240/470857/470857_8033083.webp,Land Rover,Land Rover Range Rover Sport 2010,2010,"US$20,000","103,000 km",Automática,Gasolina
https://neoauto.com/auto/usado/nissan-versa-drive-2024-1835971,https://cdn.neoauto.com/elements/autos_usados/360x240/749913/749913_5003707.webp,Nissan,Nissan Versa Drive 2024,2024,"US$12,290","27,000 km",Mecánica,Gasolina
https://neoauto.com/auto/usado/citroen-c4-cactus-2024-1869234,https://cdn.neoauto.com/elements/autos_usados/360x240/191579/191579_4072962.webp,Citroen,Citroen C4 Cactus 2024,2024,"US$16,600","3,000 km",Automática - Secuencial,Gasolina
https://neoauto.com/auto/usado/renault-koleos-2014-1858495,https://cdn.neoauto.com/elements/autos_usados/360x240/147652/147652_1818431.webp,Renault,Renault Koleos 2014,2014,"US$11,000","79,000 km",Automática - Secuencial,Gasolina
https://neoauto.com/auto/usado/seat-leon-style-2018-1866396,https://cdn.neoauto.com/elements/autos_usados/360x240/709314/709314_2794406.webp,Seat,Seat Leon Style 2018,2018,"US$25,000","1,000 km",Mecánica,Gasolina
https://neoauto.com/auto/usado/bmw-320i-2017-1867009,https://cdn.neoauto.com/elements/autos_usados/360x240/582444/582444_4998105.webp,BMW,Bmw 320i 2017,2017,"US$19,800","20,500 km",Automática - Secuencial,Gasolina
https://neoauto.com/auto/usado/mazda-3-sport-2009-1863330,https://cdn.neoauto.com/elements/autos_usados/360x240/774903/774903_7072923.webp,Mazda,Mazda 3 Sport 2009,2009,"US$8,500","76,000 km",Mecánica,Gasolina
https://neoauto.com/auto/usado/bmw-520-i-2014-1869420,https://cdn.neoauto.com/elements/autos_usados/360x240/431096/431096_7583313.webp,BMW,Bmw 520-I 2014,2014,"US$14,990","92,765 km",Automática - Secuencial,Gasolina
https://neoauto.com/auto/usado/mitsubishi-montero-sport-2017-1841234,https://cdn.neoauto.com/elements/autos_usados/360x240/677383/677383_2843508.webp,Mitsubishi,Mitsubishi Montero Sport 2017,2017,"US$25,000","90,000 km",Automática,Gasolina
https://neoauto.com/auto/usado/mini-cooper-s-2023-1867991,https://cdn.neoauto.com/elements/autos_usados/360x240/142457/142457_5364665.webp,Mini,Mini Cooper S 2023,2023,"US$28,390","38,000 km",Automática - Secuencial,Gasolina
https://neoauto.com/auto/usado/chevrolet-tracker-2016-1869050,https://cdn.neoauto.com/elements/autos_usados/360x240/725625/725625_6636382.webp,Chevrolet,Chevrolet Tracker 2016,2016,"US$11,900","37,000 km",Automática,Gasolina
https://neoauto.com/auto/usado/suzuki-vitara-2022-1868152,https://cdn.neoauto.com/elements/autos_usados/360x240/309032/309032_4261544.webp,Suzuki,Suzuki Vitara 2022,2022,"US$17,000","33,000 km",Mecánica,Gasolina
https://neoauto.com/auto/usado/subaru-evoltis-2022-1859742,https://cdn.neoauto.com/elements/autos_usados/360x240/750989/750989_7452006.webp,Subaru,Subaru Evoltis 2022,2022,"US$40,500","20,900 km",Automática - Secuencial,Gasolina
https://neoauto.com/auto/usado/kia-cerato-2023-1864445,https://cdn.neoauto.com/elements/autos_usados/360x240/692929/692929_4760147.webp,Kia,Kia Cerato 2023,2023,"US$16,300","60,000 km",Mecánica,Dual
https://neoauto.com/auto/usado/nissan-tiida-2012-1864007,https://cdn.neoauto.com/elements/autos_usados/360x240/719182/719182_8918338.webp,Nissan,Nissan Tiida 2012,2012,"US$8,800","124,000 km",Automática,Dual
https://neoauto.com/auto/usado/jeep-patriot-2016-1863411,https://cdn.neoauto.com/elements/autos_usados/360x240/659889/659889_9275792.webp,Jeep,Jeep Patriot 2016,2016,"US$17,000","41,000 km",Automática,Gasolina
https://neoauto.com/auto/usado/mercedes-benz-glc-250-4matic-2018-1851525,https://cdn.neoauto.com/elements/autos_usados/360x240/352446/352446_6346269.webp,Mercedes-Benz,Mercedes Benz Glc 250 4matic 2018,2018,"US$28,900","69,000 km",Automática - Secuencial,Gasolina
https://neoauto.com/auto/usado/mini-countryman-c-2024-1867003,https://cdn.neoauto.com/elements/autos_usados/360x240/582444/582444_1556648.webp,Mini,Mini Countryman C 2024,2024,"US$35,000","9,000 km",Automática - Secuencial,Gasolina-Híbrido
https://neoauto.com/auto/usado/renault-koleos-2016-1868336,https://cdn.neoauto.com/elements/autos_usados/360x240/224114/224114_9647055.webp,Renault,Renault Koleos 2016,2016,"US$14,000","89,200 km",Automática - Secuencial,Gasolina
https://neoauto.com/auto/usado/bmw-420i-gran-coupe-2018-1868414,https://cdn.neoauto.com/elements/autos_usados/360x240/751280/751280_1362301.webp,BMW,Bmw 420i Gran Coupe 2018,2018,"US$19,900","63,000 km",Automática - Secuencial,Gasolina
https://neoauto.com/auto/usado/kia-sportage-2023-1863717,https://cdn.neoauto.com/elements/autos_usados/360x240/307631/307631_5945124.webp,Kia,Kia Sportage 2023,2023,"US$27,500","25,500 km",Automática,Gasolina
https://neoauto.com/auto/usado/land-rover-range-rover-velar-2018-1853722,https://cdn.neoauto.com/elements/autos_usados/360x240/592797/592797_3364789.webp,Land Rover,Land Rover Range Rover Velar 2018,2018,"US$46,000","59,000 km",Automática - Secuencial,Gasolina
https://neoauto.com/auto/usado/dfsk-glory-330s-2025-1866482,https://cdn.neoauto.com/elements/autos_usados/360x240/776512/776512_1390122.webp,DFSK,Dfsk Glory 330s 2025,2025,"US$12,000","35,000 km",Mecánica,Dual
https://neoauto.com/auto/usado/kia-rio-2016-1862802,https://cdn.neoauto.com/elements/autos_usados/360x240/294971/294971_2681747.webp,Kia,Kia Rio 2016,2016,"US$10,700","78,000 km",Automática - Secuencial,Dual
https://neoauto.com/auto/usado/ford-escape-se-2014-1868868,https://cdn.neoauto.com/elements/autos_usados/360x240/492153/492153_2091808.webp,Ford,Ford Escape Se 2014,2014,"US$12,900","110,000 km",Automática - Secuencial,Gasolina
https://neoauto.com/auto/usado/maserati-grecale-2023-1853428,https://cdn.neoauto.com/elements/autos_usados/360x240/662195/662195_6504284.webp,Maserati,Maserati Grecale 2023,2023,"US$79,900","9,500 km",Automática - Secuencial,Gasolina-Híbrido
https://neoauto.com/auto/usado/jeep-compass-2010-1869020,https://cdn.neoauto.com/elements/autos_usados/360x240/657870/657870_5947085.webp,Jeep,Jeep Compass 2010,2010,"US$8,900","96,000 km",Automática - Secuencial,Gasolina
https://neoauto.com/auto/usado/mini-countryman-c-2026-1868232,https://cdn.neoauto.com/elements/autos_usados/360x240/466935/466935_3067233.webp,Mini,Mini Countryman C 2026,2026,"US$37,300","5,300 km",Automática - Secuencial,Gasolina
https://neoauto.com/auto/usado/bmw-x3-30i-2018-1869437,https://cdn.neoauto.com/elements/autos_usados/360x240/525394/525394_6604266.webp,BMW,Bmw X3 30i 2018,2018,"US$28,900","59,500 km",Automática - Secuencial,Gasolina
https://neoauto.com/auto/usado/ford-f-150-raptor-2019-1866659,https://cdn.neoauto.com/elements/autos_usados/360x240/410839/410839_5253238.webp,Ford,Ford F-150 Raptor 2019,2019,"US$61,900","35,900 km",Automática - Secuencial,Gasolina
https://neoauto.com/auto/usado/mg-mg3-2017-1864123,https://cdn.neoauto.com/elements/autos_usados/360x240/763431/763431_9584668.webp,MG,Mg Mg3 2017,2017,"US$8,200","60,000 km",Mecánica,Gasolina
https://neoauto.com/auto/usado/kia-seltos-2023-1864480,https://cdn.neoauto.com/elements/autos_usados/360x240/649934/649934_7193188.webp,Kia,Kia Seltos 2023,2023,"US$21,000","22,500 km",Automática,Gasolina
https://neoauto.com/auto/usado/suzuki-baleno-2022-1765910,https://cdn.neoauto.com/elements/autos_usados/360x240/718922/718922_5796966.webp,Suzuki,Suzuki Baleno 2022,2022,"US$12,500","58,500 km",Automática,Gasolina
https://neoauto.com/auto/usado/suzuki-swift-2022-1867832,https://cdn.neoauto.com/elements/autos_usados/360x240/488054/488054_1887208.webp,Suzuki,Suzuki Swift 2022,2022,"US$12,500","31,000 km",Mecánica,Gasolina
https://neoauto.com/auto/usado/kia-soluto-2022-1866656,https://cdn.neoauto.com/elements/autos_usados/360x240/749437/749437_8923705.webp,Kia,Kia Soluto 2022,2022,"US$13,200","32,700 km",Automática - Secuencial,Gasolina
https://neoauto.com/auto/usado/audi-q3-sportback-2023-1867411,https://cdn.neoauto.com/elements/autos_usados/360x240/776959/776959_5057370.webp,Audi,Audi Q3 Sportback 2023,2023,"US$37,000","34,593 km",Automática,Gasolina
https://neoauto.com/auto/usado/audi-a4-2018-1869104,https://cdn.neoauto.com/elements/autos_usados/360x240/692508/692508_5537413.webp,Audi,Audi A4 2018,2018,"US$22,500","18,000 km",Automática - Secuencial,Gasolina
https://neoauto.com/auto/usado/volkswagen-tiguan-2023-1862540,https://cdn.neoauto.com/elements/autos_usados/360x240/774415/774415_1912491.webp,Volkswagen,Volkswagen Tiguan 2023,2023,"US$23,000","33,500 km",Automática,Gasolina
https://neoauto.com/auto/usado/mercedes-benz-c-180-2017-1869246,https://cdn.neoauto.com/elements/autos_usados/360x240/279827/279827_4231177.webp,Mercedes-Benz,Mercedes-Benz C-180 2017,2017,"US$21,900","70,000 km",Automática - Secuencial,Gasolina
https://neoauto.com/auto/usado/volkswagen-crossfox-2018-1869345,https://cdn.neoauto.com/elements/autos_usados/360x240/680264/680264_7596484.webp,Volkswagen,Volkswagen Crossfox 2018,2018,"US$11,500","77,000 km",Automática - Secuencial,Gasolina
https://neoauto.com/auto/usado/bmw-x1-2012-1863321,https://cdn.neoauto.com/elements/autos_usados/360x240/774866/774866_8945060.webp,BMW,Bmw X1 2012,2012,"US$11,500","87,000 km",Automática - Secuencial,Gasolina
https://neoauto.com/auto/usado/mitsubishi-l200-2023-1862846,https://cdn.neoauto.com/elements/autos_usados/360x240/774486/774486_4987779.webp,Mitsubishi,Mitsubishi L200 2023,2023,"US$25,360","9,000 km",Mecánica,Diesel
https://neoauto.com/auto/usado/bmw-x6-40i-2021-1869394,https://cdn.neoauto.com/elements/autos_usados/360x240/777561/777561_5220633.webp,BMW,Bmw X6 40i 2021,2021,"US$67,500","45,000 km",Automática - Secuencial,Gasolina
https://neoauto.com/auto/usado/nissan-tiida-2012-1865873,https://cdn.neoauto.com/elements/autos_usados/360x240/114176/114176_2661291.webp,Nissan,Nissan Tiida 2012,2012,"US$9,700","10,411 km",Mecánica,Gasolina
https://neoauto.com/auto/usado/nissan-x-trail-2015-1867331,https://cdn.neoauto.com/elements/autos_usados/360x240/776916/776916_7208414.webp,Nissan,Nissan X-Trail 2015,2015,"US$13,000","150,000 km",Automática,Gasolina
https://neoauto.com/auto/usado/bmw-740i-2012-1863023,https://cdn.neoauto.com/elements/autos_usados/360x240/309311/309311_9259176.webp,BMW,Bmw 740i 2012,2012,"US$16,900","69,000 km",Automática - Secuencial,Gasolina
https://neoauto.com/auto/usado/renault-duster-2017-1868874,https://cdn.neoauto.com/elements/autos_usados/360x240/492153/492153_9248783.webp,Renault,Renault Duster 2017,2017,"US$12,900","45,000 km",Automática - Secuencial,Gasolina
https://neoauto.com/auto/usado/changan-cs35-2016-1866507,https://cdn.neoauto.com/elements/autos_usados/360x240/298136/298136_8891916.webp,Changan,Changan Cs35 2016,2016,"US$8,500","100,000 km",Mecánica,GNV
https://neoauto.com/auto/usado/kia-sonet-2023-1863557,https://cdn.neoauto.com/elements/autos_usados/360x240/723287/723287_2536401.webp,Kia,Kia Sonet 2023,2023,"US$16,500","60,000 km",Automática - Secuencial,Gasolina
https://neoauto.com/auto/usado/mini-cooper-2014-1863826,https://cdn.neoauto.com/elements/autos_usados/360x240/746013/746013_2717583.webp,Mini,Mini Cooper 2014,2014,"US$12,499","58,930 km",Automática,Gasolina
https://neoauto.com/auto/usado/subaru-xv-2020-1867632,https://cdn.neoauto.com/elements/autos_usados/360x240/415809/415809_4664319.webp,Subaru,Subaru Xv 2020,2020,"US$21,000","49,000 km",Automática - Secuencial,Gasolina
https://neoauto.com/auto/usado/mercedes-benz-c-320-2005-1862607,https://cdn.neoauto.com/elements/autos_usados/360x240/758891/758891_5183654.webp,Mercedes-Benz,Mercedes Benz C-320 2005,2005,"US$14,500","310,125 km",Mecánica,Diesel
https://neoauto.com/auto/usado/volkswagen-nivus-2022-1864199,https://cdn.neoauto.com/elements/autos_usados/360x240/737913/737913_6743762.webp,Volkswagen,Volkswagen Nivus 2022,2022,"US$16,000","26,689 km",Mecánica,Gasolina
https://neoauto.com/auto/usado/hyundai-h-1-2016-1868665,https://cdn.neoauto.com/elements/autos_usados/360x240/777518/777518_3745382.webp,Hyundai,Hyundai H-1 2016,2016,"US$18,700","200,000 km",Mecánica,Diesel
https://neoauto.com/auto/usado/land-rover-discovery-1996-1851390,https://cdn.neoauto.com/elements/autos_usados/360x240/253559/253559_3642340.webp,Land Rover,Land Rover Discovery 1996,1996,"US$8,000","200,000 km",Automática,Gasolina
https://neoauto.com/auto/usado/citroen-c5-aircross-2023-1869243,https://cdn.neoauto.com/elements/autos_usados/360x240/765471/765471_2538226.webp,Citroen,Citroen C5 Aircross 2023,2023,"US$24,900","21,600 km",Automática - Secuencial,Gasolina
https://neoauto.com/auto/usado/hyundai-tucson-2008-1863474,https://cdn.neoauto.com/elements/autos_usados/360x240/775003/775003_4272738.webp,Hyundai,Hyundai Tucson 2008,2008,"US$8,300","232,000 km",Automática - Secuencial,Dual
https://neoauto.com/auto/usado/bmw-x4-m40i-2023-1863325,https://cdn.neoauto.com/elements/autos_usados/360x240/294649/294649_4591009.webp,BMW,Bmw X4 M40i 2023,2023,"US$74,500","19,900 km",Automática - Secuencial,Gasolina
https://neoauto.com/auto/usado/jeep-cherokee-laredo-2016-1862693,https://cdn.neoauto.com/elements/autos_usados/360x240/774563/774563_2309546.webp,Jeep,Jeep Cherokee Laredo 2016,2016,"US$19,000","88,000 km",Automática - Secuencial,Gasolina
https://neoauto.com/auto/usado/bmw-x1-18i-2013-1869016,https://cdn.neoauto.com/elements/autos_usados/360x240/140550/140550_2262616.webp,BMW,Bmw X1 18i 2013,2013,"US$13,000","96,000 km",Automática - Secuencial,Gasolina
https://neoauto.com/auto/usado/toyota-avanza-2024-1862728,https://cdn.neoauto.com/elements/autos_usados/360x240/697149/697149_1449802.webp,Toyota,Toyota Avanza 2024,2024,"US$17,500","62,000 km",Mecánica,Gasolina
https://neoauto.com/auto/usado/toyota-rav4-2014-1869051,https://cdn.neoauto.com/elements/autos_usados/360x240/247631/247631_3966426.webp,Toyota,Toyota Rav4 2014,2014,"US$15,400","179,300 km",Automática - Secuencial,Dual
https://neoauto.com/auto/usado/honda-hrv-2026-1865188,https://cdn.neoauto.com/elements/autos_usados/360x240/333731/333731_3456967.webp,Honda,Honda Hrv 2026,2026,"US$26,000","2,600 km",Automática,Gasolina
https://neoauto.com/auto/usado/mazda-3-2018-1864194,https://cdn.neoauto.com/elements/autos_usados/360x240/521996/521996_3738816.webp,Mazda,Mazda 3 2018,2018,"US$14,800","78,000 km",Mecánica,Gasolina
https://neoauto.com/auto/usado/volkswagen-crossfox-2019-1864955,https://cdn.neoauto.com/elements/autos_usados/360x240/596313/596313_3500973.webp,Volkswagen,Volkswagen Crossfox 2019,2019,"US$11,500","42,582 km",Mecánica,Dual
https://neoauto.com/auto/usado/mitsubishi-montero-sport-2014-1863708,https://cdn.neoauto.com/elements/autos_usados/360x240/204261/204261_1154078.webp,Mitsubishi,Mitsubishi Montero Sport 2014,2014,"US$20,500","111,500 km",Automática - Secuencial,Diesel
https://neoauto.com/auto/usado/subaru-tribeca-2009-1864157,https://cdn.neoauto.com/elements/autos_usados/360x240/774890/774890_1144387.webp,Subaru,Subaru Tribeca 2009,2009,"US$10,999","182,000 km",Automática,GLP
https://neoauto.com/auto/usado/volkswagen-nivus-2024-1865696,https://cdn.neoauto.com/elements/autos_usados/360x240/322458/322458_4926504.webp,Volkswagen,Volkswagen Nivus 2024,2024,"US$20,500","28,000 km",Automática - Secuencial,Gasolina
https://neoauto.com/auto/usado/volkswagen-jetta-2019-1867441,https://cdn.neoauto.com/elements/autos_usados/360x240/460468/460468_7202302.webp,Volkswagen,Volkswagen Jetta 2019,2019,"US$15,900","120,000 km",Mecánica,Gasolina
https://neoauto.com/auto/usado/toyota-land-cruiser-prado-2023-1867317,https://cdn.neoauto.com/elements/autos_usados/360x240/581704/581704_7086172.webp,Toyota,Toyota Land Cruiser Prado 2023,2023,"US$55,000","102,000 km",Automática - Secuencial,Gasolina
https://neoauto.com/auto/usado/nissan-versa-sense-2017-1863952,https://cdn.neoauto.com/elements/autos_usados/360x240/708532/708532_3353102.webp,Nissan,Nissan Versa Sense 2017,2017,"US$9,400","91,000 km",Automática,Gasolina
https://neoauto.com/auto/usado/nissan-versa-2019-1863218,https://cdn.neoauto.com/elements/autos_usados/360x240/774848/774848_9211102.webp,Nissan,Nissan Versa 2019,2019,"US$10,360","84,400 km",Mecánica,GLP
https://neoauto.com/auto/usado/porsche-cayenne-2016-1869346,https://cdn.neoauto.com/elements/autos_usados/360x240/114176/114176_4545934.webp,Porsche,Porsche Cayenne 2016,2016,"US$33,900","93,121 km",Automática - Secuencial,Gasolina
https://neoauto.com/auto/usado/hyundai-tucson-2011-1869297,https://cdn.neoauto.com/elements/autos_usados/360x240/651857/651857_8669265.webp,Hyundai,Hyundai Tucson 2011,2011,"US$12,000","114,500 km",Automática,Gasolina
https://neoauto.com/auto/usado/bmw-120i-2016-1868851,https://cdn.neoauto.com/elements/autos_usados/360x240/692508/692508_6802126.webp,BMW,Bmw 120i 2016,2016,"US$20,500","70,000 km",Automática - Secuencial,Gasolina
https://neoauto.com/auto/usado/mercedes-benz-gle-450-4-matic-2020-1867181,https://cdn.neoauto.com/elements/autos_usados/360x240/222589/222589_2918144.webp,Mercedes-Benz,Mercedes Benz Gle 450 4 Matic 2020,2020,"US$55,000","49,800 km",Automática - Secuencial,Gasolina
https://neoauto.com/auto/usado/toyota-yaris-2014-1868595,https://cdn.neoauto.com/elements/autos_usados/360x240/523982/523982_7466690.webp,Toyota,Toyota Yaris 2014,2014,"US$7,700","280,000 km",Mecánica,GNV
https://neoauto.com/auto/usado/seat-ibiza-style-2023-1863032,https://cdn.neoauto.com/elements/autos_usados/360x240/558264/558264_5098582.webp,Seat,Seat Ibiza Style 2023,2023,"US$14,500","44,000 km",Mecánica,Gasolina
https://neoauto.com/auto/usado/chevrolet-camaro-2016-1863013,https://cdn.neoauto.com/elements/autos_usados/360x240/774743/774743_6447021.webp,Chevrolet,Chevrolet Camaro 2016,2016,"US$30,000","29,500 km",Automática,Gasolina
https://neoauto.com/auto/usado/mazda-bt-50-2025-1867440,https://cdn.neoauto.com/elements/autos_usados/360x240/763306/763306_3705246.webp,Mazda,Mazda Bt-50 2025,2025,"US$33,000","2,750 km",Mecánica,Diesel
https://neoauto.com/auto/usado/bmw-x3-20i-2017-1863093,https://cdn.neoauto.com/elements/autos_usados/360x240/210597/210597_8141702.webp,BMW,Bmw X3 20i 2017,2017,"US$27,000","58,000 km",Automática,Gasolina
https://neoauto.com/auto/usado/toyota-fortuner-2019-1869161,https://cdn.neoauto.com/elements/autos_usados/360x240/723277/723277_7952804.webp,Toyota,Toyota Fortuner 2019,2019,"US$30,500","44,090 km",Mecánica,Gasolina
https://neoauto.com/auto/usado/chevrolet-captiva-2014-1867756,https://cdn.neoauto.com/elements/autos_usados/360x240/599726/599726_1478093.webp,Chevrolet,Chevrolet Captiva 2014,2014,"US$12,300","63,350 km",Automática - Secuencial,Gasolina
https://neoauto.com/auto/usado/volkswagen-beetle-2017-1869089,https://cdn.neoauto.com/elements/autos_usados/360x240/265681/265681_2151407.webp,Volkswagen,Volkswagen Beetle 2017,2017,"US$15,500","19,200 km",Automática - Secuencial,Gasolina
https://neoauto.com/auto/usado/kia-sorento-2016-1864842,https://cdn.neoauto.com/elements/autos_usados/360x240/774647/774647_8471287.webp,Kia,Kia Sorento 2016,2016,"US$18,000","96,000 km",Automática - Secuencial,Gasolina
https://neoauto.com/auto/usado/porsche-macan-turbo-2015-1866673,https://cdn.neoauto.com/elements/autos_usados/360x240/737933/737933_5267197.webp,Porsche,Porsche Macan Turbo 2015,2015,"US$42,000","57,400 km",Automática - Secuencial,Gasolina
https://neoauto.com/auto/usado/bmw-x1-20i-2022-1863040,https://cdn.neoauto.com/elements/autos_usados/360x240/364731/364731_2503453.webp,BMW,Bmw X1 20i 2022,2022,"US$36,000","18,000 km",Automática,Gasolina
https://neoauto.com/auto/usado/nissan-versa-2024-1857351,https://cdn.neoauto.com/elements/autos_usados/360x240/212496/212496_6747465.webp,Nissan,Nissan Versa 2024,2024,"US$14,500","60,000 km",Mecánica,Dual
https://neoauto.com/auto/usado/changan-new-van-2024-1869193,https://cdn.neoauto.com/elements/autos_usados/360x240/368483/368483_2161708.webp,Changan,Changan New Van 2024,2024,"US$10,600","35,000 km",Mecánica,Dual
https://neoauto.com/auto/usado/subaru-forester-2010-1867136,https://cdn.neoauto.com/elements/autos_usados/360x240/776826/776826_9064563.webp,Subaru,Subaru Forester 2010,2010,"US$9,990","86,750 km",Automática,Dual
https://neoauto.com/auto/usado/subaru-forester-2020-1868122,https://cdn.neoauto.com/elements/autos_usados/360x240/777234/777234_5960525.webp,Subaru,Subaru Forester 2020,2020,"US$22,900","70,000 km",Automática,Gasolina
https://neoauto.com/auto/usado/volkswagen-passat-2013-1862832,https://cdn.neoauto.com/elements/autos_usados/360x240/679418/679418_8159108.webp,Volkswagen,Volkswagen Passat 2013,2013,"US$11,100","92,000 km",Automática - Secuencial,Gasolina
https://neoauto.com/auto/usado/volkswagen-tiguan-2014-1866666,https://cdn.neoauto.com/elements/autos_usados/360x240/658400/658400_4163914.webp,Volkswagen,Volkswagen Tiguan 2014,2014,"US$15,000",78 km,Mecánica,Gasolina
https://neoauto.com/auto/usado/bmw-x1-2016-1867030,https://cdn.neoauto.com/elements/autos_usados/360x240/470857/470857_7642309.webp,BMW,Bmw X1 2016,2016,"US$21,000","82,000 km",Automática,Gasolina
https://neoauto.com/auto/usado/honda-civic-2016-1868501,https://cdn.neoauto.com/elements/autos_usados/360x240/725625/725625_7669282.webp,Honda,Honda Civic 2016,2016,"US$15,400","93,000 km",Automática,Gasolina
https://neoauto.com/auto/usado/honda-cr-v-2007-1869402,https://cdn.neoauto.com/elements/autos_usados/360x240/724276/724276_3166935.webp,Honda,Honda Cr-V 2007,2007,"US$9,000","216,000 km",Automática,Gasolina
https://neoauto.com/auto/usado/hyundai-tucson-2009-1866742,https://cdn.neoauto.com/elements/autos_usados/360x240/698826/698826_3303723.webp,Hyundai,Hyundai Tucson 2009,2009,"US$9,200","143,500 km",Automática,Gasolina
https://neoauto.com/auto/usado/kia-cerato-2016-1862512,https://cdn.neoauto.com/elements/autos_usados/360x240/770161/770161_3906538.webp,Kia,Kia Cerato 2016,2016,"US$11,500","96,860 km",Mecánica,Dual
https://neoauto.com/auto/usado/audi-a1-sportback-2018-1868736,https://cdn.neoauto.com/elements/autos_usados/360x240/145273/145273_1073841.webp,Audi,Audi A1 Sportback 2018,2018,"US$19,800","7,500 km",Automática - Secuencial,Gasolina
https://neoauto.com/auto/usado/kia-sportage-2014-1869266,https://cdn.neoauto.com/elements/autos_usados/360x240/452981/452981_1784424.webp,Kia,Kia Sportage 2014,2014,"US$14,000","146,000 km",Automática,Gasolina
https://neoauto.com/auto/usado/subaru-impreza-sport-2014-1853792,https://cdn.neoauto.com/elements/autos_usados/360x240/377682/377682_9752304.webp,Subaru,Subaru Impreza Sport 2014,2014,"US$10,500","66,000 km",Mecánica,Gasolina
https://neoauto.com/auto/usado/audi-q3-2017-1863246,https://cdn.neoauto.com/elements/autos_usados/360x240/114176/114176_8528846.webp,Audi,Audi Q3 2017,2017,"US$16,900","78,411 km",Automática,Gasolina
https://neoauto.com/auto/usado/bmw-420i-gran-coupe-2015-1868251,https://cdn.neoauto.com/elements/autos_usados/360x240/777171/777171_7604533.webp,BMW,Bmw 420i Gran Coupe 2015,2015,"US$16,000","100,000 km",Automática - Secuencial,Gasolina
https://neoauto.com/auto/usado/bmw-x6-35i-2015-1865381,https://cdn.neoauto.com/elements/autos_usados/360x240/775956/775956_8791745.webp,BMW,Bmw X6 35i 2015,2015,"US$24,900","110,000 km",Automática,Gasolina
https://neoauto.com/auto/usado/toyota-corolla-2015-1807222,https://cdn.neoauto.com/elements/autos_usados/360x240/748265/748265_9327953.webp,Toyota,Toyota Corolla 2015,2015,"US$12,500","75,000 km",Automática,Gasolina
https://neoauto.com/auto/usado/jeep-cherokee-longitude-2018-1869040,https://cdn.neoauto.com/elements/autos_usados/360x240/114176/114176_8129420.webp,Jeep,Jeep Cherokee Longitude 2018,2018,"US$15,900","73,211 km",Automática,Gasolina
https://neoauto.com/auto/usado/hyundai-creta-2022-1864485,https://cdn.neoauto.com/elements/autos_usados/360x240/775530/775530_7045622.webp,Hyundai,Hyundai Creta 2022,2022,"US$16,800","64,500 km",Automática,Gasolina
https://neoauto.com/auto/usado/kia-cerato-2014-1863855,https://cdn.neoauto.com/elements/autos_usados/360x240/775211/775211_9188518.webp,Kia,Kia Cerato 2014,2014,"US$11,800","44,000 km",Automática,Gasolina
https://neoauto.com/auto/usado/peugeot-5008-2023-1866169,https://cdn.neoauto.com/elements/autos_usados/360x240/266096/266096_8916934.webp,Peugeot,Peugeot 5008 2023,2023,"US$31,500",950 km,Automática - Secuencial,Gasolina
https://neoauto.com/auto/usado/kia-rio-2022-1863607,https://cdn.neoauto.com/elements/autos_usados/360x240/649666/649666_6149393.webp,Kia,Kia Rio 2022,2022,"US$12,000","36,500 km",Automática - Secuencial,GLP
https://neoauto.com/auto/usado/audi-a4-2014-1862544,https://cdn.neoauto.com/elements/autos_usados/360x240/373636/373636_7307740.webp,Audi,Audi A4 2014,2014,"US$14,500","104,649 km",Automática - Secuencial,Gasolina
https://neoauto.com/auto/seminuevo/jeep-commander-2023-1865630,https://cdn.neoauto.com/elements/autos_usados/360x240/659946/659946_7441134.webp,Jeep,Jeep Commander 2023,2023,"US$32,990","24,202 km",Automática,Gasolina
https://neoauto.com/auto/seminuevo/jeep-grand-cherokee-2023-1865099,https://cdn.neoauto.com/elements/autos_usados/360x240/659946/659946_1194921.webp,Jeep,Jeep Grand Cherokee 2023,2023,"US$55,990","41,000 km",Automática - Secuencial,Gasolina
https://neoauto.com/auto/seminuevo/bmw-316i-2014-1866091,https://cdn.neoauto.com/elements/autos_usados/360x240/124038/124038_5435542.webp,BMW,Bmw 316i 2014,2014,"US$13,900","61,900 km",Automática - Secuencial,Gasolina
https://neoauto.com/auto/seminuevo/bmw-m240i-2023-1854105,https://cdn.neoauto.com/elements/autos_usados/360x240/659946/659946_1963551.webp,BMW,Bmw M240i 2023,2023,"US$51,900","21,000 km",Automática - Secuencial,Gasolina
https://neoauto.com/auto/seminuevo/audi-a5-sportback-2021-1869360,https://cdn.neoauto.com/elements/autos_usados/360x240/124038/124038_3546623.webp,Audi,Audi A5 Sportback 2021,2021,"US$35,000","58,700 km",Automática - Secuencial,Gasolina
https://neoauto.com/auto/seminuevo/seat-ateca-2022-1869039,https://cdn.neoauto.com/elements/autos_usados/360x240/662891/662891_8916677.webp,Seat,Seat Ateca 2022,2022,"US$21,890","25,500 km",Automática,Gasolina
https://neoauto.com/auto/seminuevo/mercedes-benz-cle-300-coupe-2024-1859472,https://cdn.neoauto.com/elements/autos_usados/360x240/659946/659946_7080138.webp,Mercedes-Benz,Mercedes Benz Cle 300 Coupe 2024,2024,"US$74,000","4,600 km",Automática - Secuencial,Gasolina
https://neoauto.com/auto/seminuevo/ford-mustang-1965-1864891,https://cdn.neoauto.com/elements/autos_usados/360x240/659946/659946_7762238.webp,Ford,Ford Mustang 1965,1965,"US$19,990","10,577 km",Mecánica,Gasolina
https://neoauto.com/auto/seminuevo/bmw-m340i-xdrive-2022-1852984,https://cdn.neoauto.com/elements/autos_usados/360x240/659946/659946_1884534.webp,BMW,Bmw M340i Xdrive 2022,2022,"US$48,990","26,450 km",Automática - Secuencial,Gasolina
https://neoauto.com/auto/seminuevo/honda-cr-v-2020-1869054,https://cdn.neoauto.com/elements/autos_usados/360x240/662891/662891_1917741.webp,Honda,Honda Cr-V 2020,2020,"US$23,890","97,200 km",Automática,Gasolina
https://neoauto.com/auto/seminuevo/jeep-grand-cherokee-2019-1859684,https://cdn.neoauto.com/elements/autos_usados/360x240/659946/659946_7778693.webp,Jeep,Jeep Grand Cherokee 2019,2019,"US$30,500","54,700 km",Automática - Secuencial,Gasolina
https://neoauto.com/auto/seminuevo/mercedes-benz-gle-400-4matic-2017-1868389,https://cdn.neoauto.com/elements/autos_usados/360x240/124038/124038_8650762.webp,Mercedes-Benz,Mercedes Benz Gle 400 4matic 2017,2017,"US$31,900","58,000 km",Automática - Secuencial,Gasolina
https://neoauto.com/auto/seminuevo/bmw-m235i-xdrive-grand-coupe-2026-1862970,https://cdn.neoauto.com/elements/autos_usados/360x240/659946/659946_6886108.webp,BMW,Bmw M235i Xdrive Grand Coupé 2026,2026,"US$54,990",900 km,Automática - Secuencial,Gasolina
https://neoauto.com/auto/seminuevo/maserati-granturismo-2013-1837389,https://cdn.neoauto.com/elements/autos_usados/360x240/659946/659946_5084543.webp,Maserati,Maserati Granturismo 2013,2013,"US$57,990","25,387 km",Automática,Gasolina
https://neoauto.com/auto/seminuevo/chevrolet-traverse-2023-1869032,https://cdn.neoauto.com/elements/autos_usados/360x240/662891/662891_3402298.webp,Chevrolet,Chevrolet Traverse 2023,2023,"US$39,490","28,400 km",Automática - Secuencial,Gasolina
https://neoauto.com/auto/seminuevo/mini-hatch-cooper-s-2022-1869041,https://cdn.neoauto.com/elements/autos_usados/360x240/662891/662891_6774775.webp,Mini,Mini Hatch Cooper S 2022,2022,"US$28,890","16,400 km",Automática,Gasolina
https://neoauto.com/auto/seminuevo/volvo-v90-cross-country-2018-1869083,https://cdn.neoauto.com/elements/autos_usados/360x240/659946/659946_5837229.webp,Volvo,Volvo V90 Cross Country 2018,2018,"US$29,990","40,300 km",Automática,Gasolina
https://neoauto.com/auto/seminuevo/mercedes-benz-c-200-2022-1864476,https://cdn.neoauto.com/elements/autos_usados/360x240/124038/124038_5284449.webp,Mercedes-Benz,Mercedes Benz C-200 2022,2022,"US$37,250","50,000 km",Automática - Secuencial,Gasolina
https://neoauto.com/auto/seminuevo/ford-f-150-raptor-2021-1866625,https://cdn.neoauto.com/elements/autos_usados/360x240/659946/659946_9222889.webp,Ford,Ford F-150 Raptor 2021,2021,"US$69,990","34,000 km",Automática - Secuencial,Gasolina
https://neoauto.com/auto/seminuevo/land-rover-range-rover-sport-2016-1866504,https://cdn.neoauto.com/elements/autos_usados/360x240/659946/659946_8099989.webp,Land Rover,Land Rover Range Rover Sport 2016,2016,"US$29,990","113,800 km",Automática - Secuencial,Gasolina
https://neoauto.com/auto/seminuevo/mercedes-benz-s-500-coupe-4matic-2015-1868884,https://cdn.neoauto.com/elements/autos_usados/360x240/659946/659946_4228026.webp,Mercedes-Benz,Mercedes-Benz S 500 Coupe 4matic 2015,2015,"US$45,000","65,600 km",Automática - Secuencial,Gasolina
https://neoauto.com/auto/seminuevo/honda-pilot-2017-1869047,https://cdn.neoauto.com/elements/autos_usados/360x240/662891/662891_2553045.webp,Honda,Honda Pilot 2017,2017,"US$20,490","107,600 km",Automática,Gasolina
https://neoauto.com/auto/seminuevo/mercedes-benz-slc-450-1975-1867719,https://cdn.neoauto.com/elements/autos_usados/360x240/659946/659946_5914412.webp,Mercedes-Benz,Mercedes Benz Slc-450 1975,1975,"US$10,990","189,000 km",Automática,Gasolina
https://neoauto.com/auto/seminuevo/mercedes-benz-gle-400-4matic-2019-1864418,https://cdn.neoauto.com/elements/autos_usados/360x240/659946/659946_4650513.webp,Mercedes-Benz,Mercedes Benz Gle 400 4matic 2019,2019,"US$35,990","52,400 km",Automática - Secuencial,Gasolina
https://neoauto.com/auto/seminuevo/land-rover-range-roger-velar-2023-1838903,https://cdn.neoauto.com/elements/autos_usados/360x240/659946/659946_9993815.webp,Land Rover,Land Rover Range Rover Velar 2023,2023,"US$80,990","2,800 km",Automática,Gasolina
https://neoauto.com/auto/seminuevo/bmw-740i-2013-1859791,https://cdn.neoauto.com/elements/autos_usados/360x240/659946/659946_9263894.webp,BMW,Bmw 740i 2013,2013,"US$25,900","41,200 km",Automática - Secuencial,Gasolina
https://neoauto.com/auto/seminuevo/mercedes-benz-a200-2022-1863742,https://cdn.neoauto.com/elements/autos_usados/360x240/659946/659946_2711276.webp,Mercedes-Benz,Mercedes Benz A200 2022,2022,"US$27,500","39,000 km",Automática - Secuencial,Gasolina
https://neoauto.com/auto/seminuevo/ram-1500-2022-1855016,https://cdn.neoauto.com/elements/autos_usados/360x240/659946/659946_1418747.webp,RAM,Ram 1500 2022,2022,"US$56,500","23,577 km",Automática - Secuencial,Gasolina
https://neoauto.com/auto/seminuevo/porsche-boxster-s-2013-1863738,https://cdn.neoauto.com/elements/autos_usados/360x240/659946/659946_2697445.webp,Porsche,Porsche Boxster S 2013,2013,"US$56,000","48,000 km",Automática - Secuencial,Gasolina
https://neoauto.com/auto/seminuevo/ferrari-296-gtb-2024-1863028,https://cdn.neoauto.com/elements/autos_usados/360x240/659946/659946_1516435.webp,Ferrari,Ferrari 296 Gtb 2024,2024,"US$520,000","2,200 km",Automática - Secuencial,Gasolina-Híbrido
https://neoauto.com/auto/usado/mazda-2-sport-2018-1867504,https://cdn.neoauto.com/elements/autos_usados/360x240/776926/776926_7948350.webp,Mazda,Mazda 2 Sport 2018,2018,"US$10,500","81,000 km",Mecánica,Gasolina
https://neoauto.com/auto/usado/audi-a4-e-1-8t-multitronic-2016-1867977,https://cdn.neoauto.com/elements/autos_usados/360x240/777144/777144_7834295.webp,Audi,Audi A4 E 1.8t Multitronic 2016,2016,"US$16,500","49,500 km",Automática,Gasolina
https://neoauto.com/auto/usado/mercedes-benz-e-200-2018-1867778,https://cdn.neoauto.com/elements/autos_usados/360x240/777083/777083_3693979.webp,Mercedes-Benz,Mercedes Benz E-200 2018,2018,"US$27,000","70,000 km",Automática,Gasolina
https://neoauto.com/auto/usado/volvo-xc-60-2015-1866802,https://cdn.neoauto.com/elements/autos_usados/360x240/206733/206733_8193926.webp,Volvo,Volvo Xc-60 2015,2015,"US$13,500","136,000 km",Automática - Secuencial,Gasolina
https://neoauto.com/auto/usado/jeep-compass-sport-2022-1852341,https://cdn.neoauto.com/elements/autos_usados/360x240/282359/282359_2900083.webp,Jeep,Jeep Compass Sport 2022,2022,"US$18,500","50,000 km",Automática - Secuencial,Gasolina
https://neoauto.com/auto/usado/mercedes-benz-glb-200-2022-1867974,https://cdn.neoauto.com/elements/autos_usados/360x240/750183/750183_7472268.webp,Mercedes-Benz,Mercedes Benz Glb 200 2022,2022,"US$32,500","49,900 km",Automática - Secuencial,Gasolina
https://neoauto.com/auto/usado/chevrolet-captiva-2023-1868599,https://cdn.neoauto.com/elements/autos_usados/360x240/654242/654242_5054552.webp,Chevrolet,Chevrolet Captiva 2023,2023,"US$16,000","14,440 km",Mecánica,Gasolina
https://neoauto.com/auto/usado/volvo-xc-60-2012-1860968,https://cdn.neoauto.com/elements/autos_usados/360x240/773644/773644_5501987.webp,Volvo,Volvo Xc-60 2012,2012,"US$13,000","110,000 km",Automática - Secuencial,Gasolina
https://neoauto.com/auto/usado/volkswagen-polo-2016-1866139,https://cdn.neoauto.com/elements/autos_usados/360x240/327352/327352_9652448.webp,Volkswagen,Volkswagen Polo 2016,2016,"US$9,500","128,000 km",Mecánica,Gasolina
https://neoauto.com/auto/usado/chevrolet-tracker-2014-1868869,https://cdn.neoauto.com/elements/autos_usados/360x240/492153/492153_1832047.webp,Chevrolet,Chevrolet Tracker 2014,2014,"US$9,500","116,000 km",Mecánica,Gasolina
https://neoauto.com/auto/usado/fiat-argo-2022-1868133,https://cdn.neoauto.com/elements/autos_usados/360x240/230334/230334_7728648.webp,Fiat,Fiat Argo 2022,2022,"US$13,300","42,000 km",Mecánica,GLP
https://neoauto.com/auto/usado/volkswagen-taos-2022-1866631,https://cdn.neoauto.com/elements/autos_usados/360x240/750920/750920_3188265.webp,Volkswagen,Volkswagen Taos 2022,2022,"US$21,500","66,775 km",Automática,Gasolina
https://neoauto.com/auto/usado/mazda-bt-50-2023-1868148,https://cdn.neoauto.com/elements/autos_usados/360x240/206143/206143_8100881.webp,Mazda,Mazda Bt-50 2023,2023,"US$23,800","25,000 km",Mecánica,Diesel
https://neoauto.com/auto/usado/suzuki-grand-vitara-2010-1867833,https://cdn.neoauto.com/elements/autos_usados/360x240/444549/444549_5797787.webp,Suzuki,Suzuki Grand Vitara 2010,2010,"US$9,750","82,600 km",Automática,Gasolina
https://neoauto.com/auto/usado/honda-wr-v-2023-1868562,https://cdn.neoauto.com/elements/autos_usados/360x240/292039/292039_6898807.webp,Honda,Honda Wr-V 2023,2023,"US$16,300","32,000 km",Automática,Gasolina
https://neoauto.com/auto/usado/mercedes-benz-cla-200-2023-1867163,https://cdn.neoauto.com/elements/autos_usados/360x240/680258/680258_9131657.webp,Mercedes-Benz,Mercedes Benz Cla 200 2023,2023,"US$36,990","14,000 km",Automática - Secuencial,Gasolina
https://neoauto.com/auto/usado/mazda-3-sport-2024-1868310,https://cdn.neoauto.com/elements/autos_usados/360x240/622783/622783_5606927.webp,Mazda,Mazda 3 Sport 2024,2024,"US$23,900","26,800 km",Automática - Secuencial,Gasolina
https://neoauto.com/auto/usado/toyota-hilux-2023-1868316,https://cdn.neoauto.com/elements/autos_usados/360x240/138215/138215_7914280.webp,Toyota,Toyota Hilux 2023,2023,"US$29,000","31,000 km",Mecánica,Diesel
https://neoauto.com/auto/usado/chery-tiggo-4-pro-2024-1866580,https://cdn.neoauto.com/elements/autos_usados/360x240/509842/509842_6025132.webp,Chery,Chery Tiggo 4 Pro 2024,2024,"US$13,500","50,000 km",Automática - Secuencial,GLP
https://neoauto.com/auto/usado/mercedes-benz-ml-350-2013-1866549,https://cdn.neoauto.com/elements/autos_usados/360x240/16448/16448_6043136.webp,Mercedes-Benz,Mercedes-Benz Ml 350 2013,2013,"US$20,300","88,439 km",Automática,Gasolina
https://neoauto.com/auto/usado/volkswagen-taos-2022-1869239,https://cdn.neoauto.com/elements/autos_usados/360x240/453739/453739_7875480.webp,Volkswagen,Volkswagen Taos 2022,2022,"US$23,490","32,800 km",Automática - Secuencial,Gasolina
https://neoauto.com/auto/usado/jetour-traveller-2025-1869102,https://cdn.neoauto.com/elements/autos_usados/360x240/773735/773735_3456963.webp,Jetour,Jetour Traveller 2025,2025,"US$32,900","10,500 km",Automática - Secuencial,Gasolina
https://neoauto.com/auto/usado/mitsubishi-l200-2024-1868050,https://cdn.neoauto.com/elements/autos_usados/360x240/540631/540631_9489435.webp,Mitsubishi,Mitsubishi L200 2024,2024,"US$26,950","80,000 km",Mecánica,Diesel
https://neoauto.com/auto/usado/honda-pilot-2014-1866682,https://cdn.neoauto.com/elements/autos_usados/360x240/377294/377294_5446829.webp,Honda,Honda Pilot 2014,2014,"US$12,900","124,000 km",Automática,Gasolina
https://neoauto.com/auto/usado/dfsk-glory-ix5-2024-1868350,https://cdn.neoauto.com/elements/autos_usados/360x240/123480/123480_9142038.webp,DFSK,Dfsk Glory Ix5 2024,2024,"US$21,500",,Automática,Gasolina
https://neoauto.com/auto/usado/peugeot-208-2014-1868871,https://cdn.neoauto.com/elements/autos_usados/360x240/492153/492153_3574425.webp,Peugeot,Peugeot 208 2014,2014,"US$8,300","42,000 km",Mecánica,Gasolina
https://neoauto.com/auto/usado/mercedes-benz-c43-amg-2018-1865780,https://cdn.neoauto.com/elements/autos_usados/360x240/411679/411679_1107210.webp,Mercedes-Benz,Mercedes Benz C43-Amg 2018,2018,"US$35,800","62,200 km",Automática - Secuencial,Gasolina
https://neoauto.com/auto/usado/volkswagen-golf-gti-2015-1868372,https://cdn.neoauto.com/elements/autos_usados/360x240/206143/206143_4601740.webp,Volkswagen,Volkswagen Golf Gti 2015,2015,"US$21,500","57,000 km",Automática - Secuencial,Gasolina
https://neoauto.com/auto/usado/honda-civic-coupe-2017-1868554,https://cdn.neoauto.com/elements/autos_usados/360x240/600018/600018_6883833.webp,Honda,Honda Civic Coupe 2017,2017,"US$17,500","63,000 km",Automática,Gasolina
https://neoauto.com/auto/usado/dfsk-glory-580-2024-1868097,https://cdn.neoauto.com/elements/autos_usados/360x240/123480/123480_5328243.webp,DFSK,Dfsk Glory 580 2024,2024,"US$21,500",,Automática,Gasolina
https://neoauto.com/auto/usado/ford-escape-se-2013-1869279,https://cdn.neoauto.com/elements/autos_usados/360x240/777769/777769_6018692.webp,Ford,Ford Escape Se 2013,2013,"US$12,000","95,000 km",Automática - Secuencial,Gasolina
https://neoauto.com/auto/usado/nissan-versa-2023-1859960,https://cdn.neoauto.com/elements/autos_usados/360x240/440708/440708_5908400.webp,Nissan,Nissan Versa 2023,2023,"US$14,900","43,000 km",Automática,Gasolina
https://neoauto.com/auto/usado/dfsk-glory-580-2023-1866936,https://cdn.neoauto.com/elements/autos_usados/360x240/123480/123480_5149165.webp,DFSK,Dfsk Glory 580 2023,2023,"US$17,200","18,500 km",Automática,Gasolina
https://neoauto.com/auto/usado/volkswagen-taos-2023-1868842,https://cdn.neoauto.com/elements/autos_usados/360x240/710243/710243_6213041.webp,Volkswagen,Volkswagen Taos 2023,2023,"US$23,000","35,000 km",Automática,Gasolina
https://neoauto.com/auto/usado/bmw-316i-2016-1868092,https://cdn.neoauto.com/elements/autos_usados/360x240/510658/510658_8028280.webp,BMW,Bmw 316i 2016,2016,"US$13,999","79,890 km",Automática,Gasolina
https://neoauto.com/auto/usado/mini-hatch-jcw-2018-1868789,https://cdn.neoauto.com/elements/autos_usados/360x240/230334/230334_9779651.webp,Mini,Mini Hatch Jcw 2018,2018,"US$25,900","52,767 km",Automática - Secuencial,Gasolina
https://neoauto.com/auto/usado/jeep-cherokee-laredo-2019-1868207,https://cdn.neoauto.com/elements/autos_usados/360x240/241974/241974_4937650.webp,Jeep,Jeep Cherokee Laredo 2019,2019,"US$24,500","80,000 km",Automática - Secuencial,Gasolina
https://neoauto.com/auto/usado/volkswagen-cc-2015-1851371,https://cdn.neoauto.com/elements/autos_usados/360x240/194118/194118_6800520.webp,Volkswagen,Volkswagen Cc 2015,2015,"US$12,700","82,000 km",Automática - Secuencial,Gasolina
https://neoauto.com/auto/usado/kia-sonet-2022-1869348,https://cdn.neoauto.com/elements/autos_usados/360x240/773735/773735_5961936.webp,Kia,Kia Sonet 2022,2022,"US$16,900","60,000 km",Automática,Gasolina
https://neoauto.com/auto/usado/chery-tiggo-5-2017-1868872,https://cdn.neoauto.com/elements/autos_usados/360x240/492153/492153_6813704.webp,Chery,Chery Tiggo 5 2017,2017,"US$11,500","80,000 km",Automática - Secuencial,Gasolina
https://neoauto.com/auto/usado/kia-soul-2015-1866593,https://cdn.neoauto.com/elements/autos_usados/360x240/176586/176586_8334046.webp,Kia,Kia Soul 2015,2015,"US$11,300","94,000 km",Automática - Secuencial,Gasolina
https://neoauto.com/auto/usado/nissan-tiida-2012-1868699,https://cdn.neoauto.com/elements/autos_usados/360x240/230334/230334_3325884.webp,Nissan,Nissan Tiida 2012,2012,"US$9,400","83,250 km",Mecánica,Gasolina
https://neoauto.com/auto/usado/subaru-legacy-2015-1868936,https://cdn.neoauto.com/elements/autos_usados/360x240/742987/742987_3099429.webp,Subaru,Subaru Legacy 2015,2015,"US$13,800","104,000 km",Automática - Secuencial,Gasolina
https://neoauto.com/auto/usado/mg-zx-plus-2024-1869453,https://cdn.neoauto.com/elements/autos_usados/360x240/471002/471002_4175620.webp,MG,Mg Zx Plus 2024,2024,"US$16,500","7,250 km",Automática - Secuencial,Gasolina
https://neoauto.com/auto/usado/toyota-hilux-2021-1864699,https://cdn.neoauto.com/elements/autos_usados/360x240/754262/754262_9476421.webp,Toyota,Toyota Hilux 2021,2021,"US$29,520","96,161 km",Mecánica,Diesel
https://neoauto.com/auto/usado/hyundai-creta-2022-1868518,https://cdn.neoauto.com/elements/autos_usados/360x240/734272/734272_2790093.webp,Hyundai,Hyundai Creta 2022,2022,"US$16,900","43,666 km",Automática,Dual
https://neoauto.com/auto/usado/toyota-corolla-hybrid-2021-1864294,https://cdn.neoauto.com/elements/autos_usados/360x240/775440/775440_5364489.webp,Toyota,Toyota Corolla Hybrid 2021,2021,"US$19,400","53,000 km",Automática,Gasolina-Híbrido
https://neoauto.com/auto/usado/jeep-grand-cherokee-laredo-2017-1853940,https://cdn.neoauto.com/elements/autos_usados/360x240/206143/206143_5234671.webp,Jeep,Jeep Grand Cherokee Laredo 2017,2017,"US$19,500","105,000 km",Automática - Secuencial,Gasolina
https://neoauto.com/auto/usado/bmw-x1-18i-2025-1868947,https://cdn.neoauto.com/elements/autos_usados/360x240/179246/179246_1964696.webp,BMW,Bmw X1 18i 2025,2025,"US$46,200","1,800 km",Automática - Secuencial,Gasolina
https://neoauto.com/auto/usado/bmw-x3-20i-2022-1867197,https://cdn.neoauto.com/elements/autos_usados/360x240/291207/291207_8489611.webp,BMW,Bmw X3 20i 2022,2022,"US$43,800","35,000 km",Automática - Secuencial,Gasolina
https://neoauto.com/auto/usado/mazda-cx-3-2017-1869465,https://cdn.neoauto.com/elements/autos_usados/360x240/771815/771815_5138133.webp,Mazda,Mazda Cx-3 2017,2017,"US$13,290","84,000 km",Mecánica,Gasolina
https://neoauto.com/auto/usado/mercedes-benz-e-300-2011-1865094,https://cdn.neoauto.com/elements/autos_usados/360x240/466935/466935_9851207.webp,Mercedes-Benz,Mercedes Benz E-300 2011,2011,"US$15,900","40,700 km",Automática - Secuencial,Gasolina
https://neoauto.com/auto/usado/renault-arkana-2025-1865565,https://cdn.neoauto.com/elements/autos_usados/360x240/206143/206143_8687948.webp,Renault,Renault Arkana 2025,2025,"US$26,000","1,800 km",Automática - Secuencial,Gasolina-Híbrido
https://neoauto.com/auto/usado/audi-a4-2019-1869034,https://cdn.neoauto.com/elements/autos_usados/360x240/476422/476422_3657953.webp,Audi,Audi A4 2019,2019,"US$25,000","45,245 km",Automática - Secuencial,Gasolina
https://neoauto.com/auto/usado/volkswagen-tiguan-allspace-2020-1867442,https://cdn.neoauto.com/elements/autos_usados/360x240/445081/445081_9416406.webp,Volkswagen,Volkswagen Tiguan Allspace 2020,2020,"US$22,000","73,000 km",Automática,Gasolina
https://neoauto.com/auto/usado/mercedes-benz-gla-180-2020-1868769,https://cdn.neoauto.com/elements/autos_usados/360x240/777532/777532_3775452.webp,Mercedes-Benz,Mercedes-Benz Gla 180 2020,2020,"US$24,500","38,185 km",Automática,Gasolina
https://neoauto.com/auto/usado/peugeot-208-2013-1869018,https://cdn.neoauto.com/elements/autos_usados/360x240/230334/230334_1031470.webp,Peugeot,Peugeot 208 2013,2013,"US$8,500","100,000 km",Mecánica,Gasolina
https://neoauto.com/auto/usado/citroen-jumper-2014-1868027,https://cdn.neoauto.com/elements/autos_usados/360x240/282973/282973_4294581.webp,Citroen,Citroen Jumper 2014,2014,"US$16,500","125,700 km",Mecánica,Diesel
https://neoauto.com/auto/usado/volkswagen-bora-2007-1868711,https://cdn.neoauto.com/elements/autos_usados/360x240/537851/537851_4766998.webp,Volkswagen,Volkswagen Bora 2007,2007,"US$6,950","89,500 km",Automática,Gasolina
https://neoauto.com/auto/usado/jetour-traveller-2026-1856806,https://cdn.neoauto.com/elements/autos_usados/360x240/754407/754407_8274245.webp,Jetour,Jetour Traveller 2026,2026,"US$33,000","7,600 km",Automática - Secuencial,Gasolina
https://neoauto.com/auto/usado/audi-q5-2016-1867390,https://cdn.neoauto.com/elements/autos_usados/360x240/637676/637676_5491533.webp,Audi,Audi Q5 2016,2016,"US$21,000","91,000 km",Automática,Gasolina
https://neoauto.com/auto/usado/audi-a3-hb-2015-1858015,https://cdn.neoauto.com/elements/autos_usados/360x240/377294/377294_3446675.webp,Audi,Audi A3 Hb 2015,2015,"US$14,000","69,555 km",Automática - Secuencial,Gasolina
https://neoauto.com/auto/usado/hyundai-tucson-2022-1867231,https://cdn.neoauto.com/elements/autos_usados/360x240/692848/692848_2690890.webp,Hyundai,Hyundai Tucson 2022,2022,"US$25,900","47,500 km",Automática - Secuencial,Gasolina
https://neoauto.com/auto/usado/mg-hs-2022-1869070,https://cdn.neoauto.com/elements/autos_usados/360x240/768181/768181_2856226.webp,MG,Mg Hs 2022,2022,"US$15,000","34,000 km",Automática,Gasolina
https://neoauto.com/auto/usado/suzuki-new-vitara-2023-1867228,https://cdn.neoauto.com/elements/autos_usados/360x240/692848/692848_2177595.webp,Suzuki,Suzuki New Vitara 2023,2023,"US$22,500","7,900 km",Automática - Secuencial,Gasolina
https://neoauto.com/auto/usado/mitsubishi-asx-2022-1868314,https://cdn.neoauto.com/elements/autos_usados/360x240/738726/738726_5607727.webp,Mitsubishi,Mitsubishi Asx 2022,2022,"US$19,000","39,000 km",Automática - Secuencial,Dual
https://neoauto.com/auto/usado/audi-a4-2014-1868701,https://cdn.neoauto.com/elements/autos_usados/360x240/230334/230334_2199977.webp,Audi,Audi A4 2014,2014,"US$15,500","88,230 km",Automática,Gasolina
https://neoauto.com/auto/usado/honda-cr-v-2023-1868238,https://cdn.neoauto.com/elements/autos_usados/360x240/308945/308945_2882085.webp,Honda,Honda Cr-V 2023,2023,"US$36,800","16,500 km",Automática,Gasolina
https://neoauto.com/auto/usado/peugeot-partner-2022-1868776,https://cdn.neoauto.com/elements/autos_usados/360x240/540631/540631_9016938.webp,Peugeot,Peugeot Partner 2022,2022,"US$12,850","80,000 km",Mecánica,Diesel
https://neoauto.com/auto/usado/jeep-grand-cherokee-limited-2015-1868315,https://cdn.neoauto.com/elements/autos_usados/360x240/749557/749557_8528510.webp,Jeep,Jeep Grand Cherokee Limited 2015,2015,"US$30,000","48,000 km",Automática - Secuencial,DIESEL
https://neoauto.com/auto/usado/toyota-land-cruiser-prado-2022-1868352,https://cdn.neoauto.com/elements/autos_usados/360x240/776998/776998_1865593.webp,Toyota,Toyota Land Cruiser Prado 2022,2022,"US$52,000","62,816 km",Automática,Gasolina
https://neoauto.com/auto/usado/jaguar-f-pace-2017-1844641,https://cdn.neoauto.com/elements/autos_usados/360x240/206143/206143_2214366.webp,Jaguar,Jaguar F-Pace 2017,2017,"US$25,500","70,000 km",Automática - Secuencial,Gasolina
https://neoauto.com/auto/usado/ssangyong-torres-2024-1834281,https://cdn.neoauto.com/elements/autos_usados/360x240/760186/760186_5349447.webp,Ssangyong,Ssangyong Torres 2024,2024,"US$22,000","13,000 km",Automática - Secuencial,Gasolina
https://neoauto.com/auto/usado/chevrolet-onix-joy-2023-1867837,https://cdn.neoauto.com/elements/autos_usados/360x240/539874/539874_3119005.webp,Chevrolet,Chevrolet Onix Joy 2023,2023,"US$9,899","70,000 km",Mecánica,Gasolina
https://neoauto.com/auto/usado/volkswagen-tiguan-2019-1868144,https://cdn.neoauto.com/elements/autos_usados/360x240/206143/206143_4178110.webp,Volkswagen,Volkswagen Tiguan 2019,2019,"US$19,500","85,000 km",Automática - Secuencial,Gasolina
https://neoauto.com/auto/usado/mg-zx-2024-1867156,https://cdn.neoauto.com/elements/autos_usados/360x240/230334/230334_4003216.webp,MG,Mg Zx 2024,2024,"US$14,900","6,000 km",Automática,Gasolina
https://neoauto.com/auto/usado/nissan-kicks-2023-1865571,https://cdn.neoauto.com/elements/autos_usados/360x240/772791/772791_1411172.webp,Nissan,Nissan Kicks 2023,2023,"US$17,500","30,500 km",Automática,Gasolina
https://neoauto.com/auto/usado/hyundai-staria-2023-1863490,https://cdn.neoauto.com/elements/autos_usados/360x240/192374/192374_3256410.webp,Hyundai,Hyundai Staria 2023,2023,"US$28,500","172,000 km",Mecánica,Diesel
https://neoauto.com/auto/usado/peugeot-307-2008-1867694,https://cdn.neoauto.com/elements/autos_usados/360x240/86664/86664_7347614.webp,Peugeot,Peugeot 307 2008,2008,"US$7,000","123,000 km",Automática - Secuencial,Gasolina
https://neoauto.com/auto/usado/nissan-kicks-2026-1867155,https://cdn.neoauto.com/elements/autos_usados/360x240/230334/230334_2092232.webp,Nissan,Nissan Kicks 2026,2026,"US$21,900",700 km,Automática,Gasolina
https://neoauto.com/auto/usado/volkswagen-passat-2021-1659514,https://cdn.neoauto.com/elements/autos_usados/360x240/157787/157787_5957952.webp,Volkswagen,Volkswagen Passat 2021,2021,"US$24,000","49,000 km",Automática - Secuencial,Gasolina
https://neoauto.com/auto/usado/bmw-x-3-2022-1867195,https://cdn.neoauto.com/elements/autos_usados/360x240/291207/291207_8489611.webp,BMW,Bmw X-3 2022,2022,"US$43,800","35,000 km",Automática - Secuencial,Gasolina
https://neoauto.com/auto/usado/jeep-grand-cherokee-2017-1865286,https://cdn.neoauto.com/elements/autos_usados/360x240/689472/689472_8556555.webp,Jeep,Jeep Grand Cherokee 2017,2017,"US$27,900","79,000 km",Automática - Secuencial,Gasolina
https://neoauto.com/auto/usado/bmw-418i-2020-1868233,https://cdn.neoauto.com/elements/autos_usados/360x240/466935/466935_9205753.webp,BMW,Bmw 418i 2020,2020,"US$27,000","14,400 km",Automática - Secuencial,Gasolina
https://neoauto.com/auto/usado/kia-sonet-2023-1867254,https://cdn.neoauto.com/elements/autos_usados/360x240/453739/453739_5048026.webp,Kia,Kia Sonet 2023,2023,"US$17,990","33,500 km",Automática - Secuencial,Gasolina
https://neoauto.com/auto/usado/chevrolet-n400-2021-1868429,https://cdn.neoauto.com/elements/autos_usados/360x240/777391/777391_9647448.webp,Chevrolet,Chevrolet N400 2021,2021,"US$11,350","38,221 km",Mecánica,Dual
https://neoauto.com/auto/usado/kia-picanto-2017-1864313,https://cdn.neoauto.com/elements/autos_usados/360x240/659127/659127_5730082.webp,Kia,Kia Picanto 2017,2017,"US$8,650","57,000 km",Automática,Gasolina
https://neoauto.com/auto/usado/bmw-x3-20i-2026-1867723,https://cdn.neoauto.com/elements/autos_usados/360x240/198479/198479_2056049.webp,BMW,Bmw X3 20i 2026,2026,"US$69,000","3,700 km",Automática - Secuencial,Gasolina-Híbrido
https://neoauto.com/auto/usado/jeep-grand-cherokee-overland-2014-1865084,https://cdn.neoauto.com/elements/autos_usados/360x240/466935/466935_7304198.webp,Jeep,Jeep Grand Cherokee Overland 2014,2014,"US$19,900","152,000 km",Automática - Secuencial,Gasolina
https://neoauto.com/auto/usado/suzuki-ciaz-2021-1867323,https://cdn.neoauto.com/elements/autos_usados/360x240/776913/776913_4135900.webp,Suzuki,Suzuki Ciaz 2021,2021,"US$10,500","75,000 km",Mecánica,Dual
https://neoauto.com/auto/usado/audi-q3-2017-1865703,https://cdn.neoauto.com/elements/autos_usados/360x240/146500/146500_9174762.webp,Audi,Audi Q3 2017,2017,"US$18,900","60,400 km",Automática - Secuencial,Gasolina
https://neoauto.com/auto/usado/audi-a3-sportback-2020-1868667,https://cdn.neoauto.com/elements/autos_usados/360x240/777516/777516_2125265.webp,Audi,Audi A3 Sportback 2020,2020,"US$21,000","33,000 km",Automática,Gasolina
https://neoauto.com/auto/usado/bmw-320i-2017-1868004,https://cdn.neoauto.com/elements/autos_usados/360x240/377294/377294_3711142.webp,BMW,Bmw 320i 2017,2017,"US$17,500","71,000 km",Automática - Secuencial,Gasolina
https://neoauto.com/auto/usado/mercedes-benz-glc-250-4matic-2018-1867416,https://cdn.neoauto.com/elements/autos_usados/360x240/763241/763241_6147687.webp,Mercedes-Benz,Mercedes Benz Glc 250 4matic 2018,2018,"US$28,900","35,000 km",Automática - Secuencial,Gasolina
https://neoauto.com/auto/usado/mazda-cx-7-2013-1869171,https://cdn.neoauto.com/elements/autos_usados/360x240/492153/492153_6864781.webp,Mazda,Mazda Cx-7 2013,2013,"US$9,400","103,000 km",Automática - Secuencial,Dual
https://neoauto.com/auto/usado/volkswagen-tiguan-2020-1867519,https://cdn.neoauto.com/elements/autos_usados/360x240/749557/749557_4954920.webp,Volkswagen,Volkswagen Tiguan 2020,2020,"US$19,000","51,000 km",Automática - Secuencial,Gasolina
https://neoauto.com/auto/usado/subaru-new-xv-2018-1864204,https://cdn.neoauto.com/elements/autos_usados/360x240/511200/511200_1755199.webp,Subaru,Subaru New Xv 2018,2018,"US$21,900","15,463 km",Automática - Secuencial,Gasolina
https://neoauto.com/auto/usado/honda-cr-v-2016-1869403,https://cdn.neoauto.com/elements/autos_usados/360x240/637676/637676_2533801.webp,Honda,Honda Cr-V 2016,2016,"US$18,000","65,000 km",Automática - Secuencial,Gasolina
https://neoauto.com/auto/usado/fiat-mobi-2022-1868603,https://cdn.neoauto.com/elements/autos_usados/360x240/293512/293512_4762842.webp,Fiat,Fiat Mobi 2022,2022,"US$9,600","24,197 km",Mecánica,Gasolina
https://neoauto.com/auto/usado/jaguar-e-pace-2018-1865670,https://cdn.neoauto.com/elements/autos_usados/360x240/271310/271310_5999592.webp,Jaguar,Jaguar E-Pace 2018,2018,"US$24,800","62,300 km",Automática - Secuencial,Gasolina
https://neoauto.com/auto/usado/bmw-x6-35i-2019-1867205,https://cdn.neoauto.com/elements/autos_usados/360x240/622783/622783_1676096.webp,BMW,Bmw X6 35i 2019,2019,"US$46,500","47,000 km",Automática - Secuencial,Gasolina
https://neoauto.com/auto/usado/renault-duster-2023-1867525,https://cdn.neoauto.com/elements/autos_usados/360x240/230334/230334_9690362.webp,Renault,Renault Duster 2023,2023,"US$16,700","40,140 km",Mecánica,GLP
https://neoauto.com/auto/usado/mitsubishi-endeavor-2010-1860981,https://cdn.neoauto.com/elements/autos_usados/360x240/475039/475039_8377047.webp,Mitsubishi,Mitsubishi Endeavor 2010,2010,"US$8,500","90,000 km",Automática,Gasolina
https://neoauto.com/auto/usado/toyota-yaris-cross-2024-1869065,https://cdn.neoauto.com/elements/autos_usados/360x240/247631/247631_9967474.webp,Toyota,Toyota Yaris Cross 2024,2024,"US$20,800","43,800 km",Automática - Secuencial,Gasolina
https://neoauto.com/auto/usado/bmw-x3-20i-2014-1857072,https://cdn.neoauto.com/elements/autos_usados/360x240/377294/377294_8815336.webp,BMW,Bmw X3 20i 2014,2014,"US$16,500","47,000 km",Automática - Secuencial,Gasolina
https://neoauto.com/auto/usado/kia-cerato-2015-1868757,https://cdn.neoauto.com/elements/autos_usados/360x240/666675/666675_1818975.webp,Kia,Kia Cerato 2015,2015,"US$11,999","120,000 km",Automática - Secuencial,Gasolina
https://neoauto.com/auto/usado/haval-all-new-h6-2021-1866654,https://cdn.neoauto.com/elements/autos_usados/360x240/485170/485170_8840155.webp,Haval,Haval All New H6 2021,2021,"US$13,990","63,800 km",Automática - Secuencial,Gasolina
https://neoauto.com/auto/usado/mitsubishi-asx-2015-1869342,https://cdn.neoauto.com/elements/autos_usados/360x240/615573/615573_8059914.webp,Mitsubishi,Mitsubishi Asx 2015,2015,"US$11,700","91,000 km",Mecánica,Gasolina
https://neoauto.com/auto/usado/bmw-318-1998-1865793,https://cdn.neoauto.com/elements/autos_usados/360x240/752488/752488_3663590.webp,BMW,Bmw 318 1998,1998,"US$7,900","200,000 km",Mecánica,Gasolina
https://neoauto.com/auto/usado/audi-a3-sedan-2022-1868686,https://cdn.neoauto.com/elements/autos_usados/360x240/774738/774738_3817785.webp,Audi,Audi A3 Sedan 2022,2022,"US$19,000","29,000 km",Automática,Gasolina
https://neoauto.com/auto/usado/chevrolet-optra-2012-1865899,https://cdn.neoauto.com/elements/autos_usados/360x240/580580/580580_8557198.webp,Chevrolet,Chevrolet Optra 2012,2012,"US$5,300","179,500 km",Mecánica,GNV
https://neoauto.com/auto/usado/bmw-x7-m60i-2023-1865906,https://cdn.neoauto.com/elements/autos_usados/360x240/776224/776224_8577033.webp,BMW,Bmw X7 M60i 2023,2023,"US$153,000","29,000 km",Automática - Secuencial,Gasolina
https://neoauto.com/auto/usado/jeep-grand-cherokee-laredo-2012-1869467,https://cdn.neoauto.com/elements/autos_usados/360x240/766194/766194_8616956.webp,Jeep,Jeep Grand Cherokee Laredo 2012,2012,"US$12,600","134,500 km",Automática,Gasolina
https://neoauto.com/auto/usado/volkswagen-polo-2016-1864304,https://cdn.neoauto.com/elements/autos_usados/360x240/377294/377294_8392816.webp,Volkswagen,Volkswagen Polo 2016,2016,"US$11,700","16,567 km",Mecánica,Gasolina
https://neoauto.com/auto/usado/nissan-versa-2020-1867987,https://cdn.neoauto.com/elements/autos_usados/360x240/440708/440708_2130239.webp,Nissan,Nissan Versa 2020,2020,"US$11,800","52,000 km",Mecánica,Gasolina
https://neoauto.com/auto/usado/porsche-cayenne-s-2015-1861708,https://cdn.neoauto.com/elements/autos_usados/360x240/384945/384945_3614267.webp,Porsche,Porsche Cayenne S 2015,2015,"US$33,000","76,000 km",Automática - Secuencial,Gasolina
https://neoauto.com/auto/usado/audi-a1-sportback-2016-1865146,https://cdn.neoauto.com/elements/autos_usados/360x240/620426/620426_7480730.webp,Audi,Audi A1 Sportback 2016,2016,"US$20,000","23,000 km",Automática - Secuencial,Gasolina
https://neoauto.com/auto/usado/maserati-levante-s-gransport-2021-1866567,https://cdn.neoauto.com/elements/autos_usados/360x240/299090/299090_3263858.webp,Maserati,Maserati Levante S Gransport 2021,2021,"US$55,000","17,000 km",Automática - Secuencial,Gasolina
https://neoauto.com/auto/usado/mercedes-benz-gle-450-4-matic-2024-1868377,https://cdn.neoauto.com/elements/autos_usados/360x240/401143/401143_3896410.webp,Mercedes-Benz,Mercedes-Benz Gle 450 4 Matic 2024,2024,"US$86,000","9,500 km",Automática - Secuencial,Gasolina-Híbrido
https://neoauto.com/auto/usado/nissan-tiida-2015-1869256,https://cdn.neoauto.com/elements/autos_usados/360x240/777759/777759_5434042.webp,Nissan,Nissan Tiida 2015,2015,"US$9,000","84,578 km",Mecánica,Gasolina
https://neoauto.com/auto/usado/audi-a4-2023-1866999,https://cdn.neoauto.com/elements/autos_usados/360x240/622783/622783_7492011.webp,Audi,Audi A4 2023,2023,"US$30,900","23,000 km",Automática - Secuencial,Gasolina
https://neoauto.com/auto/usado/audi-q5-2015-1815798,https://cdn.neoauto.com/elements/autos_usados/360x240/377294/377294_5299562.webp,Audi,Audi Q5 2015,2015,"US$15,000","98,000 km",Automática - Secuencial,Gasolina
https://neoauto.com/auto/usado/kia-sportage-2019-1869290,https://cdn.neoauto.com/elements/autos_usados/360x240/536223/536223_1613688.webp,Kia,Kia Sportage 2019,2019,"US$21,300","18,000 km",Automática - Secuencial,Gasolina
https://neoauto.com/auto/usado/jeep-cherokee-longitude-2019-1868228,https://cdn.neoauto.com/elements/autos_usados/360x240/466935/466935_2968659.webp,Jeep,Jeep Cherokee Longitude 2019,2019,"US$18,900","24,000 km",Automática - Secuencial,Gasolina
https://neoauto.com/auto/usado/chevrolet-onix-joy-2021-1865555,https://cdn.neoauto.com/elements/autos_usados/360x240/230334/230334_9300469.webp,Chevrolet,Chevrolet Onix Joy 2021,2021,"US$9,900","69,400 km",Mecánica,Gasolina
https://neoauto.com/auto/usado/lexus-nx-300h-2019-1867614,https://cdn.neoauto.com/elements/autos_usados/360x240/365004/365004_4998665.webp,Lexus,Lexus Nx 300h 2019,2019,"US$36,500","22,000 km",Automática - Secuencial,Gasolina-Híbrido
https://neoauto.com/auto/usado/honda-cr-v-2023-1866562,https://cdn.neoauto.com/elements/autos_usados/360x240/705067/705067_9152583.webp,Honda,Honda Cr-V 2023,2023,"US$37,300","13,500 km",Automática,Gasolina
https://neoauto.com/auto/usado/haval-all-new-h6-2022-1864890,https://cdn.neoauto.com/elements/autos_usados/360x240/123956/123956_4291379.webp,Haval,Haval All New H6 2022,2022,"US$17,900","43,000 km",Automática,Gasolina
https://neoauto.com/auto/usado/kia-picanto-cross-2020-1867150,https://cdn.neoauto.com/elements/autos_usados/360x240/230334/230334_2940123.webp,Kia,Kia Picanto Cross 2020,2020,"US$11,900","44,500 km",Mecánica,Gasolina
https://neoauto.com/auto/usado/haval-h6-2023-1867761,https://cdn.neoauto.com/elements/autos_usados/360x240/758857/758857_2245565.webp,Haval,Haval H6 2023,2023,"US$19,900",600 km,Automática - Secuencial,Gasolina-Híbrido
https://neoauto.com/auto/usado/honda-fit-2015-1868630,https://cdn.neoauto.com/elements/autos_usados/360x240/347441/347441_2551952.webp,Honda,Honda Fit 2015,2015,"US$13,500","32,600 km",Automática - Secuencial,Gasolina
https://neoauto.com/auto/usado/suzuki-grand-vitara-2016-1867157,https://cdn.neoauto.com/elements/autos_usados/360x240/230334/230334_3357509.webp,Suzuki,Suzuki Grand Vitara 2016,2016,"US$12,800","70,000 km",Mecánica,Gasolina
https://neoauto.com/auto/usado/nissan-juke-2013-1868067,https://cdn.neoauto.com/elements/autos_usados/360x240/521505/521505_8734176.webp,Nissan,Nissan Juke 2013,2013,"US$9,500","96,000 km",Automática - Secuencial,Gasolina
https://neoauto.com/auto/usado/bmw-x1-18i-2018-1865975,https://cdn.neoauto.com/elements/autos_usados/360x240/277313/277313_5976961.webp,BMW,Bmw X1 18i 2018,2018,"US$19,200","63,500 km",Automática,Gasolina
https://neoauto.com/auto/usado/dfsk-k07-2024-1868343,https://cdn.neoauto.com/elements/autos_usados/360x240/755512/755512_4356541.webp,DFSK,Dfsk K07 2024,2024,"US$10,300",200 km,Mecánica,Gasolina
https://neoauto.com/auto/usado/toyota-hilux-2023-1869167,https://cdn.neoauto.com/elements/autos_usados/360x240/372770/372770_6662999.webp,Toyota,Toyota Hilux 2023,2023,"US$28,800","68,500 km",Mecánica,Diesel
https://neoauto.com/auto/usado/mitsubishi-asx-2017-1864795,https://cdn.neoauto.com/elements/autos_usados/360x240/334212/334212_6174088.webp,Mitsubishi,Mitsubishi Asx 2017,2017,"US$15,500","78,000 km",Automática - Secuencial,Gasolina
https://neoauto.com/auto/usado/mitsubishi-outlander-2016-1867870,https://cdn.neoauto.com/elements/autos_usados/360x240/720747/720747_7668635.webp,Mitsubishi,Mitsubishi Outlander 2016,2016,"US$15,950","65,000 km",Automática - Secuencial,Gasolina
https://neoauto.com/auto/usado/hyundai-venue-2023-1863392,https://cdn.neoauto.com/elements/autos_usados/360x240/774314/774314_1676659.webp,Hyundai,Hyundai Venue 2023,2023,"US$15,000","49,000 km",Mecánica,Dual
https://neoauto.com/auto/usado/suzuki-grand-vitara-2013-1869093,https://cdn.neoauto.com/elements/autos_usados/360x240/777692/777692_8814459.webp,Suzuki,Suzuki Grand Vitara 2013,2013,"US$12,000","46,000 km",Automática,Gasolina
https://neoauto.com/auto/usado/chery-tiggo-7-pro-2023-1868474,https://cdn.neoauto.com/elements/autos_usados/360x240/774931/774931_3438437.webp,Chery,Chery Tiggo 7 Pro 2023,2023,"US$16,999","17,000 km",Automática,Gasolina
https://neoauto.com/auto/usado/honda-hr-v-2016-1867706,https://cdn.neoauto.com/elements/autos_usados/360x240/119000/119000_4598397.webp,Honda,Honda Hr-V 2016,2016,"US$14,000","105,100 km",Automática,Gasolina
https://neoauto.com/auto/usado/audi-a4-2022-1866844,https://cdn.neoauto.com/elements/autos_usados/360x240/649156/649156_8353594.webp,Audi,Audi A4 2022,2022,"US$28,900","18,600 km",Automática - Secuencial,Gasolina
https://neoauto.com/auto/usado/honda-cr-v-2023-1869472,https://cdn.neoauto.com/elements/autos_usados/360x240/777858/777858_4231986.webp,Honda,Honda Cr-V 2023,2023,"US$37,500","35,000 km",Automática - Secuencial,Gasolina
https://neoauto.com/auto/usado/mitsubishi-asx-2015-1869385,https://cdn.neoauto.com/elements/autos_usados/360x240/218497/218497_6354612.webp,Mitsubishi,Mitsubishi Asx 2015,2015,"US$14,500","84,200 km",Automática - Secuencial,Gasolina
https://neoauto.com/auto/usado/nissan-sunny-1987-1864328,https://cdn.neoauto.com/elements/autos_usados/360x240/707905/707905_8756183.webp,Nissan,Nissan Sunny 1987,1987,"US$12,500","50,000 km",Mecánica,Gasolina
https://neoauto.com/auto/usado/hyundai-creta-2016-1866616,https://cdn.neoauto.com/elements/autos_usados/360x240/187121/187121_8932028.webp,Hyundai,Hyundai Creta 2016,2016,"US$13,500","46,000 km",Mecánica,Gasolina
https://neoauto.com/auto/usado/honda-wr-v-2023-1868825,https://cdn.neoauto.com/elements/autos_usados/360x240/508798/508798_2638019.webp,Honda,Honda Wr-V 2023,2023,"US$16,900","16,000 km",Automática,Gasolina
https://neoauto.com/auto/usado/toyota-avanza-2018-1869242,https://cdn.neoauto.com/elements/autos_usados/360x240/776199/776199_3382360.webp,Toyota,Toyota Avanza 2018,2018,"US$10,800","350,000 km",Automática - Secuencial,GNV
https://neoauto.com/auto/usado/bmw-x3-20i-2017-1869341,https://cdn.neoauto.com/elements/autos_usados/360x240/722034/722034_1410039.webp,BMW,Bmw X3 20i 2017,2017,"US$23,900","53,000 km",Automática - Secuencial,Gasolina
https://neoauto.com/auto/usado/nissan-avenir-1992-1867869,https://cdn.neoauto.com/elements/autos_usados/360x240/153442/153442_4379319.webp,Nissan,Nissan Avenir 1992,1992,"US$2,500","317,000 km",Mecánica,GNV
https://neoauto.com/auto/usado/mitsubishi-montero-sport-2016-1802420,https://cdn.neoauto.com/elements/autos_usados/360x240/121290/121290_3232484.webp,Mitsubishi,Mitsubishi Montero Sport 2016,2016,"US$21,000","90,000 km",Automática - Secuencial,Gasolina
https://neoauto.com/auto/usado/volvo-xc-40-2020-1831022,https://cdn.neoauto.com/elements/autos_usados/360x240/157787/157787_6737620.webp,Volvo,Volvo Xc-40 2020,2020,"US$28,000","46,000 km",Automática - Secuencial,Gasolina
https://neoauto.com/auto/usado/mercedes-benz-cla-180-coupe-2018-1868365,https://cdn.neoauto.com/elements/autos_usados/360x240/307896/307896_7942015.webp,Mercedes-Benz,Mercedes Benz Cla 180 Coupe 2018,2018,"US$20,500","43,000 km",Automática,Gasolina
https://neoauto.com/auto/usado/mercedes-benz-c-180-kompressor-2008-1868278,https://cdn.neoauto.com/elements/autos_usados/360x240/764483/764483_9706340.webp,Mercedes-Benz,Mercedes-Benz C-180 Kompressor 2008,2008,"US$8,900","118,979 km",Automática,Gasolina
https://neoauto.com/auto/usado/kia-sportage-2023-1866142,https://cdn.neoauto.com/elements/autos_usados/360x240/776350/776350_9919253.webp,Kia,Kia Sportage 2023,2023,"US$30,000","55,000 km",Automática - Secuencial,Gasolina
https://neoauto.com/auto/usado/toyota-rush-2023-1862151,https://cdn.neoauto.com/elements/autos_usados/360x240/380894/380894_1722944.webp,Toyota,Toyota Rush 2023,2023,"US$22,000","19,000 km",Automática,Gasolina
https://neoauto.com/auto/usado/hyundai-grand-i10-hb-2022-1868968,https://cdn.neoauto.com/elements/autos_usados/360x240/142961/142961_1242751.webp,Hyundai,Hyundai Grand I10 Hb 2022,2022,"US$10,800","70,000 km",Automática,Dual
https://neoauto.com/auto/usado/nissan-kicks-2023-1863953,https://cdn.neoauto.com/elements/autos_usados/360x240/755380/755380_9698180.webp,Nissan,Nissan Kicks 2023,2023,"US$17,000","50,000 km",Mecánica,Gasolina
https://neoauto.com/auto/usado/toyota-camry-1994-1869298,https://cdn.neoauto.com/elements/autos_usados/360x240/118443/118443_7634070.webp,Toyota,Toyota Camry 1994,1994,"US$3,400","355,540 km",Automática,Diesel
https://neoauto.com/auto/usado/ford-territory-2023-1868732,https://cdn.neoauto.com/elements/autos_usados/360x240/773118/773118_2082274.webp,Ford,Ford Territory 2023,2023,"US$21,500","34,000 km",Automática - Secuencial,Gasolina
https://neoauto.com/auto/usado/ford-escape-2018-1753652,https://cdn.neoauto.com/elements/autos_usados/360x240/628945/628945_5685834.webp,Ford,Ford Escape 2018,2018,"US$13,500","79,500 km",Automática - Secuencial,Gasolina
https://neoauto.com/auto/usado/mitsubishi-outlander-2018-1865885,https://cdn.neoauto.com/elements/autos_usados/360x240/377294/377294_5109393.webp,Mitsubishi,Mitsubishi Outlander 2018,2018,"US$18,500","60,838 km",Automática - Secuencial,Gasolina
https://neoauto.com/auto/usado/suzuki-grand-nomade-2019-1869356,https://cdn.neoauto.com/elements/autos_usados/360x240/468669/468669_3226781.webp,Suzuki,Suzuki Grand Nomade 2019,2019,"US$13,000","63,500 km",Mecánica,Gasolina
https://neoauto.com/auto/usado/subaru-impreza-2020-1869132,https://cdn.neoauto.com/elements/autos_usados/360x240/476265/476265_5241227.webp,Subaru,Subaru Impreza 2020,2020,"US$15,850","51,500 km",Automática - Secuencial,Gasolina
https://neoauto.com/auto/usado/audi-a1-2012-1867524,https://cdn.neoauto.com/elements/autos_usados/360x240/680970/680970_5611939.webp,Audi,Audi A1 2012,2012,"US$13,000","75,250 km",Automática,Gasolina
https://neoauto.com/auto/usado/audi-a4-2021-1856272,https://cdn.neoauto.com/elements/autos_usados/360x240/633157/633157_2211131.webp,Audi,Audi A4 2021,2021,"US$23,800","65,000 km",Automática - Secuencial,Gasolina
https://neoauto.com/auto/usado/mazda-cx-3-2020-1841620,https://cdn.neoauto.com/elements/autos_usados/360x240/741008/741008_1422404.webp,Mazda,Mazda Cx-3 2020,2020,"US$18,000","27,800 km",Automática - Secuencial,Gasolina
https://neoauto.com/auto/usado/bmw-x1-18i-2021-1856595,https://cdn.neoauto.com/elements/autos_usados/360x240/729503/729503_3170856.webp,BMW,Bmw X1 18i 2021,2021,"US$27,000","21,900 km",Automática - Secuencial,Gasolina
https://neoauto.com/auto/usado/hyundai-creta-grand-2023-1865116,https://cdn.neoauto.com/elements/autos_usados/360x240/775746/775746_9484170.webp,Hyundai,Hyundai Creta Grand 2023,2023,"US$21,000","13,212 km",Automática,Gasolina
https://neoauto.com/auto/usado/great-wall-haval-h3-2016-1869151,https://cdn.neoauto.com/elements/autos_usados/360x240/455135/455135_7257480.webp,Great Wall,Great Wall Haval H3 2016,2016,"US$9,600","91,686 km",Mecánica,GNV
https://neoauto.com/auto/usado/kia-sportage-2023-1866141,https://cdn.neoauto.com/elements/autos_usados/360x240/715661/715661_1738121.webp,Kia,Kia Sportage 2023,2023,"US$26,500","31,175 km",Automática,Gasolina
https://neoauto.com/auto/usado/ssangyong-rexton-w-2014-1868809,https://cdn.neoauto.com/elements/autos_usados/360x240/777539/777539_2403926.webp,Ssangyong,Ssangyong Rexton W 2014,2014,"US$10,700","163,500 km",Automática,Diesel
https://neoauto.com/auto/usado/jeep-renegade-2022-1868721,https://cdn.neoauto.com/elements/autos_usados/360x240/718307/718307_3883153.webp,Jeep,Jeep Renegade 2022,2022,"US$18,700","13,000 km",Mecánica,Gasolina
https://neoauto.com/auto/usado/honda-cr-v-2017-1863925,https://cdn.neoauto.com/elements/autos_usados/360x240/222618/222618_7000033.webp,Honda,Honda Cr-V 2017,2017,"US$20,500","103,000 km",Automática - Secuencial,Gasolina
https://neoauto.com/auto/usado/audi-s6-2016-1866686,https://cdn.neoauto.com/elements/autos_usados/360x240/594016/594016_8556841.webp,Audi,Audi S6 2016,2016,"US$34,900","46,500 km",Automática,Gasolina
https://neoauto.com/auto/usado/nissan-frontier-2020-1868040,https://cdn.neoauto.com/elements/autos_usados/360x240/205518/205518_1714058.webp,Nissan,Nissan Frontier 2020,2020,"US$21,000","85,000 km",Mecánica,Diesel
https://neoauto.com/auto/usado/mercedes-benz-ml-350-2013-1865821,https://cdn.neoauto.com/elements/autos_usados/360x240/158190/158190_2788903.webp,Mercedes-Benz,Mercedes Benz Ml 350 2013,2013,"US$16,800","93,000 km",Automática - Secuencial,Gasolina
https://neoauto.com/auto/usado/jeep-compass-2012-1864473,https://cdn.neoauto.com/elements/autos_usados/360x240/744929/744929_1209882.webp,Jeep,Jeep Compass 2012,2012,"US$11,000","104,000 km",Automática - Secuencial,Gasolina
https://neoauto.com/auto/usado/honda-cr-v-2018-1867751,https://cdn.neoauto.com/elements/autos_usados/360x240/689910/689910_4941933.webp,Honda,Honda Cr-V 2018,2018,"US$23,500","45,000 km",Automática - Secuencial,Gasolina
https://neoauto.com/auto/usado/ford-ecosport-2019-1858339,https://cdn.neoauto.com/elements/autos_usados/360x240/749897/749897_7294330.webp,Ford,Ford Ecosport 2019,2019,"US$13,800","53,000 km",Automática - Secuencial,Gasolina
https://neoauto.com/auto/usado/audi-q2-2019-1868247,https://cdn.neoauto.com/elements/autos_usados/360x240/772761/772761_7135959.webp,Audi,Audi Q2 2019,2019,"US$23,000","35,000 km",Automática - Secuencial,Gasolina
https://neoauto.com/auto/usado/mazda-cx-5-2015-1869473,https://cdn.neoauto.com/elements/autos_usados/360x240/647700/647700_4112351.webp,Mazda,Mazda Cx-5 2015,2015,"US$16,000","148,500 km",Automática - Secuencial,Gasolina
https://neoauto.com/auto/usado/honda-cr-v-2021-1869376,https://cdn.neoauto.com/elements/autos_usados/360x240/777825/777825_1342240.webp,Honda,Honda Cr-V 2021,2021,"US$27,500","53,611 km",Automática,Gasolina
https://neoauto.com/auto/usado/toyota-corolla-2016-1865814,https://cdn.neoauto.com/elements/autos_usados/360x240/773047/773047_4722753.webp,Toyota,Toyota Corolla 2016,2016,"US$16,370","51,641 km",Mecánica,Gasolina
https://neoauto.com/auto/usado/dfsk-glory-580-2023-1865294,https://cdn.neoauto.com/elements/autos_usados/360x240/775901/775901_9648988.webp,DFSK,Dfsk Glory 580 2023,2023,"US$15,500","17,200 km",Mecánica,Gasolina
https://neoauto.com/auto/usado/seat-ibiza-2010-1839659,https://cdn.neoauto.com/elements/autos_usados/360x240/580580/580580_7054433.webp,Seat,Seat Ibiza 2010,2010,"US$5,000","89,590 km",Mecánica,Gasolina
https://neoauto.com/auto/usado/subaru-crosstrek-2025-1869192,https://cdn.neoauto.com/elements/autos_usados/360x240/776991/776991_1541117.webp,Subaru,Subaru Crosstrek 2025,2025,"US$22,900","6,200 km",Automática - Secuencial,Gasolina
https://neoauto.com/auto/usado/toyota-4runner-2014-1869112,https://cdn.neoauto.com/elements/autos_usados/360x240/777700/777700_4890530.webp,Toyota,Toyota 4runner 2014,2014,"US$31,000","153,000 km",Automática,Gasolina
https://neoauto.com/auto/usado/subaru-xv-2018-1867864,https://cdn.neoauto.com/elements/autos_usados/360x240/222618/222618_7436818.webp,Subaru,Subaru Xv 2018,2018,"US$15,500","92,000 km",Automática - Secuencial,Gasolina
https://neoauto.com/auto/usado/volkswagen-gol-1999-1869227,https://cdn.neoauto.com/elements/autos_usados/360x240/756184/756184_8625903.webp,Volkswagen,Volkswagen Gol 1999,1999,"US$2,800","172,000 km",Mecánica,Gasolina
https://neoauto.com/auto/usado/byd-s6-2025-1867171,https://cdn.neoauto.com/elements/autos_usados/360x240/776838/776838_9226900.webp,BYD,Byd S6 2025,2025,"US$26,000","2,500 km",Automática,Gasolina-Híbrido
https://neoauto.com/auto/usado/mazda-cx-5-2018-1864782,https://cdn.neoauto.com/elements/autos_usados/360x240/766869/766869_2414684.webp,Mazda,Mazda Cx-5 2018,2018,"US$14,500","144,500 km",Automática - Secuencial,Gasolina
https://neoauto.com/auto/usado/mazda-3-2013-1869085,https://cdn.neoauto.com/elements/autos_usados/360x240/650989/650989_9755421.webp,Mazda,Mazda 3 2013,2013,"US$9,400","62,000 km",Mecánica,Gasolina
https://neoauto.com/auto/usado/jeep-liberty-renegade-2006-1865972,https://cdn.neoauto.com/elements/autos_usados/360x240/751375/751375_1458760.webp,Jeep,Jeep Liberty Renegade 2006,2006,"US$8,500","160,000 km",Automática,Dual
https://neoauto.com/auto/usado/chevrolet-captiva-2014-1868379,https://cdn.neoauto.com/elements/autos_usados/360x240/90573/90573_3003856.webp,Chevrolet,Chevrolet Captiva 2014,2014,"US$11,500","130,000 km",Automática,Dual
https://neoauto.com/auto/usado/audi-a6-2015-1868417,https://cdn.neoauto.com/elements/autos_usados/360x240/777376/777376_1402998.webp,Audi,Audi A6 2015,2015,"US$15,900","82,000 km",Automática - Secuencial,Gasolina
https://neoauto.com/auto/usado/audi-100-2017-1864187,https://cdn.neoauto.com/elements/autos_usados/360x240/404316/404316_8495496.webp,Audi,Audi 100 2017,2017,"US$16,000","59,155 km",Automática,Gasolina
https://neoauto.com/auto/usado/kia-cerato-koup-2011-1864086,https://cdn.neoauto.com/elements/autos_usados/360x240/248953/248953_1979443.webp,Kia,Kia Cerato Koup 2011,2011,"US$10,000","120,000 km",Automática - Secuencial,Gasolina
https://neoauto.com/auto/usado/bmw-316i-2013-1868066,https://cdn.neoauto.com/elements/autos_usados/360x240/521505/521505_1214921.webp,BMW,Bmw 316i 2013,2013,"US$10,900","97,000 km",Mecánica,Gasolina
https://neoauto.com/auto/usado/toyota-yaris-2017-1865324,https://cdn.neoauto.com/elements/autos_usados/360x240/286799/286799_1996088.webp,Toyota,Toyota Yaris 2017,2017,"US$11,900","79,000 km",Automática - Secuencial,Gasolina
https://neoauto.com/auto/usado/audi-q5-2017-1867121,https://cdn.neoauto.com/elements/autos_usados/360x240/622783/622783_2979286.webp,Audi,Audi Q5 2017,2017,"US$16,900","125,000 km",Automática - Secuencial,Gasolina
https://neoauto.com/auto/usado/citroen-c-4-cactus-2024-1867495,https://cdn.neoauto.com/elements/autos_usados/360x240/418078/418078_3156501.webp,Citroen,Citroen C-4 Cactus 2024,2024,"US$16,900","7,100 km",Automática,Gasolina
https://neoauto.com/auto/usado/jeep-compass-sport-2014-1868974,https://cdn.neoauto.com/elements/autos_usados/360x240/453917/453917_2301684.webp,Jeep,Jeep Compass Sport 2014,2014,"US$13,000","88,700 km",Automática,Gasolina
https://neoauto.com/auto/usado/toyota-land-cruiser-2006-1865335,https://cdn.neoauto.com/elements/autos_usados/360x240/297156/297156_3565747.webp,Toyota,Toyota Land Cruiser 2006,2006,"US$55,000","102,000 km",Automática,Gasolina
https://neoauto.com/auto/usado/chevrolet-groove-2023-1864895,https://cdn.neoauto.com/elements/autos_usados/360x240/775717/775717_7581222.webp,Chevrolet,Chevrolet Groove 2023,2023,"US$14,000","39,000 km",Mecánica,GLP
https://neoauto.com/auto/usado/honda-accord-1995-1867526,https://cdn.neoauto.com/elements/autos_usados/360x240/322009/322009_7844552.webp,Honda,Honda Accord 1995,1995,"US$5,000","177,000 km",Automática,Dual
https://neoauto.com/auto/usado/ford-ecosport-2017-1869109,https://cdn.neoauto.com/elements/autos_usados/360x240/773735/773735_9428358.webp,Ford,Ford Ecosport 2017,2017,"US$12,900","32,000 km",Mecánica,Gasolina
https://neoauto.com/auto/usado/volkswagen-t-cross-2021-1848193,https://cdn.neoauto.com/elements/autos_usados/360x240/708970/708970_8933273.webp,Volkswagen,Volkswagen T-Cross 2021,2021,"US$18,300","23,000 km",Automática - Secuencial,Gasolina
https://neoauto.com/auto/usado/toyota-land-cruiser-prado-2019-1867278,https://cdn.neoauto.com/elements/autos_usados/360x240/296756/296756_9021665.webp,Toyota,Toyota Land Cruiser Prado 2019,2019,"US$40,000","65,000 km",Automática - Secuencial,Gasolina
https://neoauto.com/auto/usado/jeep-renegade-2019-1867999,https://cdn.neoauto.com/elements/autos_usados/360x240/651700/651700_5700630.webp,Jeep,Jeep Renegade 2019,2019,"US$15,000","79,000 km",Automática,Gasolina
https://neoauto.com/auto/usado/hyundai-creta-2021-1865621,https://cdn.neoauto.com/elements/autos_usados/360x240/764786/764786_6388960.webp,Hyundai,Hyundai Creta 2021,2021,"US$16,500","91,665 km",Mecánica,Gasolina
https://neoauto.com/auto/usado/citroen-c-4-2024-1865423,https://cdn.neoauto.com/elements/autos_usados/360x240/759207/759207_3621322.webp,Citroen,Citroen C-4 2024,2024,"US$18,450","1,100 km",Automática - Secuencial,Gasolina
https://neoauto.com/auto/usado/chevrolet-optra-2010-1867330,https://cdn.neoauto.com/elements/autos_usados/360x240/694201/694201_9927902.webp,Chevrolet,Chevrolet Optra 2010,2010,"US$7,000","155,000 km",Mecánica,GNV
https://neoauto.com/auto/usado/mitsubishi-asx-2018-1868916,https://cdn.neoauto.com/elements/autos_usados/360x240/738226/738226_7529971.webp,Mitsubishi,Mitsubishi Asx 2018,2018,"US$15,900","92,000 km",Automática,Gasolina
https://neoauto.com/auto/usado/bmw-x5-2011-1847741,https://cdn.neoauto.com/elements/autos_usados/360x240/766842/766842_1204529.webp,BMW,Bmw X5 2011,2011,"US$20,000","109,978 km",Automática,Gasolina
https://neoauto.com/auto/usado/honda-cr-v-2016-1869364,https://cdn.neoauto.com/elements/autos_usados/360x240/391899/391899_2609436.webp,Honda,Honda Cr-V 2016,2016,"US$17,000","80,000 km",Automática,Gasolina
https://neoauto.com/auto/usado/porsche-cayenne-s-2019-1782807,https://cdn.neoauto.com/elements/autos_usados/360x240/483139/483139_6410898.webp,Porsche,Porsche Cayenne S 2019,2019,"US$66,000","45,000 km",Automática - Secuencial,Gasolina
https://neoauto.com/auto/usado/nissan-pathfinder-2016-1868071,https://cdn.neoauto.com/elements/autos_usados/360x240/521505/521505_9639045.webp,Nissan,Nissan Pathfinder 2016,2016,"US$15,900","76,000 km",Automática - Secuencial,Gasolina
https://neoauto.com/auto/usado/bmw-x4-20i-2024-1864121,https://cdn.neoauto.com/elements/autos_usados/360x240/249992/249992_3626519.webp,BMW,Bmw X4 20i 2024,2024,"US$54,900","5,500 km",Automática - Secuencial,Gasolina
https://neoauto.com/auto/usado/volvo-xc-60-2022-1868586,https://cdn.neoauto.com/elements/autos_usados/360x240/293512/293512_4400829.webp,Volvo,Volvo Xc-60 2022,2022,"US$42,500","53,348 km",Automática - Secuencial,Gasolina-Híbrido
https://neoauto.com/auto/usado/suzuki-jimny-2025-1867182,https://cdn.neoauto.com/elements/autos_usados/360x240/558885/558885_4271954.webp,Suzuki,Suzuki Jimny 2025,2025,"US$25,900","2,000 km",Automática,Gasolina
https://neoauto.com/auto/usado/peugeot-partner-2021-1866889,https://cdn.neoauto.com/elements/autos_usados/360x240/721266/721266_7986402.webp,Peugeot,Peugeot Partner 2021,2021,"US$12,600","53,200 km",Mecánica,DIESEL
https://neoauto.com/auto/usado/toyota-corolla-cross-2023-1868658,https://cdn.neoauto.com/elements/autos_usados/360x240/581704/581704_7401052.webp,Toyota,Toyota Corolla Cross 2023,2023,"US$20,900","92,000 km",Automática - Secuencial,Gasolina-Híbrido
https://neoauto.com/auto/usado/jeep-cherokee-sport-2015-1868070,https://cdn.neoauto.com/elements/autos_usados/360x240/521505/521505_4932852.webp,Jeep,Jeep Cherokee Sport 2015,2015,"US$12,900","86,000 km",Automática - Secuencial,Gasolina
https://neoauto.com/auto/usado/chevrolet-captiva-2026-1863695,https://cdn.neoauto.com/elements/autos_usados/360x240/706420/706420_1088705.webp,Chevrolet,Chevrolet Captiva 2026,2026,"US$22,000","4,400 km",Automática - Secuencial,Gasolina
https://neoauto.com/auto/usado/mitsubishi-asx-2023-1867785,https://cdn.neoauto.com/elements/autos_usados/360x240/738726/738726_2506877.webp,Mitsubishi,Mitsubishi Asx 2023,2023,"US$18,500","32,000 km",Automática - Secuencial,Dual
https://neoauto.com/auto/usado/kia-sportage-2015-1868447,https://cdn.neoauto.com/elements/autos_usados/360x240/678733/678733_9043960.webp,Kia,Kia Sportage 2015,2015,"US$15,900","85,000 km",Automática - Secuencial,Gasolina
https://neoauto.com/auto/usado/toyota-hilux-2023-1861956,https://cdn.neoauto.com/elements/autos_usados/360x240/771040/771040_8378294.webp,Toyota,Toyota Hilux 2023,2023,"US$32,400","55,000 km",Mecánica,Diesel
https://neoauto.com/auto/usado/bmw-118i-2019-1869417,https://cdn.neoauto.com/elements/autos_usados/360x240/622783/622783_2309250.webp,BMW,Bmw 118i 2019,2019,"US$18,500","62,000 km",Automática - Secuencial,Gasolina
https://neoauto.com/auto/usado/toyota-grand-hiace-2024-1869235,https://cdn.neoauto.com/elements/autos_usados/360x240/777748/777748_1910445.webp,Toyota,Toyota Grand Hiace 2024,2024,"US$48,000","105,000 km",Mecánica,Diesel
https://neoauto.com/auto/usado/ford-explorer-2017-1865377,https://cdn.neoauto.com/elements/autos_usados/360x240/775911/775911_2752313.webp,Ford,Ford Explorer 2017,2017,"US$24,000","102,000 km",Automática - Secuencial,Gasolina
https://neoauto.com/auto/usado/volkswagen-gol-confort-sedan-2023-1867546,https://cdn.neoauto.com/elements/autos_usados/360x240/348449/348449_2106022.webp,Volkswagen,Volkswagen Gol Confort Sedan 2023,2023,"US$10,200","75,000 km",Mecánica,Dual
https://neoauto.com/auto/usado/nissan-versa-sense-2014-1868931,https://cdn.neoauto.com/elements/autos_usados/360x240/743583/743583_1041522.webp,Nissan,Nissan Versa Sense 2014,2014,"US$8,500","199,105 km",Mecánica,Gasolina
https://neoauto.com/auto/usado/kia-cerato-2018-1867481,https://cdn.neoauto.com/elements/autos_usados/360x240/740905/740905_4693167.webp,Kia,Kia Cerato 2018,2018,"US$9,999","130,000 km",Automática,Dual
https://neoauto.com/auto/usado/volkswagen-taos-2022-1867750,https://cdn.neoauto.com/elements/autos_usados/360x240/130350/130350_5637384.webp,Volkswagen,Volkswagen Taos 2022,2022,"US$21,000","105,000 km",Automática - Secuencial,Gasolina
https://neoauto.com/auto/usado/nissan-sentra-1985-1864174,https://cdn.neoauto.com/elements/autos_usados/360x240/680872/680872_8742199.webp,Nissan,Nissan Sentra 1985,1985,"US$3,000","85,000 km",Mecánica,Gasolina
https://neoauto.com/auto/usado/mini-countryman-cooper-2019-1867215,https://cdn.neoauto.com/elements/autos_usados/360x240/633157/633157_7825091.webp,Mini,Mini Countryman Cooper 2019,2019,"US$19,800","24,000 km",Automática - Secuencial,Gasolina
https://neoauto.com/auto/usado/honda-hrv-2022-1855957,https://cdn.neoauto.com/elements/autos_usados/360x240/684234/684234_5977739.webp,Honda,Honda Hrv 2022,2022,"US$20,500","44,000 km",Automática - Secuencial,Gasolina
https://neoauto.com/auto/usado/kia-mohave-2018-1857267,https://cdn.neoauto.com/elements/autos_usados/360x240/766842/766842_7292725.webp,Kia,Kia Mohave 2018,2018,"US$20,900","67,000 km",Automática,Gasolina-Híbrido
https://neoauto.com/auto/usado/ford-territory-2022-1868038,https://cdn.neoauto.com/elements/autos_usados/360x240/192801/192801_9001705.webp,Ford,Ford Territory 2022,2022,"US$19,400","45,000 km",Automática,Gasolina
https://neoauto.com/auto/usado/kia-rio-2013-1868353,https://cdn.neoauto.com/elements/autos_usados/360x240/153442/153442_9559874.webp,Kia,Kia Rio 2013,2013,"US$8,000","169,000 km",Mecánica,GNV
https://neoauto.com/auto/usado/audi-q3-2024-1866080,https://cdn.neoauto.com/elements/autos_usados/360x240/316518/316518_2140168.webp,Audi,Audi Q3 2024,2024,"US$40,900","11,300 km",Automática - Secuencial,Gasolina
https://neoauto.com/auto/usado/mazda-cx-5-2022-1866521,https://cdn.neoauto.com/elements/autos_usados/360x240/292094/292094_9937283.webp,Mazda,Mazda Cx-5 2022,2022,"US$21,900","94,600 km",Automática - Secuencial,Gasolina
https://neoauto.com/auto/usado/peugeot-5008-2018-1864252,https://cdn.neoauto.com/elements/autos_usados/360x240/705839/705839_7499973.webp,Peugeot,Peugeot 5008 2018,2018,"US$19,000","56,000 km",Automática - Secuencial,Gasolina
https://neoauto.com/auto/usado/nissan-qashqai-2016-1868024,https://cdn.neoauto.com/elements/autos_usados/360x240/713661/713661_4938370.webp,Nissan,Nissan Qashqai 2016,2016,"US$14,800","93,000 km",Mecánica,Gasolina
https://neoauto.com/auto/usado/mitsubishi-asx-2022-1867631,https://cdn.neoauto.com/elements/autos_usados/360x240/689265/689265_6888518.webp,Mitsubishi,Mitsubishi Asx 2022,2022,"US$18,950","38,000 km",Automática - Secuencial,Dual
https://neoauto.com/auto/usado/bmw-x1-20i-2017-1867342,https://cdn.neoauto.com/elements/autos_usados/360x240/645717/645717_1311931.webp,BMW,Bmw X1 20i 2017,2017,"US$17,900","75,000 km",Automática - Secuencial,Gasolina
https://neoauto.com/auto/usado/kia-sorento-2023-1866695,https://cdn.neoauto.com/elements/autos_usados/360x240/3813/3813_9121701.webp,Kia,Kia Sorento 2023,2023,"US$33,900","39,000 km",Automática - Secuencial,Gasolina
https://neoauto.com/auto/usado/subaru-crosstrek-2025-1867127,https://cdn.neoauto.com/elements/autos_usados/360x240/776790/776790_2446269.webp,Subaru,Subaru Crosstrek 2025,2025,"US$23,000","31,000 km",Automática,Gasolina
https://neoauto.com/auto/usado/toyota-yaris-2014-1867843,https://cdn.neoauto.com/elements/autos_usados/360x240/697836/697836_7679758.webp,Toyota,Toyota Yaris 2014,2014,"US$11,800","126,339 km",Mecánica,Gasolina
https://neoauto.com/auto/usado/bmw-x1-20i-2016-1864913,https://cdn.neoauto.com/elements/autos_usados/360x240/775255/775255_2045946.webp,BMW,Bmw X1 20i 2016,2016,"US$15,999",100 km,Automática - Secuencial,Gasolina
https://neoauto.com/auto/usado/mitsubishi-outlander-2019-1867489,https://cdn.neoauto.com/elements/autos_usados/360x240/720747/720747_7512816.webp,Mitsubishi,Mitsubishi Outlander 2019,2019,"US$17,950","47,000 km",Automática - Secuencial,Dual
https://neoauto.com/auto/usado/ford-escape-2017-1755986,https://cdn.neoauto.com/elements/autos_usados/360x240/256862/256862_4275724.webp,Ford,Ford Escape 2017,2017,"US$13,900","96,000 km",Automática,Gasolina
https://neoauto.com/auto/usado/ford-ranger-2023-1855162,https://cdn.neoauto.com/elements/autos_usados/360x240/739472/739472_8496710.webp,Ford,Ford Ranger 2023,2023,"US$30,000","70,581 km",Mecánica,Diesel
https://neoauto.com/auto/usado/ssangyong-rexton-w-2008-1868571,https://cdn.neoauto.com/elements/autos_usados/360x240/764653/764653_5522671.webp,Ssangyong,Ssangyong Rexton W 2008,2008,"US$8,500","163,946 km",Automática - Secuencial,Diesel
https://neoauto.com/auto/usado/jac-refine-2020-1867212,https://cdn.neoauto.com/elements/autos_usados/360x240/396558/396558_4277374.webp,JAC,Jac Refine 2020,2020,"US$14,000","112,000 km",Mecánica,Dual
https://neoauto.com/auto/usado/bmw-520-i-2018-1861045,https://cdn.neoauto.com/elements/autos_usados/360x240/221844/221844_6509854.webp,BMW,Bmw 520-I 2018,2018,"US$23,900","53,900 km",Automática - Secuencial,Gasolina
https://neoauto.com/auto/usado/shineray-x30-2021-1864104,https://cdn.neoauto.com/elements/autos_usados/360x240/733670/733670_9536079.webp,Shineray,Shineray X30 2021,2021,"US$6,800","80,000 km",Mecánica,GLP
https://neoauto.com/auto/usado/mercedes-benz-glb-200-2021-1869418,https://cdn.neoauto.com/elements/autos_usados/360x240/622783/622783_6204744.webp,Mercedes-Benz,Mercedes-Benz Glb 200 2021,2021,"US$29,900","62,000 km",Automática - Secuencial,Gasolina
https://neoauto.com/auto/usado/ford-escort-1997-1865908,https://cdn.neoauto.com/elements/autos_usados/360x240/112929/112929_4048836.webp,Ford,Ford Escort 1997,1997,"US$1,900","250,000 km",Mecánica,Gasolina
https://neoauto.com/auto/usado/nissan-primera-2004-1866004,https://cdn.neoauto.com/elements/autos_usados/360x240/495988/495988_6264315.webp,Nissan,Nissan Primera 2004,2004,"US$5,000","155,000 km",Automática - Secuencial,Gasolina
https://neoauto.com/auto/usado/volkswagen-tiguan-2010-1764954,https://cdn.neoauto.com/elements/autos_usados/360x240/730694/730694_6034132.webp,Volkswagen,Volkswagen Tiguan 2010,2010,"US$9,500","148,000 km",Automática - Secuencial,Gasolina
https://neoauto.com/auto/usado/mini-countryman-cooper-2023-1859178,https://cdn.neoauto.com/elements/autos_usados/360x240/222589/222589_4793163.webp,Mini,Mini Countryman Cooper 2023,2023,"US$27,500","17,000 km",Automática - Secuencial,Gasolina
https://neoauto.com/auto/usado/toyota-yaris-2014-1868704,https://cdn.neoauto.com/elements/autos_usados/360x240/230334/230334_7778834.webp,Toyota,Toyota Yaris 2014,2014,"US$11,900","132,960 km",Mecánica,Gasolina
https://neoauto.com/auto/usado/subaru-impreza-2018-1869212,https://cdn.neoauto.com/elements/autos_usados/360x240/476265/476265_7184237.webp,Subaru,Subaru Impreza 2018,2018,"US$13,500","61,000 km",Automática - Secuencial,Gasolina
https://neoauto.com/auto/usado/subaru-impreza-2019-1860736,https://cdn.neoauto.com/elements/autos_usados/360x240/377294/377294_3835612.webp,Subaru,Subaru Impreza 2019,2019,"US$14,500","61,400 km",Automática - Secuencial,Gasolina
https://neoauto.com/auto/usado/peugeot-partner-2018-1868893,https://cdn.neoauto.com/elements/autos_usados/360x240/668627/668627_8010877.webp,Peugeot,Peugeot Partner 2018,2018,"US$6,000","139,000 km",Mecánica,Diesel
https://neoauto.com/auto/usado/ram-1000-2018-1868716,https://cdn.neoauto.com/elements/autos_usados/360x240/777518/777518_1917963.webp,RAM,Ram 1000 2018,2018,"US$15,700","150,000 km",Mecánica,Diesel
https://neoauto.com/auto/usado/volkswagen-gol-comfort-1-6-2015-1865820,https://cdn.neoauto.com/elements/autos_usados/360x240/689846/689846_3694738.webp,Volkswagen,Volkswagen Gol Comfort 1.6 2015,2015,"US$10,300","7,500 km",Mecánica,Gasolina
https://neoauto.com/auto/usado/kia-sorento-2013-1864942,https://cdn.neoauto.com/elements/autos_usados/360x240/103332/103332_7025257.webp,Kia,Kia Sorento 2013,2013,"US$14,500","125,000 km",Automática - Secuencial,Gasolina
https://neoauto.com/auto/usado/mercedes-benz-gle-400-4matic-2017-1866859,https://cdn.neoauto.com/elements/autos_usados/360x240/428341/428341_7109130.webp,Mercedes-Benz,Mercedes Benz Gle 400 4matic 2017,2017,"US$34,900","98,169 km",Automática - Secuencial,Gasolina
https://neoauto.com/auto/usado/ford-f-150-1987-1864847,https://cdn.neoauto.com/elements/autos_usados/360x240/684507/684507_8274481.webp,Ford,Ford F-150 1987,1987,"US$4,500","120,000 km",Mecánica,Diesel
https://neoauto.com/auto/usado/porsche-cayenne-coupe-2021-1858641,https://cdn.neoauto.com/elements/autos_usados/360x240/304090/304090_5651816.webp,Porsche,Porsche Cayenne Coupe 2021,2021,"US$77,000","48,000 km",Automática - Secuencial,Gasolina
https://neoauto.com/auto/usado/bmw-x3-2020-1866017,https://cdn.neoauto.com/elements/autos_usados/360x240/718109/718109_7131912.webp,BMW,Bmw X3 2020,2020,"US$36,000","63,000 km",Automática - Secuencial,Gasolina
https://neoauto.com/auto/usado/bmw-318is-2018-1861835,https://cdn.neoauto.com/elements/autos_usados/360x240/688655/688655_3752931.webp,BMW,Bmw 318is 2018,2018,"US$16,200","88,571 km",Automática - Secuencial,Gasolina
https://neoauto.com/auto/usado/hyundai-atos-2020-1864995,https://cdn.neoauto.com/elements/autos_usados/360x240/687893/687893_9010385.webp,Hyundai,Hyundai Atos 2020,2020,"US$7,500","63,000 km",Mecánica,Gasolina
https://neoauto.com/auto/usado/audi-a8-2018-1814253,https://cdn.neoauto.com/elements/autos_usados/360x240/377294/377294_6442729.webp,Audi,Audi A8 2018,2018,"US$42,000","31,000 km",Automática - Secuencial,Gasolina
https://neoauto.com/auto/usado/audi-s3-sedan-2019-1854151,https://cdn.neoauto.com/elements/autos_usados/360x240/172896/172896_9388139.webp,Audi,Audi S3 Sedán 2019,2019,"US$33,900","28,000 km",Automática - Secuencial,Gasolina
https://neoauto.com/auto/usado/bmw-320-2014-1837540,https://cdn.neoauto.com/elements/autos_usados/360x240/344400/344400_1814489.webp,BMW,Bmw 320 2014,2014,"US$14,000","30,600 km",Automática - Secuencial,Gasolina
https://neoauto.com/auto/usado/audi-a3-sedan-2017-1866588,https://cdn.neoauto.com/elements/autos_usados/360x240/479823/479823_7916104.webp,Audi,Audi A3 Sedan 2017,2017,"US$17,500","46,000 km",Automática - Secuencial,Gasolina
https://neoauto.com/auto/usado/mercedes-benz-cla-45-amg-2015-1864293,https://cdn.neoauto.com/elements/autos_usados/360x240/671043/671043_2318524.webp,Mercedes-Benz,Mercedes Benz Cla 45 Amg 2015,2015,"US$27,000","38,000 km",Automática - Secuencial,Gasolina
https://neoauto.com/auto/usado/nissan-versa-advance-2016-1867430,https://cdn.neoauto.com/elements/autos_usados/360x240/776969/776969_5778089.webp,Nissan,Nissan Versa Advance 2016,2016,"US$12,000","30,650 km",Mecánica,Gasolina
https://neoauto.com/auto/usado/toyota-camry-2012-1866400,https://cdn.neoauto.com/elements/autos_usados/360x240/645468/645468_2846995.webp,Toyota,Toyota Camry 2012,2012,"US$13,000","105,000 km",Automática - Secuencial,Dual
https://neoauto.com/auto/usado/mercedes-benz-190-e-1985-1862080,https://cdn.neoauto.com/elements/autos_usados/360x240/774234/774234_8714855.webp,Mercedes-Benz,Mercedes Benz 190-E 1985,1985,"US$2,500","210,000 km",Automática,Gasolina
https://neoauto.com/auto/usado/volkswagen-golf-gti-2017-1867990,https://cdn.neoauto.com/elements/autos_usados/360x240/776281/776281_5918582.webp,Volkswagen,Volkswagen Golf Gti 2017,2017,"US$13,900","80,000 km",Automática - Secuencial,Gasolina
https://neoauto.com/auto/usado/volvo-xc-90-2022-1865802,https://cdn.neoauto.com/elements/autos_usados/360x240/369932/369932_9606255.webp,Volvo,Volvo Xc-90 2022,2022,"US$58,000","24,500 km",Automática - Secuencial,Gasolina
https://neoauto.com/auto/usado/nissan-versa-advance-2023-1866982,https://cdn.neoauto.com/elements/autos_usados/360x240/775942/775942_4735836.webp,Nissan,Nissan Versa Advance 2023,2023,"US$15,400","50,000 km",Mecánica,Gasolina
https://neoauto.com/auto/usado/bmw-316i-2014-1864019,https://cdn.neoauto.com/elements/autos_usados/360x240/222589/222589_3012203.webp,BMW,Bmw 316i 2014,2014,"US$12,900","60,000 km",Automática - Secuencial,Gasolina
https://neoauto.com/auto/usado/audi-a4-2016-1818052,https://cdn.neoauto.com/elements/autos_usados/360x240/752856/752856_8269175.webp,Audi,Audi A4 2016,2016,"US$18,000","38,000 km",Automática - Secuencial,Gasolina
https://neoauto.com/auto/usado/mini-john-cooper-works-2026-1865125,https://cdn.neoauto.com/elements/autos_usados/360x240/518174/518174_6375861.webp,Mini,Mini John Cooper Works 2026,2026,"US$48,000","2,100 km",Automática - Secuencial,Gasolina
https://neoauto.com/auto/usado/suzuki-celerio-2024-1867184,https://cdn.neoauto.com/elements/autos_usados/360x240/558885/558885_8531531.webp,Suzuki,Suzuki Celerio 2024,2024,"US$11,200","27,000 km",Automática - Secuencial,Gasolina
https://neoauto.com/auto/usado/mini-cooper-s-2019-1868528,https://cdn.neoauto.com/elements/autos_usados/360x240/158190/158190_9261847.webp,Mini,Mini Cooper S 2019,2019,"US$20,300","39,400 km",Automática - Secuencial,Gasolina
https://neoauto.com/auto/usado/volkswagen-tiguan-allspace-2024-1866550,https://cdn.neoauto.com/elements/autos_usados/360x240/776544/776544_2031229.webp,Volkswagen,Volkswagen Tiguan Allspace 2024,2024,"US$27,000","11,000 km",Automática - Secuencial,Gasolina
https://neoauto.com/auto/usado/subaru-forester-2014-1869408,https://cdn.neoauto.com/elements/autos_usados/360x240/374533/374533_1542358.webp,Subaru,Subaru Forester 2014,2014,"US$11,200","111,500 km",Automática,Gasolina
https://neoauto.com/auto/usado/audi-q3-2017-1869399,https://cdn.neoauto.com/elements/autos_usados/360x240/536223/536223_7180329.webp,Audi,Audi Q3 2017,2017,"US$18,300","86,000 km",Automática - Secuencial,Gasolina
https://neoauto.com/auto/usado/toyota-corolla-sw-1998-1864494,https://cdn.neoauto.com/elements/autos_usados/360x240/433628/433628_7849943.webp,Toyota,Toyota Corolla Sw 1998,1998,"US$5,000",,Automática,Dual
https://neoauto.com/auto/usado/bmw-x4-20i-2025-1869133,https://cdn.neoauto.com/elements/autos_usados/360x240/708759/708759_7232653.webp,BMW,Bmw X4 20i 2025,2025,"US$53,900","9,000 km",Automática,Gasolina
https://neoauto.com/auto/usado/bmw-x1-18i-2020-1863793,https://cdn.neoauto.com/elements/autos_usados/360x240/660626/660626_9314132.webp,BMW,Bmw X1 18i 2020,2020,"US$25,600","50,608 km",Automática - Secuencial,Gasolina
https://neoauto.com/auto/usado/bmw-520-i-2023-1865100,https://cdn.neoauto.com/elements/autos_usados/360x240/501782/501782_4330170.webp,BMW,Bmw 520-I 2023,2023,"US$42,000","45,000 km",Automática,Gasolina
https://neoauto.com/auto/usado/hyundai-elantra-2013-1866837,https://cdn.neoauto.com/elements/autos_usados/360x240/678164/678164_1578907.webp,Hyundai,Hyundai Elantra 2013,2013,"US$10,200","71,789 km",Automática - Secuencial,Gasolina
https://neoauto.com/auto/usado/subaru-forester-2014-1868345,https://cdn.neoauto.com/elements/autos_usados/360x240/755512/755512_2016062.webp,Subaru,Subaru Forester 2014,2014,"US$14,200","92,500 km",Automática,Gasolina
https://neoauto.com/auto/usado/subaru-impreza-wrx-2015-1866122,https://cdn.neoauto.com/elements/autos_usados/360x240/337569/337569_1671167.webp,Subaru,Subaru Impreza Wrx 2015,2015,"US$21,500","86,500 km",Automática - Secuencial,Gasolina
https://neoauto.com/auto/usado/bmw-116i-2013-1864360,https://cdn.neoauto.com/elements/autos_usados/360x240/262675/262675_4805094.webp,BMW,Bmw 116i 2013,2013,"US$11,500","93,605 km",Automática - Secuencial,Gasolina
https://neoauto.com/auto/usado/honda-cr-v-2022-1866618,https://cdn.neoauto.com/elements/autos_usados/360x240/776583/776583_2954694.webp,Honda,Honda Cr-V 2022,2022,"US$27,800","37,000 km",Automática,Gasolina
https://neoauto.com/auto/usado/nissan-kicks-2022-1869068,https://cdn.neoauto.com/elements/autos_usados/360x240/777677/777677_7420995.webp,Nissan,Nissan Kicks 2022,2022,"US$16,300","64,500 km",Automática - Secuencial,Gasolina
https://neoauto.com/auto/usado/mazda-3-2016-1865344,https://cdn.neoauto.com/elements/autos_usados/360x240/765479/765479_7773526.webp,Mazda,Mazda 3 2016,2016,"US$10,000","78,000 km",Mecánica,Gas
https://neoauto.com/auto/usado/jac-sunray-2013-1867965,https://cdn.neoauto.com/elements/autos_usados/360x240/777157/777157_7882177.webp,JAC,Jac Sunray 2013,2013,"US$11,500","176,500 km",Mecánica,Diesel
https://neoauto.com/auto/usado/ford-ecosport-2020-1865359,https://cdn.neoauto.com/elements/autos_usados/360x240/441021/441021_1154029.webp,Ford,Ford Ecosport 2020,2020,"US$14,800","47,200 km",Mecánica,Gasolina
https://neoauto.com/auto/usado/chevrolet-tracker-2019-1866334,https://cdn.neoauto.com/elements/autos_usados/360x240/686226/686226_8686981.webp,Chevrolet,Chevrolet Tracker 2019,2019,"US$12,000","79,000 km",Automática,Gasolina
https://neoauto.com/auto/usado/kia-cerato-koup-2013-1864141,https://cdn.neoauto.com/elements/autos_usados/360x240/413735/413735_6962864.webp,Kia,Kia Cerato Koup 2013,2013,"US$10,000","122,000 km",Automática - Secuencial,Dual
https://neoauto.com/auto/usado/toyota-corolla-2009-1868163,https://cdn.neoauto.com/elements/autos_usados/360x240/251986/251986_9150436.webp,Toyota,Toyota Corolla 2009,2009,"US$9,700","97,500 km",Automática,Gasolina
https://neoauto.com/auto/usado/dfsk-glory-330-2021-1859643,https://cdn.neoauto.com/elements/autos_usados/360x240/772943/772943_7308918.webp,DFSK,Dfsk Glory 330 2021,2021,"US$9,800","80,000 km",Mecánica,GLP
https://neoauto.com/auto/usado/bmw-x2-18i-2022-1868258,https://cdn.neoauto.com/elements/autos_usados/360x240/776669/776669_1392840.webp,BMW,Bmw X2 18i 2022,2022,"US$31,000","41,100 km",Automática,Gasolina
https://neoauto.com/auto/usado/hyundai-h-1-2017-1865446,https://cdn.neoauto.com/elements/autos_usados/360x240/4308/4308_9273309.webp,Hyundai,Hyundai H-1 2017,2017,"US$17,500","130,455 km",Mecánica,Diesel
https://neoauto.com/auto/usado/chevrolet-sail-2017-1869443,https://cdn.neoauto.com/elements/autos_usados/360x240/719654/719654_4376477.webp,Chevrolet,Chevrolet Sail 2017,2017,"US$6,000","230,000 km",Mecánica,GNV
https://neoauto.com/auto/usado/mazda-6-2019-1867945,https://cdn.neoauto.com/elements/autos_usados/360x240/458893/458893_1820455.webp,Mazda,Mazda 6 2019,2019,"US$18,400","42,800 km",Automática - Secuencial,Gasolina
https://neoauto.com/auto/usado/toyota-corolla-2014-1867613,https://cdn.neoauto.com/elements/autos_usados/360x240/439829/439829_7301769.webp,Toyota,Toyota Corolla 2014,2014,"US$10,200","300,024 km",Mecánica,GNV
https://neoauto.com/auto/usado/toyota-yaris-2013-1867217,https://cdn.neoauto.com/elements/autos_usados/360x240/776861/776861_6460054.webp,Toyota,Toyota Yaris 2013,2013,"US$8,000","336,568 km",Mecánica,Gasolina
https://neoauto.com/auto/usado/nissan-sentra-2020-1866568,https://cdn.neoauto.com/elements/autos_usados/360x240/768325/768325_2721415.webp,Nissan,Nissan Sentra 2020,2020,"US$15,500","27,500 km",Automática,Gasolina
https://neoauto.com/auto/usado/volvo-xc-40-2024-1866691,https://cdn.neoauto.com/elements/autos_usados/360x240/742121/742121_3085128.webp,Volvo,Volvo Xc-40 2024,2024,"US$36,400","13,200 km",Automática - Secuencial,Gasolina-Híbrido
https://neoauto.com/auto/usado/fiat-pulse-2023-1858652,https://cdn.neoauto.com/elements/autos_usados/360x240/696468/696468_2763816.webp,Fiat,Fiat Pulse 2023,2023,"US$18,700","5,500 km",Automática,Gasolina
https://neoauto.com/auto/usado/hyundai-elantra-2013-1869454,https://cdn.neoauto.com/elements/autos_usados/360x240/777866/777866_7222442.webp,Hyundai,Hyundai Elantra 2013,2013,"US$9,900",200 km,Automática - Secuencial,Gasolina
https://neoauto.com/auto/usado/lexus-ux-250h-luxury-2021-1854142,https://cdn.neoauto.com/elements/autos_usados/360x240/744142/744142_1185891.webp,Lexus,Lexus Ux 250h Luxury 2021,2021,"US$24,000","76,000 km",Automática - Secuencial,Gasolina-Híbrido
https://neoauto.com/auto/usado/volkswagen-amarok-2014-1868388,https://cdn.neoauto.com/elements/autos_usados/360x240/719654/719654_1617176.webp,Volkswagen,Volkswagen Amarok 2014,2014,"US$10,000","150,000 km",Mecánica,Diesel
https://neoauto.com/auto/usado/honda-pilot-2015-1866103,https://cdn.neoauto.com/elements/autos_usados/360x240/686802/686802_7967095.webp,Honda,Honda Pilot 2015,2015,"US$18,000","132,000 km",Automática,Dual
https://neoauto.com/auto/usado/changan-hunter-elite-2022-1860691,https://cdn.neoauto.com/elements/autos_usados/360x240/475769/475769_7540128.webp,Changan,Changan Hunter Elite 2022,2022,"US$17,000","56,100 km",Mecánica,Diesel
https://neoauto.com/auto/usado/chevrolet-sail-classic-2017-1864070,https://cdn.neoauto.com/elements/autos_usados/360x240/775322/775322_6241789.webp,Chevrolet,Chevrolet Sail Classic 2017,2017,"US$7,500","312,000 km",Mecánica,Dual
https://neoauto.com/auto/usado/dfsk-glory-500-2024-1868945,https://cdn.neoauto.com/elements/autos_usados/360x240/773362/773362_2327890.webp,DFSK,Dfsk Glory 500 2024,2024,"US$11,500","29,000 km",Mecánica,Gasolina
https://neoauto.com/auto/usado/ford-territory-2025-1869247,https://cdn.neoauto.com/elements/autos_usados/360x240/777382/777382_3811975.webp,Ford,Ford Territory 2025,2025,"US$24,400","24,000 km",Automática - Secuencial,Gasolina
https://neoauto.com/auto/usado/audi-a3-sportback-2019-1843039,https://cdn.neoauto.com/elements/autos_usados/360x240/764411/764411_5377737.webp,Audi,Audi A3 Sportback 2019,2019,"US$19,500","31,000 km",Automática,Gasolina
https://neoauto.com/auto/usado/subaru-impreza-sport-2018-1854079,https://cdn.neoauto.com/elements/autos_usados/360x240/770330/770330_3374921.webp,Subaru,Subaru Impreza Sport 2018,2018,"US$16,000","61,000 km",Automática - Secuencial,Gasolina
https://neoauto.com/auto/usado/suzuki-grand-nomade-2010-1868266,https://cdn.neoauto.com/elements/autos_usados/360x240/743283/743283_2763349.webp,Suzuki,Suzuki Grand Nomade 2010,2010,"US$10,000","148,000 km",Automática,Gasolina
https://neoauto.com/auto/usado/ford-escape-2020-1867633,https://cdn.neoauto.com/elements/autos_usados/360x240/777002/777002_3630049.webp,Ford,Ford Escape 2020,2020,"US$14,900","126,500 km",Automática,Gasolina
https://neoauto.com/auto/usado/nissan-x-trail-2015-1868326,https://cdn.neoauto.com/elements/autos_usados/360x240/414404/414404_9404241.webp,Nissan,Nissan X-Trail 2015,2015,"US$13,500","97,000 km",Automática - Secuencial,Gasolina
https://neoauto.com/auto/usado/peugeot-2008-2017-1867809,https://cdn.neoauto.com/elements/autos_usados/360x240/748134/748134_9443689.webp,Peugeot,Peugeot 2008 2017,2008,"US$12,800","42,000 km",Automática - Secuencial,Gasolina
https://neoauto.com/auto/usado/nissan-qashqai-2021-1868199,https://cdn.neoauto.com/elements/autos_usados/360x240/502568/502568_5213720.webp,Nissan,Nissan Qashqai 2021,2021,"US$19,000","57,000 km",Automática - Secuencial,Gasolina
https://neoauto.com/auto/usado/jeep-compass-2020-1787188,https://cdn.neoauto.com/elements/autos_usados/360x240/710883/710883_6702212.webp,Jeep,Jeep Compass 2020,2020,"US$21,000","55,000 km",Automática - Secuencial,Gasolina
https://neoauto.com/auto/usado/kia-carnival-2015-1867380,https://cdn.neoauto.com/elements/autos_usados/360x240/344682/344682_5597638.webp,Kia,Kia Carnival 2015,2015,"US$22,000","80,000 km",Automática - Secuencial,Gasolina
https://neoauto.com/auto/usado/maxus-g10-2023-1869249,https://cdn.neoauto.com/elements/autos_usados/360x240/767682/767682_7223992.webp,Maxus,Maxus G10 2023,2023,"US$19,500","40,500 km",Mecánica,Diesel
https://neoauto.com/auto/usado/chevrolet-onix-2022-1868064,https://cdn.neoauto.com/elements/autos_usados/360x240/777207/777207_2332595.webp,Chevrolet,Chevrolet Onix 2022,2022,"US$11,000","35,500 km",Mecánica,Gasolina
https://neoauto.com/auto/usado/renault-duster-2014-1868298,,Renault,Renault Duster 2014,2014,"US$10,000","81,000 km",Automática,Gasolina
https://neoauto.com/auto/usado/ford-f-150-raptor-2022-1869162,https://cdn.neoauto.com/elements/autos_usados/360x240/363164/363164_3504834.webp,Ford,Ford F-150 Raptor 2022,2022,"US$46,000","42,000 km",Automática,Gasolina
https://neoauto.com/auto/usado/hyundai-accent-2023-1867388,https://cdn.neoauto.com/elements/autos_usados/360x240/698929/698929_5140657.webp,Hyundai,Hyundai Accent 2023,2023,"US$13,600","41,000 km",Mecánica,Dual
https://neoauto.com/auto/usado/nissan-sentra-2017-1868864,https://cdn.neoauto.com/elements/autos_usados/360x240/554946/554946_1623268.webp,Nissan,Nissan Sentra 2017,2017,"US$11,900","98,000 km",Automática - Secuencial,Gasolina
https://neoauto.com/auto/usado/mazda-cx-5-2024-1868683,https://cdn.neoauto.com/elements/autos_usados/360x240/777522/777522_4061557.webp,Mazda,Mazda Cx-5 2024,2024,"US$31,490","20,200 km",Automática,Gasolina
https://neoauto.com/auto/usado/bmw-x1-18i-2022-1869226,https://cdn.neoauto.com/elements/autos_usados/360x240/567302/567302_5391776.webp,BMW,Bmw X1 18i 2022,2022,"US$34,500","16,400 km",Automática,Gasolina
https://neoauto.com/auto/usado/mazda-cx-5-2016-1869355,https://cdn.neoauto.com/elements/autos_usados/360x240/150152/150152_3741646.webp,Mazda,Mazda Cx-5 2016,2016,"US$14,000","85,000 km",Automática,Gasolina
https://neoauto.com/auto/usado/volvo-xc-60-2013-1859171,https://cdn.neoauto.com/elements/autos_usados/360x240/724475/724475_3043745.webp,Volvo,Volvo Xc-60 2013,2013,"US$15,000","119,000 km",Automática - Secuencial,Gasolina
https://neoauto.com/auto/usado/volkswagen-taos-2023-1855723,https://cdn.neoauto.com/elements/autos_usados/360x240/748987/748987_2267615.webp,Volkswagen,Volkswagen Taos 2023,2023,"US$23,800","16,000 km",Automática - Secuencial,Gasolina
https://neoauto.com/auto/usado/subaru-impreza-2019-1861744,https://cdn.neoauto.com/elements/autos_usados/360x240/675360/675360_4814667.webp,Subaru,Subaru Impreza 2019,2019,"US$15,100","42,000 km",Automática - Secuencial,Gasolina
https://neoauto.com/auto/usado/suzuki-fronx-2025-1868534,https://cdn.neoauto.com/elements/autos_usados/360x240/777432/777432_5936231.webp,Suzuki,Suzuki Fronx 2025,2025,"US$10,000","44,000 km",Mecánica,Híbrido
https://neoauto.com/auto/usado/dfsk-glory-580-2023-1867533,https://cdn.neoauto.com/elements/autos_usados/360x240/137685/137685_7254545.webp,DFSK,Dfsk Glory 580 2023,2023,"US$18,000","52,550 km",Automática - Secuencial,Gasolina
https://neoauto.com/auto/usado/mitsubishi-lancer-2017-1861734,https://cdn.neoauto.com/elements/autos_usados/360x240/764365/764365_8962180.webp,Mitsubishi,Mitsubishi Lancer 2017,2017,"US$10,000","210,000 km",Mecánica,Dual
https://neoauto.com/auto/usado/ford-territory-2024-1869215,https://cdn.neoauto.com/elements/autos_usados/360x240/433004/433004_8641061.webp,Ford,Ford Territory 2024,2024,"US$22,300","18,600 km",Automática,Gasolina
https://neoauto.com/auto/usado/mitsubishi-galant-2010-1868552,https://cdn.neoauto.com/elements/autos_usados/360x240/777441/777441_6706722.webp,Mitsubishi,Mitsubishi Galant 2010,2010,"US$9,800","62,000 km",Automática,Gasolina
https://neoauto.com/auto/usado/toyota-rav4-2008-1861498,https://cdn.neoauto.com/elements/autos_usados/360x240/413568/413568_4213230.webp,Toyota,Toyota Rav4 2008,2008,"US$14,300","75,000 km",Mecánica,Dual
https://neoauto.com/auto/usado/hyundai-matrix-2006-1867175,https://cdn.neoauto.com/elements/autos_usados/360x240/426055/426055_1057085.webp,Hyundai,Hyundai Matrix 2006,2006,"US$4,600","214,000 km",Mecánica,Dual
https://neoauto.com/auto/usado/jeep-wrangler-2013-1868923,https://cdn.neoauto.com/elements/autos_usados/360x240/348357/348357_8862353.webp,Jeep,Jeep Wrangler 2013,2013,"US$25,900","63,000 km",Mecánica,Gasolina
https://neoauto.com/auto/usado/audi-q7-2014-1865534,https://cdn.neoauto.com/elements/autos_usados/360x240/118123/118123_8466410.webp,Audi,Audi Q7 2014,2014,"US$21,990","76,000 km",Automática - Secuencial,Gasolina
https://neoauto.com/auto/usado/dfsk-glory-560-2020-1868289,https://cdn.neoauto.com/elements/autos_usados/360x240/777311/777311_1837205.webp,DFSK,Dfsk Glory 560 2020,2020,"US$13,000","74,800 km",Mecánica,Dual
https://neoauto.com/auto/usado/mercedes-benz-glk-250-2015-1854217,https://cdn.neoauto.com/elements/autos_usados/360x240/332802/332802_8376891.webp,Mercedes-Benz,Mercedes Benz Glk 250 2015,2015,"US$16,750","84,000 km",Automática - Secuencial,Gasolina
https://neoauto.com/auto/usado/changan-cs15-2025-1856002,https://cdn.neoauto.com/elements/autos_usados/360x240/753431/753431_3111399.webp,Changan,Changan Cs15 2025,2025,"US$12,500","11,000 km",Mecánica,Dual
https://neoauto.com/auto/usado/hafei-zhongyi-2011-1867886,https://cdn.neoauto.com/elements/autos_usados/360x240/777119/777119_1367922.webp,Hafei,Hafei Zhongyi 2011,2011,"US$2,400","144,385 km",Mecánica,Gasolina
https://neoauto.com/auto/usado/jac-js3-2022-1867612,https://cdn.neoauto.com/elements/autos_usados/360x240/614211/614211_2025634.webp,JAC,Jac Js3 2022,2022,"US$12,000","14,000 km",Automática - Secuencial,Gasolina
https://neoauto.com/auto/usado/toyota-4runner-2013-1861403,https://cdn.neoauto.com/elements/autos_usados/360x240/729491/729491_3191633.webp,Toyota,Toyota 4runner 2013,2013,"US$31,000",121 km,Automática - Secuencial,Gasolina
https://neoauto.com/auto/usado/bmw-m235i-2015-1867213,https://cdn.neoauto.com/elements/autos_usados/360x240/293828/293828_7796312.webp,BMW,Bmw M235i 2015,2015,"US$27,000","38,700 km",Automática - Secuencial,Gasolina
https://neoauto.com/auto/usado/chevrolet-onix-joy-2022-1869289,https://cdn.neoauto.com/elements/autos_usados/360x240/777781/777781_8466276.webp,Chevrolet,Chevrolet Onix Joy 2022,2022,"US$10,200","70,000 km",Mecánica,Híbrido
https://neoauto.com/auto/usado/renault-duster-2015-1861237,https://cdn.neoauto.com/elements/autos_usados/360x240/773782/773782_1387492.webp,Renault,Renault Duster 2015,2015,"US$7,500","149,000 km",Mecánica,Gasolina
https://neoauto.com/auto/usado/toyota-raize-2023-1869241,https://cdn.neoauto.com/elements/autos_usados/360x240/727941/727941_1725974.webp,Toyota,Toyota Raize 2023,2023,"US$15,500","38,700 km",Automática - Secuencial,Gasolina
https://neoauto.com/auto/usado/hyundai-verna-2020-1864114,https://cdn.neoauto.com/elements/autos_usados/360x240/775347/775347_6379316.webp,Hyundai,Hyundai Verna 2020,2020,"US$11,000","88,169 km",Mecánica,Dual
https://neoauto.com/auto/usado/kia-sorento-2009-1868017,https://cdn.neoauto.com/elements/autos_usados/360x240/324073/324073_6067164.webp,Kia,Kia Sorento 2009,2009,"US$10,000","94,300 km",Automática,Dual
https://neoauto.com/auto/usado/jeep-grand-cherokee-overland-2015-1855993,https://cdn.neoauto.com/elements/autos_usados/360x240/323920/323920_3588156.webp,Jeep,Jeep Grand Cherokee Overland 2015,2015,"US$24,000","135,000 km",Automática - Secuencial,Gasolina
https://neoauto.com/auto/usado/chevrolet-spin-2021-1869156,https://cdn.neoauto.com/elements/autos_usados/360x240/341129/341129_7633788.webp,Chevrolet,Chevrolet Spin 2021,2021,"US$13,600","43,000 km",Mecánica,Dual
https://neoauto.com/auto/usado/hyundai-santa-fe-2023-1869253,https://cdn.neoauto.com/elements/autos_usados/360x240/734807/734807_2007693.webp,Hyundai,Hyundai Santa Fe 2023,2023,"US$29,300","36,000 km",Automática - Secuencial,Gasolina
https://neoauto.com/auto/usado/hyundai-santa-fe-2010-1865149,https://cdn.neoauto.com/elements/autos_usados/360x240/775834/775834_5850050.webp,Hyundai,Hyundai Santa Fe 2010,2010,"US$12,500","97,500 km",Automática - Secuencial,Gasolina
https://neoauto.com/auto/usado/toyota-rav4-2018-1868948,https://cdn.neoauto.com/elements/autos_usados/360x240/769600/769600_2432015.webp,Toyota,Toyota Rav4 2018,2018,"US$23,500","135,000 km",Automática - Secuencial,Gasolina
https://neoauto.com/auto/usado/volkswagen-gol-confort-sedan-2012-1868506,https://cdn.neoauto.com/elements/autos_usados/360x240/696942/696942_6266322.webp,Volkswagen,Volkswagen Gol Confort Sedan 2012,2012,"US$8,500","55,000 km",Automática - Secuencial,Gasolina
https://neoauto.com/auto/usado/suzuki-grand-vitara-2010-1869388,https://cdn.neoauto.com/elements/autos_usados/360x240/777829/777829_9598109.webp,Suzuki,Suzuki Grand Vitara 2010,2010,"US$8,200","162,500 km",Automática,Gasolina
https://neoauto.com/auto/usado/kia-sportage-2016-1869009,https://cdn.neoauto.com/elements/autos_usados/360x240/771657/771657_3224135.webp,Kia,Kia Sportage 2016,2016,"US$16,500","115,000 km",Automática - Secuencial,Dual
https://neoauto.com/auto/usado/subaru-legacy-2013-1867766,https://cdn.neoauto.com/elements/autos_usados/360x240/419966/419966_1135735.webp,Subaru,Subaru Legacy 2013,2013,"US$10,500","139,000 km",Automática,Gasolina
https://neoauto.com/auto/usado/mercedes-benz-190-e-1985-1847541,https://cdn.neoauto.com/elements/autos_usados/360x240/495315/495315_8801677.webp,Mercedes-Benz,Mercedes Benz 190-E 1985,1985,"US$6,000","150,000 km",Automática,Gasolina
https://neoauto.com/auto/usado/mercedes-benz-200-2008-1862500,https://cdn.neoauto.com/elements/autos_usados/360x240/772479/772479_1555248.webp,Mercedes-Benz,Mercedes Benz 200 2008,2008,"US$8,900","123,000 km",Automática - Secuencial,Gasolina
https://neoauto.com/auto/usado/nissan-versa-sense-2015-1867188,https://cdn.neoauto.com/elements/autos_usados/360x240/356400/356400_1356136.webp,Nissan,Nissan Versa Sense 2015,2015,"US$10,000","54,414 km",Automática,Gasolina
https://neoauto.com/auto/usado/jeep-compass-2011-1866990,https://cdn.neoauto.com/elements/autos_usados/360x240/667498/667498_5250375.webp,Jeep,Jeep Compass 2011,2011,"US$11,000","96,000 km",Automática - Secuencial,Gasolina
https://neoauto.com/auto/usado/volkswagen-escarabajo-1982-1868193,https://cdn.neoauto.com/elements/autos_usados/360x240/666229/666229_6570228.webp,Volkswagen,Volkswagen Escarabajo 1982,1982,"US$3,500","46,000 km",Mecánica,Gasolina
https://neoauto.com/auto/usado/bmw-x3-20i-2019-1856285,https://cdn.neoauto.com/elements/autos_usados/360x240/321732/321732_7112250.webp,BMW,Bmw X3 20i 2019,2019,"US$31,800","91,000 km",Automática - Secuencial,Gasolina
https://neoauto.com/auto/usado/bmw-118i-2018-1867836,https://cdn.neoauto.com/elements/autos_usados/360x240/760866/760866_4976496.webp,BMW,Bmw 118i 2018,2018,"US$15,899","56,500 km",Automática - Secuencial,Gasolina
https://neoauto.com/auto/usado/jeep-cherokee-trailhawk-2016-1856359,https://cdn.neoauto.com/elements/autos_usados/360x240/527059/527059_6783426.webp,Jeep,Jeep Cherokee Trailhawk 2016,2016,"US$17,000","85,000 km",Automática - Secuencial,Gasolina
https://neoauto.com/auto/usado/mg-3-2015-1866892,https://cdn.neoauto.com/elements/autos_usados/360x240/776699/776699_7709777.webp,MG,Mg 3 2015,2015,"US$6,300","175,000 km",Mecánica,Gasolina
https://neoauto.com/auto/usado/jeep-cherokee-longitude-2015-1867874,https://cdn.neoauto.com/elements/autos_usados/360x240/712670/712670_2843044.webp,Jeep,Jeep Cherokee Longitude 2015,2015,"US$14,500","91,000 km",Automática - Secuencial,Gasolina
https://neoauto.com/auto/usado/citroen-c-4-cactus-2024-1867262,https://cdn.neoauto.com/elements/autos_usados/360x240/441440/441440_3438447.webp,Citroen,Citroen C-4 Cactus 2024,2024,"US$15,000","2,400 km",Automática - Secuencial,Gasolina
https://neoauto.com/auto/usado/subaru-xv-2020-1869261,https://cdn.neoauto.com/elements/autos_usados/360x240/475981/475981_9325294.webp,Subaru,Subaru Xv 2020,2020,"US$17,300","88,000 km",Automática - Secuencial,Gasolina
https://neoauto.com/auto/usado/audi-a4-2017-1869263,https://cdn.neoauto.com/elements/autos_usados/360x240/646451/646451_7496485.webp,Audi,Audi A4 2017,2017,"US$21,500","57,000 km",Automática - Secuencial,Gasolina
https://neoauto.com/auto/usado/jeep-compass-sport-2020-1869023,https://cdn.neoauto.com/elements/autos_usados/360x240/376669/376669_5225897.webp,Jeep,Jeep Compass Sport 2020,2020,"US$19,000","24,000 km",Automática,Gasolina
https://neoauto.com/auto/usado/great-wall-wingle-5-2022-1866823,https://cdn.neoauto.com/elements/autos_usados/360x240/687325/687325_4122913.webp,Great Wall,Great Wall Wingle 5 2022,2022,"US$41,500","30,400 km",Mecánica,GNV
https://neoauto.com/auto/usado/subaru-forester-2019-1868564,https://cdn.neoauto.com/elements/autos_usados/360x240/777423/777423_2799854.webp,Subaru,Subaru Forester 2019,2019,"US$20,500","104,300 km",Automática,Gasolina
https://neoauto.com/auto/usado/porsche-cayenne-2019-1868691,https://cdn.neoauto.com/elements/autos_usados/360x240/692246/692246_7654898.webp,Porsche,Porsche Cayenne 2019,2019,"US$43,000","100,000 km",Automática - Secuencial,Gasolina
https://neoauto.com/auto/usado/peugeot-508-2012-1867704,https://cdn.neoauto.com/elements/autos_usados/360x240/758294/758294_7131144.webp,Peugeot,Peugeot 508 2012,2012,"US$7,000","150,000 km",Mecánica,Gasolina
https://neoauto.com/auto/usado/dfsk-glory-580-2023-1858610,https://cdn.neoauto.com/elements/autos_usados/360x240/442003/442003_2035190.webp,DFSK,Dfsk Glory 580 2023,2023,"US$16,900","55,000 km",Mecánica,GNV
https://neoauto.com/auto/usado/dfsk-k07s-2023-1866619,https://cdn.neoauto.com/elements/autos_usados/360x240/677855/677855_6270634.webp,DFSK,Dfsk K07s 2023,2023,"US$10,900","59,000 km",Mecánica,GNV
https://neoauto.com/auto/usado/audi-q5-sportback-2023-1868416,https://cdn.neoauto.com/elements/autos_usados/360x240/649411/649411_7031551.webp,Audi,Audi Q5 Sportback 2023,2023,"US$52,900","39,000 km",Automática,Gasolina
https://neoauto.com/auto/usado/subaru-xv-2011-1858025,https://cdn.neoauto.com/elements/autos_usados/360x240/555656/555656_3209433.webp,Subaru,Subaru Xv 2011,2011,"US$10,500","92,400 km",Automática - Secuencial,Gasolina
https://neoauto.com/auto/usado/toyota-corona-1971-1855688,https://cdn.neoauto.com/elements/autos_usados/360x240/771100/771100_4443211.webp,Toyota,Toyota Corona 1971,1971,"US$2,500","800,000 km",Mecánica,Gasolina
https://neoauto.com/auto/usado/mitsubishi-mirage-1994-1867894,https://cdn.neoauto.com/elements/autos_usados/360x240/777120/777120_4607495.webp,Mitsubishi,Mitsubishi Mirage 1994,1994,"US$10,000","252,243 km",Automática,GLP
https://neoauto.com/auto/usado/mercedes-benz-c-180-2017-1867327,https://cdn.neoauto.com/elements/autos_usados/360x240/686300/686300_5193611.webp,Mercedes-Benz,Mercedes Benz C-180 2017,2017,"US$20,000","34,000 km",Automática - Secuencial,Gasolina
https://neoauto.com/auto/usado/honda-civic-lx-2014-1869081,https://cdn.neoauto.com/elements/autos_usados/360x240/750327/750327_8031698.webp,Honda,Honda Civic Lx 2014,2014,"US$12,900","61,700 km",Automática,Gasolina
https://neoauto.com/auto/usado/chevrolet-malibu-1976-1830964,https://cdn.neoauto.com/elements/autos_usados/360x240/125103/125103_9697703.webp,Chevrolet,Chevrolet Malibu 1976,1976,"US$10,000","80,000 km",Automática,Gasolina
https://neoauto.com/auto/usado/nissan-versa-2025-1866617,https://cdn.neoauto.com/elements/autos_usados/360x240/520673/520673_7706806.webp,Nissan,Nissan Versa 2025,2025,"US$19,500","8,000 km",Automática,Gasolina
https://neoauto.com/auto/usado/chevrolet-aveo-2009-1857665,https://cdn.neoauto.com/elements/autos_usados/360x240/402853/402853_6206038.webp,Chevrolet,Chevrolet Aveo 2009,2009,"US$5,300","85,000 km",Mecánica,Gasolina
https://neoauto.com/auto/usado/volkswagen-tiguan-allspace-2021-1869343,https://cdn.neoauto.com/elements/autos_usados/360x240/777819/777819_9688962.webp,Volkswagen,Volkswagen Tiguan Allspace 2021,2021,"US$23,000","56,000 km",Automática - Secuencial,Gasolina
https://neoauto.com/auto/usado/toyota-yaris-2005-1861630,https://cdn.neoauto.com/elements/autos_usados/360x240/770112/770112_3836189.webp,Toyota,Toyota Yaris 2005,2005,"US$5,000","500,000 km",Mecánica,Dual
https://neoauto.com/auto/usado/swm-g03-2025-1868249,https://cdn.neoauto.com/elements/autos_usados/360x240/537217/537217_5691541.webp,Swm,Swm G03 2025,2025,"US$12,000","44,500 km",Mecánica,Dual
https://neoauto.com/auto/usado/mazda-cx-5-2017-1868135,https://cdn.neoauto.com/elements/autos_usados/360x240/764408/764408_2848092.webp,Mazda,Mazda Cx-5 2017,2017,"US$16,900","63,000 km",Automática - Secuencial,Gasolina
https://neoauto.com/auto/usado/subaru-all-new-forester-2024-1866755,https://cdn.neoauto.com/elements/autos_usados/360x240/129067/129067_1606461.webp,Subaru,Subaru All New Forester 2024,2024,"US$26,500","30,300 km",Automática - Secuencial,Gasolina
https://neoauto.com/auto/usado/toyota-auris-2014-1581946,https://cdn.neoauto.com/elements/autos_usados/360x240/505289/505289_6191720.webp,Toyota,Toyota Auris 2014,2014,"US$13,500","96,000 km",Mecánica,Gasolina
https://neoauto.com/auto/usado/subaru-forester-2023-1866933,https://cdn.neoauto.com/elements/autos_usados/360x240/773423/773423_5542458.webp,Subaru,Subaru Forester 2023,2023,"US$43,500","28,500 km",Automática,Híbrido
https://neoauto.com/auto/usado/honda-hr-v-2019-1869449,https://cdn.neoauto.com/elements/autos_usados/360x240/584241/584241_2095606.webp,Honda,Honda Hr-V 2019,2019,"US$19,900","20,000 km",Automática,Gasolina
https://neoauto.com/auto/usado/hyundai-starex-2003-1869258,https://cdn.neoauto.com/elements/autos_usados/360x240/777760/777760_7148348.webp,Hyundai,Hyundai Starex 2003,2003,"US$27,000",,Mecánica,Diesel
https://neoauto.com/auto/usado/dodge-durango-2022-1861776,https://cdn.neoauto.com/elements/autos_usados/360x240/282332/282332_4095390.webp,Dodge,Dodge Durango 2022,2022,"US$51,900","14,000 km",Automática - Secuencial,Gasolina
https://neoauto.com/auto/usado/nissan-np300-frontier-2022-1868076,https://cdn.neoauto.com/elements/autos_usados/360x240/704921/704921_2806247.webp,Nissan,Nissan Np300 Frontier 2022,2022,"US$25,500","81,000 km",Mecánica,Diesel
https://neoauto.com/auto/usado/kia-soul-2012-1866833,https://cdn.neoauto.com/elements/autos_usados/360x240/487940/487940_6744093.webp,Kia,Kia Soul 2012,2012,"US$10,400","82,000 km",Automática - Secuencial,Gasolina
https://neoauto.com/auto/usado/honda-cr-v-2022-1861548,https://cdn.neoauto.com/elements/autos_usados/360x240/338015/338015_6293915.webp,Honda,Honda Cr-V 2022,2022,"US$31,500","26,700 km",Automática - Secuencial,Gasolina
https://neoauto.com/auto/usado/dodge-durango-2012-1867616,https://cdn.neoauto.com/elements/autos_usados/360x240/777035/777035_9003719.webp,Dodge,Dodge Durango 2012,2012,"US$12,000","190,000 km",Automática - Secuencial,GLP
https://neoauto.com/auto/usado/mitsubishi-eclipse-cross-2023-1865558,https://cdn.neoauto.com/elements/autos_usados/360x240/684357/684357_5644150.webp,Mitsubishi,Mitsubishi Eclipse Cross 2023,2023,"US$26,000","21,345 km",Automática,Gasolina
https://neoauto.com/auto/usado/suzuki-grand-nomade-2016-1868513,https://cdn.neoauto.com/elements/autos_usados/360x240/564546/564546_9008482.webp,Suzuki,Suzuki Grand Nomade 2016,2016,"US$11,700","96,000 km",Automática,Gasolina
https://neoauto.com/auto/usado/mazda-cx-30-2023-1869315,https://cdn.neoauto.com/elements/autos_usados/360x240/777814/777814_3960983.webp,Mazda,Mazda Cx-30 2023,2023,"US$21,200","32,000 km",Mecánica,Gasolina
https://neoauto.com/auto/usado/renault-duster-2018-1868439,https://cdn.neoauto.com/elements/autos_usados/360x240/777394/777394_9630181.webp,Renault,Renault Duster 2018,2018,"US$35,000","130,000 km",Mecánica,Dual
https://neoauto.com/auto/usado/volvo-xc-40-2024-1867097,https://cdn.neoauto.com/elements/autos_usados/360x240/775380/775380_2560032.webp,Volvo,Volvo Xc-40 2024,2024,"US$37,000","19,700 km",Automática - Secuencial,Gasolina-Híbrido
https://neoauto.com/auto/usado/suzuki-apv-2014-1862172,https://cdn.neoauto.com/elements/autos_usados/360x240/708497/708497_6112279.webp,Suzuki,Suzuki Apv 2014,2014,"US$7,300","175,605 km",Mecánica,Dual
https://neoauto.com/auto/usado/bmw-x5-2019-1868210,https://cdn.neoauto.com/elements/autos_usados/360x240/145142/145142_6581622.webp,BMW,Bmw X5 2019,2019,"US$67,800","53,500 km",Automática,Gasolina
https://neoauto.com/auto/usado/renault-duster-2015-1867048,https://cdn.neoauto.com/elements/autos_usados/360x240/724437/724437_6281127.webp,Renault,Renault Duster 2015,2015,"US$12,500","40,600 km",Automática - Secuencial,Gasolina
https://neoauto.com/auto/usado/ford-escape-2017-1861951,https://cdn.neoauto.com/elements/autos_usados/360x240/774159/774159_9722346.webp,Ford,Ford Escape 2017,2017,"US$17,000","62,000 km",Automática,Gasolina
https://neoauto.com/auto/usado/mazda-cx-30-2020-1867037,https://cdn.neoauto.com/elements/autos_usados/360x240/770868/770868_6794842.webp,Mazda,Mazda Cx-30 2020,2020,"US$23,900","35,250 km",Automática - Secuencial,Gasolina
https://neoauto.com/auto/usado/baic-grand-plus-2016-1857917,https://cdn.neoauto.com/elements/autos_usados/360x240/771989/771989_2887296.webp,BAIC,Baic Grand Plus 2016,2016,"US$6,000","104,000 km",Mecánica,Gasolina
https://neoauto.com/auto/usado/kia-sportage-2012-1867273,https://cdn.neoauto.com/elements/autos_usados/360x240/776660/776660_7345624.webp,Kia,Kia Sportage 2012,2012,"US$12,500","46,500 km",Automática,Gasolina
https://neoauto.com/auto/usado/toyota-corolla-2010-1856155,https://cdn.neoauto.com/elements/autos_usados/360x240/682536/682536_9019514.webp,Toyota,Toyota Corolla 2010,2010,"US$8,500","223,000 km",Mecánica,Dual
https://neoauto.com/auto/usado/hyundai-creta-2016-1739372,https://cdn.neoauto.com/elements/autos_usados/360x240/377558/377558_1323358.webp,Hyundai,Hyundai Creta 2016,2016,"US$15,300","36,400 km",Mecánica,Gasolina
https://neoauto.com/auto/usado/haval-h6-2022-1854324,https://cdn.neoauto.com/elements/autos_usados/360x240/521764/521764_5620233.webp,Haval,Haval H6 2022,2022,"US$17,600","31,000 km",Automática - Secuencial,Gasolina
https://neoauto.com/auto/usado/volkswagen-gol-sedan-2017-1855710,https://cdn.neoauto.com/elements/autos_usados/360x240/771115/771115_6068904.webp,Volkswagen,Volkswagen Gol Sedán 2017,2017,"US$8,800","123,600 km",Automática - Secuencial,Dual
https://neoauto.com/auto/usado/chevrolet-spin-active-2024-1867795,https://cdn.neoauto.com/elements/autos_usados/360x240/411191/411191_4940045.webp,Chevrolet,Chevrolet Spin Active 2024,2024,"US$14,900","19,500 km",Automática,Dual
https://neoauto.com/auto/usado/honda-civic-coupe-2012-1868857,https://cdn.neoauto.com/elements/autos_usados/360x240/684207/684207_9303312.webp,Honda,Honda Civic Coupe 2012,2012,"US$11,000","96,000 km",Automática,Gasolina
https://neoauto.com/auto/usado/subaru-wrx-2019-1786237,https://cdn.neoauto.com/elements/autos_usados/360x240/62014/62014_3993425.webp,Subaru,Subaru Wrx 2019,2019,"US$22,500","63,000 km",Automática - Secuencial,Gasolina
https://neoauto.com/auto/usado/volkswagen-golf-2018-1855655,https://cdn.neoauto.com/elements/autos_usados/360x240/69068/69068_9680854.webp,Volkswagen,Volkswagen Golf 2018,2018,"US$15,900","90,000 km",Automática - Secuencial,Gasolina
https://neoauto.com/auto/usado/bmw-320i-2022-1854013,https://cdn.neoauto.com/elements/autos_usados/360x240/770311/770311_3543357.webp,BMW,Bmw 320i 2022,2022,"US$31,500","70,000 km",Automática,Gasolina
https://neoauto.com/auto/usado/chevrolet-onix-joy-2023-1867179,https://cdn.neoauto.com/elements/autos_usados/360x240/776841/776841_6411564.webp,Chevrolet,Chevrolet Onix Joy 2023,2023,"US$10,500","71,800 km",Mecánica,Dual
https://neoauto.com/auto/usado/bmw-325i-2006-1861828,https://cdn.neoauto.com/elements/autos_usados/360x240/774116/774116_3696755.webp,BMW,Bmw 325i 2006,2006,"US$12,000","28,000 km",Automática,Gasolina
https://neoauto.com/auto/usado/volvo-240-1993-1854321,https://cdn.neoauto.com/elements/autos_usados/360x240/377509/377509_3694950.webp,Volvo,Volvo 240 1993,1993,"US$4,350","161,333 km",Automática,Gasolina
https://neoauto.com/auto/usado/mitsubishi-asx-2024-1861739,https://cdn.neoauto.com/elements/autos_usados/360x240/737274/737274_1867082.webp,Mitsubishi,Mitsubishi Asx 2024,2024,"US$18,950","12,000 km",Automática,Gasolina
https://neoauto.com/auto/usado/volkswagen-tiguan-allspace-2021-1854380,https://cdn.neoauto.com/elements/autos_usados/360x240/770493/770493_5423293.webp,Volkswagen,Volkswagen Tiguan Allspace 2021,2021,"US$25,300","61,000 km",Automática,Gasolina
https://neoauto.com/auto/usado/mitsubishi-montero-sport-2017-1854002,https://cdn.neoauto.com/elements/autos_usados/360x240/663750/663750_2659498.webp,Mitsubishi,Mitsubishi Montero Sport 2017,2017,"US$24,200","72,000 km",Automática - Secuencial,Gasolina
https://neoauto.com/auto/usado/suzuki-grand-nomade-2010-1854112,https://cdn.neoauto.com/elements/autos_usados/360x240/731332/731332_8490688.webp,Suzuki,Suzuki Grand Nomade 2010,2010,"US$9,300","149,161 km",Mecánica,GLP
https://neoauto.com/auto/usado/toyota-celica-1920-1867274,https://cdn.neoauto.com/elements/autos_usados/360x240/776879/776879_7157530.webp,Toyota,Toyota Celica 1920,1920,"US$3,000","15,000 km",Mecánica,Dual
https://neoauto.com/auto/usado/hyundai-accent-2013-1869331,https://cdn.neoauto.com/elements/autos_usados/360x240/74391/74391_8780356.webp,Hyundai,Hyundai Accent 2013,2013,"US$10,000","125,000 km",Mecánica,Gasolina
https://neoauto.com/auto/usado/hyundai-santa-fe-2018-1868131,https://cdn.neoauto.com/elements/autos_usados/360x240/195982/195982_2284417.webp,Hyundai,Hyundai Santa Fe 2018,2018,"US$21,000","71,500 km",Automática - Secuencial,Gasolina
https://neoauto.com/auto/usado/audi-s6-2016-1853948,https://cdn.neoauto.com/elements/autos_usados/360x240/165399/165399_8402265.webp,Audi,Audi S6 2016,2016,"US$38,500","46,000 km",Automática - Secuencial,Gasolina
https://neoauto.com/auto/usado/suzuki-vitara-2015-1854407,https://cdn.neoauto.com/elements/autos_usados/360x240/770501/770501_1712105.webp,Suzuki,Suzuki Vitara 2015,2015,"US$14,000","45,000 km",Mecánica,Gasolina
https://neoauto.com/auto/usado/nissan-qashqai-2015-1868609,https://cdn.neoauto.com/elements/autos_usados/360x240/777473/777473_5339596.webp,Nissan,Nissan Qashqai 2015,2015,"US$15,000","77,000 km",Automática - Secuencial,Gasolina
https://neoauto.com/auto/usado/mazda-3-2017-1858543,https://cdn.neoauto.com/elements/autos_usados/360x240/412544/412544_7435227.webp,Mazda,Mazda 3 2017,2017,"US$9,250","119,000 km",Mecánica,Gasolina
https://neoauto.com/auto/usado/mazda-cx-9-2024-1862182,https://cdn.neoauto.com/elements/autos_usados/360x240/698694/698694_1935129.webp,Mazda,Mazda Cx-9 2024,2024,"US$38,300","7,853 km",Automática - Secuencial,Gasolina
https://neoauto.com/auto/usado/audi-q5-2015-1862369,https://cdn.neoauto.com/elements/autos_usados/360x240/689294/689294_9104398.webp,Audi,Audi Q5 2015,2015,"US$18,500","86,000 km",Automática - Secuencial,Gasolina
https://neoauto.com/auto/usado/jetour-x70-plus-2024-1867473,https://cdn.neoauto.com/elements/autos_usados/360x240/776984/776984_8424530.webp,Jetour,Jetour X70 Plus 2024,2024,"US$20,550","25,543 km",Automática - Secuencial,Gasolina
https://neoauto.com/auto/usado/suzuki-s-cross-2023-1856061,https://cdn.neoauto.com/elements/autos_usados/360x240/581892/581892_9307201.webp,Suzuki,Suzuki S-Cross 2023,2023,"US$15,800","25,200 km",Mecánica,Gasolina
https://neoauto.com/auto/usado/lexus-es-250-2019-1868028,https://cdn.neoauto.com/elements/autos_usados/360x240/435557/435557_1809654.webp,Lexus,Lexus Es 250 2019,2019,"US$23,800","77,200 km",Automática - Secuencial,Gasolina
https://neoauto.com/auto/usado/volkswagen-bora-2012-1867271,https://cdn.neoauto.com/elements/autos_usados/360x240/776877/776877_1340729.webp,Volkswagen,Volkswagen Bora 2012,2012,"US$8,450","113,000 km",Mecánica,Dual
https://neoauto.com/auto/usado/fiat-uno-2016-1854304,https://cdn.neoauto.com/elements/autos_usados/360x240/729060/729060_9354796.webp,Fiat,Fiat Uno 2016,2016,"US$5,200","143,000 km",Mecánica,GNV
https://neoauto.com/auto/usado/bmw-x-3-2017-1830293,https://cdn.neoauto.com/elements/autos_usados/360x240/529854/529854_4619117.webp,BMW,Bmw X-3 2017,2017,"US$25,499","72,500 km",Automática - Secuencial,Gasolina
https://neoauto.com/auto/usado/citroen-c-4-2009-1866817,https://cdn.neoauto.com/elements/autos_usados/360x240/673347/673347_5732153.webp,Citroen,Citroen C-4 2009,2009,"US$6,500","94,500 km",Mecánica,Gasolina
https://neoauto.com/auto/usado/chevrolet-traverse-2016-1869063,https://cdn.neoauto.com/elements/autos_usados/360x240/777649/777649_7621265.webp,Chevrolet,Chevrolet Traverse 2016,2016,"US$11,900","31,000 km",Automática - Secuencial,Gasolina
https://neoauto.com/auto/usado/honda-wr-v-2024-1869378,https://cdn.neoauto.com/elements/autos_usados/360x240/764108/764108_7192320.webp,Honda,Honda Wr-V 2024,2024,"US$15,200","6,200 km",Automática - Secuencial,Gasolina
https://neoauto.com/auto/usado/ford-ranger-2023-1855839,https://cdn.neoauto.com/elements/autos_usados/360x240/564117/564117_9664465.webp,Ford,Ford Ranger 2023,2023,"US$28,000","64,000 km",Mecánica,Diesel
https://neoauto.com/auto/usado/ford-edge-titanium-2013-1868102,https://cdn.neoauto.com/elements/autos_usados/360x240/415736/415736_6438512.webp,Ford,Ford Edge Titanium 2013,2013,"US$14,500","123,000 km",Automática - Secuencial,Gasolina
https://neoauto.com/auto/usado/bmw-520-2015-1861344,https://cdn.neoauto.com/elements/autos_usados/360x240/507747/507747_3378241.webp,BMW,Bmw 520 2015,2015,"US$14,000","88,216 km",Automática - Secuencial,Gasolina
https://neoauto.com/auto/usado/suzuki-celerio-2013-1869231,https://cdn.neoauto.com/elements/autos_usados/360x240/552877/552877_7959157.webp,Suzuki,Suzuki Celerio 2013,2013,"US$5,950","120,000 km",Mecánica,Gasolina
https://neoauto.com/auto/usado/toyota-rush-2024-1867406,https://cdn.neoauto.com/elements/autos_usados/360x240/597812/597812_8382482.webp,Toyota,Toyota Rush 2024,2024,"US$22,000","50,128 km",Mecánica,GNV
https://neoauto.com/auto/usado/peugeot-2008-2020-1855942,https://cdn.neoauto.com/elements/autos_usados/360x240/603804/603804_4771627.webp,Peugeot,Peugeot 2008 2020,2008,"US$15,800","62,000 km",Automática - Secuencial,Gasolina
https://neoauto.com/auto/usado/citroen-c-4-cactus-2024-1863909,https://cdn.neoauto.com/elements/autos_usados/360x240/383168/383168_5267385.webp,Citroen,Citroen C-4 Cactus 2024,2024,"US$18,500",190 km,Automática - Secuencial,Gasolina
https://neoauto.com/auto/usado/haval-jolion-2026-1868089,https://cdn.neoauto.com/elements/autos_usados/360x240/689603/689603_7067559.webp,Haval,Haval Jolion 2026,2026,"US$19,000","12,500 km",Automática - Secuencial,Dual
https://neoauto.com/auto/usado/kia-rio-2014-1862729,https://cdn.neoauto.com/elements/autos_usados/360x240/190569/190569_7308336.webp,Kia,Kia Rio 2014,2014,"US$10,000","82,000 km",Automática,Gasolina
https://neoauto.com/auto/usado/honda-city-touring-2025-1868592,https://cdn.neoauto.com/elements/autos_usados/360x240/711151/711151_4417411.webp,Honda,Honda City Touring 2025,2025,"US$18,800","10,100 km",Automática - Secuencial,Gasolina
https://neoauto.com/auto/usado/kia-tasman-2027-1867036,https://cdn.neoauto.com/elements/autos_usados/360x240/771210/771210_7997419.webp,Kia,Kia Tasman 2027,2027,"US$43,990",50 km,Mecánica,Diesel
https://neoauto.com/auto/usado/chevrolet-corsa-1995-1867748,https://cdn.neoauto.com/elements/autos_usados/360x240/777070/777070_4588590.webp,Chevrolet,Chevrolet Corsa 1995,1995,"US$8,500",200 km,Mecánica,Dual
https://neoauto.com/auto/usado/suzuki-new-vitara-2017-1869474,https://cdn.neoauto.com/elements/autos_usados/360x240/431720/431720_9409848.webp,Suzuki,Suzuki New Vitara 2017,2017,"US$16,900","99,500 km",Mecánica,Gasolina
https://neoauto.com/auto/usado/toyota-land-cruiser-prado-2023-1867753,https://cdn.neoauto.com/elements/autos_usados/360x240/547844/547844_9167515.webp,Toyota,Toyota Land Cruiser Prado 2023,2023,"US$61,500","31,000 km",Automática - Secuencial,Gasolina
https://neoauto.com/auto/usado/mini-cooper-2015-1861390,https://cdn.neoauto.com/elements/autos_usados/360x240/773881/773881_2682307.webp,Mini,Mini Cooper 2015,2015,"US$12,400","89,000 km",Mecánica,Gasolina
https://neoauto.com/auto/usado/honda-pilot-2011-1868409,https://cdn.neoauto.com/elements/autos_usados/360x240/777211/777211_3626879.webp,Honda,Honda Pilot 2011,2011,"US$17,000","85,000 km",Automática,Gasolina
https://neoauto.com/auto/usado/honda-accord-2005-1855736,https://cdn.neoauto.com/elements/autos_usados/360x240/384067/384067_5572150.webp,Honda,Honda Accord 2005,2005,"US$5,800",283 km,Automática,Gasolina
https://neoauto.com/auto/usado/toyota-rav4-2017-1868041,https://cdn.neoauto.com/elements/autos_usados/360x240/777194/777194_3659498.webp,Toyota,Toyota Rav4 2017,2017,"US$16,600","85,800 km",Automática - Secuencial,Gasolina
https://neoauto.com/auto/usado/seat-altea-2013-1856289,https://cdn.neoauto.com/elements/autos_usados/360x240/746194/746194_8492833.webp,Seat,Seat Altea 2013,2013,"US$6,850","123,000 km",Mecánica,Dual
https://neoauto.com/auto/usado/audi-q5-2020-1862050,https://cdn.neoauto.com/elements/autos_usados/360x240/774215/774215_3366595.webp,Audi,Audi Q5 2020,2020,"US$36,000","71,000 km",Automática - Secuencial,Gasolina
https://neoauto.com/auto/usado/nissan-versa-2020-1867763,https://cdn.neoauto.com/elements/autos_usados/360x240/777075/777075_2518918.webp,Nissan,Nissan Versa 2020,2020,"US$10,990","80,000 km",Mecánica,Gasolina
https://neoauto.com/auto/usado/mini-cooper-2012-1856040,https://cdn.neoauto.com/elements/autos_usados/360x240/704150/704150_2325819.webp,Mini,Mini Cooper 2012,2012,"US$12,000","82,000 km",Mecánica,Gasolina
https://neoauto.com/auto/usado/volkswagen-gol-sedan-2021-1862126,https://cdn.neoauto.com/elements/autos_usados/360x240/774282/774282_9759494.webp,Volkswagen,Volkswagen Gol Sedán 2021,2021,"US$9,500","80,000 km",Mecánica,Dual
https://neoauto.com/auto/usado/volkswagen-jetta-2008-1868584,https://cdn.neoauto.com/elements/autos_usados/360x240/772795/772795_2539003.webp,Volkswagen,Volkswagen Jetta 2008,2008,"US$6,000","146,000 km",Automática - Secuencial,Dual
https://neoauto.com/auto/usado/ssangyong-rexton-w-2018-1868570,https://cdn.neoauto.com/elements/autos_usados/360x240/542541/542541_4217158.webp,Ssangyong,Ssangyong Rexton W 2018,2018,"US$15,450","70,000 km",Mecánica,Gasolina
https://neoauto.com/auto/usado/bmw-118i-2017-1868146,https://cdn.neoauto.com/elements/autos_usados/360x240/503319/503319_3684394.webp,BMW,Bmw 118i 2017,2017,"US$17,250","35,000 km",Automática,Gasolina
https://neoauto.com/auto/usado/kia-sportage-2011-1854459,https://cdn.neoauto.com/elements/autos_usados/360x240/654536/654536_9786266.webp,Kia,Kia Sportage 2011,2011,"US$11,500","156,000 km",Automática - Secuencial,Gasolina
https://neoauto.com/auto/usado/toyota-avensis-2009-1861269,https://cdn.neoauto.com/elements/autos_usados/360x240/471282/471282_4593846.webp,Toyota,Toyota Avensis 2009,2009,"US$7,400","183,000 km",Automática,Gasolina
https://neoauto.com/auto/usado/jeep-grand-cherokee-laredo-2019-1829206,https://cdn.neoauto.com/elements/autos_usados/360x240/679969/679969_6195612.webp,Jeep,Jeep Grand Cherokee Laredo 2019,2019,"US$24,000","58,000 km",Automática - Secuencial,Gasolina
https://neoauto.com/auto/usado/toyota-corolla-hybrid-2015-1868957,https://cdn.neoauto.com/elements/autos_usados/360x240/777636/777636_9304009.webp,Toyota,Toyota Corolla Hybrid 2015,2015,"US$14,800","120,000 km",Automática,Dual
https://neoauto.com/auto/usado/jeep-grand-cherokee-laredo-2017-1868860,https://cdn.neoauto.com/elements/autos_usados/360x240/666871/666871_9677165.webp,Jeep,Jeep Grand Cherokee Laredo 2017,2017,"US$21,500","63,000 km",Automática - Secuencial,Gasolina
https://neoauto.com/auto/usado/nissan-versa-drive-2023-1868465,https://cdn.neoauto.com/elements/autos_usados/360x240/770789/770789_6087006.webp,Nissan,Nissan Versa Drive 2023,2023,"US$12,000","89,000 km",Mecánica,Gasolina
https://neoauto.com/auto/usado/chevrolet-cruze-2017-1861534,https://cdn.neoauto.com/elements/autos_usados/360x240/773953/773953_7313754.webp,Chevrolet,Chevrolet Cruze 2017,2017,"US$17,000","34,400 km",Automática - Secuencial,Gasolina
https://neoauto.com/auto/usado/mercedes-benz-glb-200-2025-1869373,https://cdn.neoauto.com/elements/autos_usados/360x240/777826/777826_2264652.webp,Mercedes-Benz,Mercedes-Benz Glb 200 2025,2025,"US$46,500","1,000 km",Automática,Gasolina
https://neoauto.com/auto/usado/ford-bronco-sport-2022-1867570,https://cdn.neoauto.com/elements/autos_usados/360x240/745194/745194_4534041.webp,Ford,Ford Bronco Sport 2022,2022,"US$28,700","46,500 km",Automática - Secuencial,Gasolina
https://neoauto.com/auto/usado/mini-5-puertas-2017-1869347,https://cdn.neoauto.com/elements/autos_usados/360x240/447578/447578_7509787.webp,Mini,Mini 5 Puertas 2017,2017,"US$17,700","30,000 km",Automática,Gasolina
https://neoauto.com/auto/usado/nissan-np300-frontier-2022-1868628,https://cdn.neoauto.com/elements/autos_usados/360x240/749489/749489_3493131.webp,Nissan,Nissan Np300 Frontier 2022,2022,"US$24,000","113,000 km",Mecánica,Diesel
https://neoauto.com/auto/usado/nissan-tiida-2010-1867505,https://cdn.neoauto.com/elements/autos_usados/360x240/758188/758188_7633953.webp,Nissan,Nissan Tiida 2010,2010,"US$6,250","185,000 km",Automática,Gasolina
https://neoauto.com/auto/usado/mazda-cx-9-2018-1869438,https://cdn.neoauto.com/elements/autos_usados/360x240/139323/139323_1058358.webp,Mazda,Mazda Cx-9 2018,2018,"US$26,800","41,000 km",Automática - Secuencial,Gasolina
https://neoauto.com/auto/usado/mazda-2-sport-2015-1853815,https://cdn.neoauto.com/elements/autos_usados/360x240/687021/687021_4763645.webp,Mazda,Mazda 2 Sport 2015,2015,"US$8,900","64,000 km",Mecánica,Gasolina
https://neoauto.com/auto/usado/audi-q2-2018-1856288,https://cdn.neoauto.com/elements/autos_usados/360x240/355577/355577_8468357.webp,Audi,Audi Q2 2018,2018,"US$17,000","152,540 km",Automática,Gasolina
https://neoauto.com/auto/usado/chrysler-pt-cruiser-2005-1868334,https://cdn.neoauto.com/elements/autos_usados/360x240/777340/777340_6446575.webp,Chrysler,Chrysler Pt Cruiser 2005,2005,"US$5,200","80,000 km",Automática,Gasolina
https://neoauto.com/auto/usado/chevrolet-groove-2021-1868591,https://cdn.neoauto.com/elements/autos_usados/360x240/484761/484761_2780476.webp,Chevrolet,Chevrolet Groove 2021,2021,"US$12,500","39,000 km",Mecánica,Gasolina
https://neoauto.com/auto/usado/kia-sorento-2026-1867046,https://cdn.neoauto.com/elements/autos_usados/360x240/658374/658374_4520922.webp,Kia,Kia Sorento 2026,2026,"US$41,990",50 km,Automática,Gasolina
https://neoauto.com/auto/usado/mitsubishi-l200-2025-1856045,https://cdn.neoauto.com/elements/autos_usados/360x240/771288/771288_2208295.webp,Mitsubishi,Mitsubishi L200 2025,2025,"US$40,500","11,000 km",Mecánica,Diesel
https://neoauto.com/auto/usado/soueast-dx3-2023-1867745,https://cdn.neoauto.com/elements/autos_usados/360x240/777067/777067_5715190.webp,Soueast,Soueast Dx3 2023,2023,"US$13,500","65,000 km",Mecánica,Gasolina
https://neoauto.com/auto/usado/nissan-x-trail-2015-1869354,https://cdn.neoauto.com/elements/autos_usados/360x240/475512/475512_3923198.webp,Nissan,Nissan X-Trail 2015,2015,"US$14,500","100,000 km",Automática,Gasolina
https://neoauto.com/auto/usado/bmw-x1-2018-1832224,https://cdn.neoauto.com/elements/autos_usados/360x240/262516/262516_7537815.webp,BMW,Bmw X1 2018,2018,"US$22,900","55,000 km",Automática - Secuencial,Gasolina
https://neoauto.com/auto/usado/mitsubishi-asx-2017-1861392,https://cdn.neoauto.com/elements/autos_usados/360x240/773737/773737_3816616.webp,Mitsubishi,Mitsubishi Asx 2017,2017,"US$14,500","82,000 km",Automática - Secuencial,Gasolina
https://neoauto.com/auto/usado/toyota-hilux-2017-1854558,https://cdn.neoauto.com/elements/autos_usados/360x240/743583/743583_9379350.webp,Toyota,Toyota Hilux 2017,2017,"US$22,000","199,105 km",Mecánica,Diesel
https://neoauto.com/auto/usado/ford-mustang-gt-1996-1856339,https://cdn.neoauto.com/elements/autos_usados/360x240/771464/771464_5962041.webp,Ford,Ford Mustang Gt 1996,1996,"US$8,500","112,000 km",Mecánica,Gasolina
https://neoauto.com/auto/usado/kia-pregio-2005-1869211,https://cdn.neoauto.com/elements/autos_usados/360x240/777701/777701_9848969.webp,Kia,Kia Pregio 2005,2005,"US$6,300","225,000 km",Mecánica,Diesel
https://neoauto.com/auto/usado/bmw-318i-2011-1869375,https://cdn.neoauto.com/elements/autos_usados/360x240/249716/249716_1647232.webp,BMW,Bmw 318i 2011,2011,"US$9,800","98,000 km",Automática - Secuencial,Gasolina
https://neoauto.com/auto/usado/dodge-durango-2018-1867947,https://cdn.neoauto.com/elements/autos_usados/360x240/40957/40957_5134806.webp,Dodge,Dodge Durango 2018,2018,"US$33,000","37,500 km",Automática - Secuencial,Gasolina
https://neoauto.com/auto/usado/honda-accord-2010-1854502,https://cdn.neoauto.com/elements/autos_usados/360x240/657848/657848_9848715.webp,Honda,Honda Accord 2010,2010,"US$8,000","138,500 km",Automática,GNV
https://neoauto.com/auto/usado/renault-duster-2018-1868585,https://cdn.neoauto.com/elements/autos_usados/360x240/161164/161164_1064450.webp,Renault,Renault Duster 2018,2018,"US$13,000","82,000 km",Mecánica,Gasolina
https://neoauto.com/auto/usado/changan-cs35-plus-2022-1868514,https://cdn.neoauto.com/elements/autos_usados/360x240/422439/422439_8503031.webp,Changan,Changan Cs35 Plus 2022,2022,"US$13,850","31,100 km",Automática,Gasolina
https://neoauto.com/auto/usado/volkswagen-jetta-2020-1861388,https://cdn.neoauto.com/elements/autos_usados/360x240/736887/736887_8072936.webp,Volkswagen,Volkswagen Jetta 2020,2020,"US$16,000","45,000 km",Automática - Secuencial,Gasolina
https://neoauto.com/auto/usado/audi-a4-2017-1868375,https://cdn.neoauto.com/elements/autos_usados/360x240/636772/636772_5394418.webp,Audi,Audi A4 2017,2017,"US$18,400","64,000 km",Automática - Secuencial,Gasolina
https://neoauto.com/auto/usado/haval-h6-2019-1868594,https://cdn.neoauto.com/elements/autos_usados/360x240/777451/777451_8205392.webp,Haval,Haval H6 2019,2019,"US$14,800","19,000 km",Automática,Gasolina
https://neoauto.com/auto/usado/nissan-pathfinder-2025-1868756,https://cdn.neoauto.com/elements/autos_usados/360x240/642156/642156_1775667.webp,Nissan,Nissan Pathfinder 2025,2025,"US$49,900","14,000 km",Automática - Secuencial,Gasolina
https://neoauto.com/auto/usado/volkswagen-touareg-2020-1868577,https://cdn.neoauto.com/elements/autos_usados/360x240/649479/649479_9508948.webp,Volkswagen,Volkswagen Touareg 2020,2020,"US$47,000","33,000 km",Automática - Secuencial,Gasolina
https://neoauto.com/auto/usado/kia-soul-2015-1868367,https://cdn.neoauto.com/elements/autos_usados/360x240/777356/777356_6549450.webp,Kia,Kia Soul 2015,2015,"US$9,800","117,700 km",Automática - Secuencial,Gasolina
https://neoauto.com/auto/usado/mazda-cx-30-2025-1862635,https://cdn.neoauto.com/elements/autos_usados/360x240/129258/129258_6688727.webp,Mazda,Mazda Cx-30 2025,2025,"US$23,000","5,600 km",Automática - Secuencial,Gasolina
https://neoauto.com/auto/usado/nissan-frontier-2022-1867912,https://cdn.neoauto.com/elements/autos_usados/360x240/777131/777131_1086523.webp,Nissan,Nissan Frontier 2022,2022,"US$25,500","82,500 km",Automática - Secuencial,Diesel
https://neoauto.com/auto/usado/bmw-120i-2017-1867907,https://cdn.neoauto.com/elements/autos_usados/360x240/706655/706655_4536115.webp,BMW,Bmw 120i 2017,2017,"US$21,000","74,000 km",Automática - Secuencial,Gasolina
https://neoauto.com/auto/usado/porsche-boxster-2004-1869071,https://cdn.neoauto.com/elements/autos_usados/360x240/393271/393271_2999967.webp,Porsche,Porsche Boxster 2004,2004,"US$33,000","58,000 km",Automática,Gasolina
https://neoauto.com/auto/usado/mg-rx5-2025-1869168,https://cdn.neoauto.com/elements/autos_usados/360x240/40856/40856_4953057.webp,MG,Mg Rx5 2025,2025,"US$20,900","3,500 km",Automática,Gasolina
https://neoauto.com/auto/usado/mazda-cx-5-2015-1868654,https://cdn.neoauto.com/elements/autos_usados/360x240/320049/320049_8605983.webp,Mazda,Mazda Cx-5 2015,2015,"US$14,500","107,000 km",Automática,Gasolina
https://neoauto.com/auto/usado/jeep-patriot-2012-1863096,https://cdn.neoauto.com/elements/autos_usados/360x240/774783/774783_6663567.webp,Jeep,Jeep Patriot 2012,2012,"US$11,900","106,000 km",Automática - Secuencial,Gasolina
https://neoauto.com/auto/usado/toyota-c-hr-2022-1862323,https://cdn.neoauto.com/elements/autos_usados/360x240/703124/703124_6624593.webp,Toyota,Toyota C-Hr 2022,2022,"US$21,950","124,500 km",Automática,Gasolina-Híbrido
https://neoauto.com/auto/usado/mitsubishi-asx-2019-1869287,https://cdn.neoauto.com/elements/autos_usados/360x240/325828/325828_6478758.webp,Mitsubishi,Mitsubishi Asx 2019,2019,"US$16,500","98,000 km",Automática,Gasolina
https://neoauto.com/auto/usado/fiat-850-1994-1868555,https://cdn.neoauto.com/elements/autos_usados/360x240/760259/760259_3836448.webp,Fiat,Fiat 850 1994,1994,"US$1,500","496,977 km",Mecánica,Diesel
https://neoauto.com/auto/usado/chery-tiggo-2-pro-2027-1867508,https://cdn.neoauto.com/elements/autos_usados/360x240/700690/700690_1230407.webp,Chery,Chery Tiggo 2 Pro 2027,2027,"US$13,500",120 km,Mecánica,Dual
https://neoauto.com/auto/usado/suzuki-s-cross-2021-1862321,https://cdn.neoauto.com/elements/autos_usados/360x240/774388/774388_7949613.webp,Suzuki,Suzuki S-Cross 2021,2021,"US$18,500","46,000 km",Automática,Gasolina
https://neoauto.com/auto/usado/volkswagen-gol-comfort-1-6-2013-1861229,https://cdn.neoauto.com/elements/autos_usados/360x240/773778/773778_8300419.webp,Volkswagen,Volkswagen Gol Comfort 1.6 2013,2013,"US$7,500","96,000 km",Mecánica,Gasolina
https://neoauto.com/auto/usado/toyota-corolla-2015-1862240,https://cdn.neoauto.com/elements/autos_usados/360x240/774342/774342_6515282.webp,Toyota,Toyota Corolla 2015,2015,"US$15,500","108,000 km",Automática - Secuencial,Gasolina
https://neoauto.com/auto/usado/nissan-march-2019-1862293,https://cdn.neoauto.com/elements/autos_usados/360x240/773058/773058_1666062.webp,Nissan,Nissan March 2019,2019,"US$11,700","63,000 km",Automática,Gasolina
https://neoauto.com/auto/usado/bmw-118i-2024-1867920,https://cdn.neoauto.com/elements/autos_usados/360x240/777137/777137_7660499.webp,BMW,Bmw 118i 2024,2024,"US$29,000","19,500 km",Automática - Secuencial,Gasolina
https://neoauto.com/auto/usado/ssangyong-korando-2014-1861757,https://cdn.neoauto.com/elements/autos_usados/360x240/746150/746150_3414446.webp,Ssangyong,Ssangyong Korando 2014,2014,"US$12,000","79,000 km",Mecánica,Gasolina
https://neoauto.com/auto/usado/toyota-yaris-2012-1866790,https://cdn.neoauto.com/elements/autos_usados/360x240/776658/776658_9686690.webp,Toyota,Toyota Yaris 2012,2012,"US$8,500","136,000 km",Automática - Secuencial,GLP
https://neoauto.com/auto/usado/toyota-hilux-2017-1868220,https://cdn.neoauto.com/elements/autos_usados/360x240/382598/382598_8096836.webp,Toyota,Toyota Hilux 2017,2017,"US$31,000","120,903 km",Mecánica,Diesel
https://neoauto.com/auto/usado/nissan-qashqai-2015-1869293,https://cdn.neoauto.com/elements/autos_usados/360x240/329784/329784_3572464.webp,Nissan,Nissan Qashqai 2015,2015,"US$14,000","72,780 km",Mecánica,Gasolina
https://neoauto.com/auto/usado/nissan-ad-1998-1868955,https://cdn.neoauto.com/elements/autos_usados/360x240/777633/777633_5945553.webp,Nissan,Nissan Ad 1998,1998,"US$3,400","407,000 km",Automática,GNV
https://neoauto.com/auto/usado/bmw-318i-2012-1868672,https://cdn.neoauto.com/elements/autos_usados/360x240/777371/777371_9292524.webp,BMW,Bmw 318i 2012,2012,"US$10,000","92,500 km",Automática - Secuencial,Gasolina
https://neoauto.com/auto/usado/subaru-xv-2021-1866795,https://cdn.neoauto.com/elements/autos_usados/360x240/776657/776657_2468065.webp,Subaru,Subaru Xv 2021,2021,"US$26,000","24,559 km",Automática,Gasolina
https://neoauto.com/auto/usado/nissan-qashqai-2018-1862274,https://cdn.neoauto.com/elements/autos_usados/360x240/774368/774368_7256297.webp,Nissan,Nissan Qashqai 2018,2018,"US$16,000","63,000 km",Mecánica,Gasolina
https://neoauto.com/auto/usado/renault-duster-2022-1868655,https://cdn.neoauto.com/elements/autos_usados/360x240/777511/777511_4874298.webp,Renault,Renault Duster 2022,2022,"US$16,500","2,025 km",Mecánica,Gasolina
https://neoauto.com/auto/usado/audi-a3-sedan-2024-1861924,https://cdn.neoauto.com/elements/autos_usados/360x240/725234/725234_5464939.webp,Audi,Audi A3 Sedan 2024,2024,"US$29,500","8,400 km",Automática - Secuencial,Gasolina
https://neoauto.com/auto/usado/geely-x7-sport-2019-1869252,https://cdn.neoauto.com/elements/autos_usados/360x240/777758/777758_5557808.webp,Geely,Geely X7 Sport 2019,2019,"US$14,000","59,104 km",Automática,Gasolina
https://neoauto.com/auto/usado/foton-sauvana-2021-1854416,https://cdn.neoauto.com/elements/autos_usados/360x240/770506/770506_1375716.webp,Foton,Foton Sauvana 2021,2021,"US$30,000","89,945 km",Mecánica,Gasolina
https://neoauto.com/auto/usado/subaru-impreza-2015-1868635,https://cdn.neoauto.com/elements/autos_usados/360x240/777501/777501_5454851.webp,Subaru,Subaru Impreza 2015,2015,"US$10,500","96,000 km",Automática - Secuencial,Gasolina
https://neoauto.com/auto/usado/audi-a5-sportback-2013-1868317,https://cdn.neoauto.com/elements/autos_usados/360x240/777329/777329_7293402.webp,Audi,Audi A5 Sportback 2013,2013,"US$14,500","82,000 km",Automática,Gasolina
https://neoauto.com/auto/usado/toyota-etios-2021-1862355,https://cdn.neoauto.com/elements/autos_usados/360x240/664898/664898_8697331.webp,Toyota,Toyota Etios 2021,2021,"US$10,700","201,000 km",Mecánica,Dual
https://neoauto.com/auto/usado/toyota-rush-2020-1868553,https://cdn.neoauto.com/elements/autos_usados/360x240/777443/777443_3639705.webp,Toyota,Toyota Rush 2020,2020,"US$18,000","73,000 km",Automática,Dual
https://neoauto.com/auto/usado/audi-q5-2018-1868268,https://cdn.neoauto.com/elements/autos_usados/360x240/723399/723399_4991118.webp,Audi,Audi Q5 2018,2018,"US$30,000","122,000 km",Automática,Gasolina
https://neoauto.com/auto/usado/mitsubishi-asx-2013-1854196,https://cdn.neoauto.com/elements/autos_usados/360x240/769996/769996_3564046.webp,Mitsubishi,Mitsubishi Asx 2013,2013,"US$11,900","75,602 km",Automática - Secuencial,Gasolina
https://neoauto.com/auto/usado/kia-seltos-2023-1856016,https://cdn.neoauto.com/elements/autos_usados/360x240/726951/726951_9705462.webp,Kia,Kia Seltos 2023,2023,"US$19,900","19,603 km",Automática,Gasolina
https://neoauto.com/auto/usado/subaru-forester-2014-1867983,https://cdn.neoauto.com/elements/autos_usados/360x240/265118/265118_5068010.webp,Subaru,Subaru Forester 2014,2014,"US$14,000","95,000 km",Automática - Secuencial,Gasolina
https://neoauto.com/auto/usado/mercedes-benz-c-180-2017-1855824,https://cdn.neoauto.com/elements/autos_usados/360x240/771220/771220_6537879.webp,Mercedes-Benz,Mercedes Benz C-180 2017,2017,"US$22,000","37,600 km",Automática,Gasolina
https://neoauto.com/auto/usado/chevrolet-sail-2013-1868746,https://cdn.neoauto.com/elements/autos_usados/360x240/777558/777558_8057407.webp,Chevrolet,Chevrolet Sail 2013,2013,"US$5,800","1,220,000 km",Mecánica,Dual
https://neoauto.com/auto/usado/mg-gs-2017-1867476,https://cdn.neoauto.com/elements/autos_usados/360x240/29637/29637_5498457.webp,MG,Mg Gs 2017,2017,"US$13,000","56,000 km",Automática,Gasolina
https://neoauto.com/auto/usado/subaru-forester-2009-1856054,https://cdn.neoauto.com/elements/autos_usados/360x240/749652/749652_1719314.webp,Subaru,Subaru Forester 2009,2009,"US$9,900","200,400 km",Automática - Secuencial,Gasolina
https://neoauto.com/auto/usado/volkswagen-tiguan-allspace-2020-1869338,https://cdn.neoauto.com/elements/autos_usados/360x240/453872/453872_9166055.webp,Volkswagen,Volkswagen Tiguan Allspace 2020,2020,"US$21,900","65,311 km",Automática,Gasolina
https://neoauto.com/auto/usado/nissan-kicks-2023-1869280,https://cdn.neoauto.com/elements/autos_usados/360x240/777770/777770_4116873.webp,Nissan,Nissan Kicks 2023,2023,"US$13,200","50,000 km",Mecánica,Diesel
https://neoauto.com/auto/usado/mg-rx5-2023-1869076,https://cdn.neoauto.com/elements/autos_usados/360x240/741468/741468_9590214.webp,MG,Mg Rx5 2023,2023,"US$13,500","43,000 km",Mecánica,Gasolina
https://neoauto.com/auto/usado/honda-hr-v-2021-1868239,https://cdn.neoauto.com/elements/autos_usados/360x240/777293/777293_6994193.webp,Honda,Honda Hr-V 2021,2021,"US$17,900","29,000 km",Automática,GNV
https://neoauto.com/auto/usado/kia-cerato-2013-1868565,https://cdn.neoauto.com/elements/autos_usados/360x240/777450/777450_5703883.webp,Kia,Kia Cerato 2013,2013,"US$10,500","150,000 km",Mecánica,Dual
https://neoauto.com/auto/usado/volkswagen-passat-cc-2011-1869214,https://cdn.neoauto.com/elements/autos_usados/360x240/777736/777736_8780545.webp,Volkswagen,Volkswagen Passat Cc 2011,2011,"US$10,000","121,000 km",Automática - Secuencial,Gasolina
https://neoauto.com/auto/usado/ford-explorer-2022-1869395,https://cdn.neoauto.com/elements/autos_usados/360x240/777835/777835_3869863.webp,Ford,Ford Explorer 2022,2022,"US$44,500","44,700 km",Automática - Secuencial,Gasolina
https://neoauto.com/auto/usado/mercedes-benz-280-1981-1868833,https://cdn.neoauto.com/elements/autos_usados/360x240/777582/777582_1704388.webp,Mercedes-Benz,Mercedes-Benz 280 1981,1981,"US$4,500","223,787 km",Mecánica,Gasolina
https://neoauto.com/auto/usado/subaru-crosstrek-2025-1869123,https://cdn.neoauto.com/elements/autos_usados/360x240/777704/777704_3981280.webp,Subaru,Subaru Crosstrek 2025,2025,"US$24,900","4,800 km",Automática - Secuencial,Gasolina
https://neoauto.com/auto/usado/honda-cr-v-2010-1866628,https://cdn.neoauto.com/elements/autos_usados/360x240/489474/489474_3562443.webp,Honda,Honda Cr-V 2010,2010,"US$11,500","150,000 km",Automática,Gasolina
https://neoauto.com/auto/usado/volkswagen-space-fox-2013-1869344,https://cdn.neoauto.com/elements/autos_usados/360x240/295162/295162_6474093.webp,Volkswagen,Volkswagen Space Fox 2013,2013,"US$8,500","87,331 km",Mecánica,Gasolina
https://neoauto.com/auto/usado/dongfeng-t5-evo-2022-1868335,https://cdn.neoauto.com/elements/autos_usados/360x240/544141/544141_1176269.webp,Dongfeng,Dongfeng T5 Evo 2022,2022,"US$15,743","45,000 km",Automática,Gasolina
https://neoauto.com/auto/usado/bmw-114i-2014-1854225,https://cdn.neoauto.com/elements/autos_usados/360x240/738459/738459_1724341.webp,BMW,Bmw 114i 2014,2014,"US$13,000","77,000 km",Mecánica,Gasolina
https://neoauto.com/auto/usado/toyota-fortuner-2018-1853928,https://cdn.neoauto.com/elements/autos_usados/360x240/756647/756647_6093843.webp,Toyota,Toyota Fortuner 2018,2018,"US$31,000","59,500 km",Mecánica,Gasolina
https://neoauto.com/auto/usado/hyundai-palisade-2023-1856159,https://cdn.neoauto.com/elements/autos_usados/360x240/771351/771351_8696759.webp,Hyundai,Hyundai Palisade 2023,2023,"US$38,000","48,500 km",Automática - Secuencial,Gasolina
https://neoauto.com/auto/usado/jeep-compass-2024-1856287,https://cdn.neoauto.com/elements/autos_usados/360x240/771435/771435_6290764.webp,Jeep,Jeep Compass 2024,2024,"US$30,000","17,500 km",Automática,Gasolina
https://neoauto.com/auto/usado/toyota-hilux-1968-1866646,https://cdn.neoauto.com/elements/autos_usados/360x240/274318/274318_4966977.webp,Toyota,Toyota Hilux 1968,1968,"US$5,000","100,000 km",Mecánica,Gasolina
https://neoauto.com/auto/usado/bmw-x5-35i-2011-1868663,https://cdn.neoauto.com/elements/autos_usados/360x240/125609/125609_3844776.webp,BMW,Bmw X5 35i 2011,2011,"US$13,500","115,000 km",Automática - Secuencial,Gasolina
https://neoauto.com/auto/usado/hyundai-santa-fe-2014-1869407,https://cdn.neoauto.com/elements/autos_usados/360x240/777845/777845_1675373.webp,Hyundai,Hyundai Santa Fe 2014,2014,"US$16,900","178,000 km",Mecánica,Gasolina
https://neoauto.com/auto/usado/haval-new-jolion-supreme-plus-2024-1868214,https://cdn.neoauto.com/elements/autos_usados/360x240/137024/137024_3879283.webp,Haval,Haval New Jolion Supreme Plus 2024,2024,"US$21,300","5,990 km",Automática,Gasolina-Híbrido
https://neoauto.com/auto/usado/mercedes-benz-a200-2020-1846695,https://cdn.neoauto.com/elements/autos_usados/360x240/550170/550170_5534250.webp,Mercedes-Benz,Mercedes Benz A200 2020,2020,"US$23,000","60,000 km",Automática - Secuencial,Gasolina
https://neoauto.com/auto/usado/chevrolet-onix-2023-1868780,https://cdn.neoauto.com/elements/autos_usados/360x240/777573/777573_7718530.webp,Chevrolet,Chevrolet Onix 2023,2023,"US$11,500","43,000 km",Mecánica,Gasolina
https://neoauto.com/auto/usado/jeep-grand-cherokee-laredo-2007-1868404,https://cdn.neoauto.com/elements/autos_usados/360x240/555668/555668_4065541.webp,Jeep,Jeep Grand Cherokee Laredo 2007,2007,"US$7,850","148,000 km",Automática - Secuencial,Gasolina
https://neoauto.com/auto/usado/honda-accord-2011-1868852,https://cdn.neoauto.com/elements/autos_usados/360x240/192040/192040_6820064.webp,Honda,Honda Accord 2011,2011,"US$11,950","41,000 km",Mecánica,Gasolina
https://neoauto.com/auto/usado/suzuki-new-dzire-2020-1868264,https://cdn.neoauto.com/elements/autos_usados/360x240/299367/299367_2070101.webp,Suzuki,Suzuki New Dzire 2020,2020,"US$10,200","80,000 km",Mecánica,Gasolina-Híbrido
https://neoauto.com/auto/usado/suzuki-grand-nomade-2013-1868813,https://cdn.neoauto.com/elements/autos_usados/360x240/678207/678207_6798467.webp,Suzuki,Suzuki Grand Nomade 2013,2013,"US$11,000","50,000 km",Automática,GNV
https://neoauto.com/auto/usado/chery-tiggo-8-2024-1854557,https://cdn.neoauto.com/elements/autos_usados/360x240/725095/725095_2390908.webp,Chery,Chery Tiggo 8 2024,2024,"US$23,000","8,401 km",Automática - Secuencial,Gasolina
https://neoauto.com/auto/usado/fiat-850-1969-1861797,https://cdn.neoauto.com/elements/autos_usados/360x240/356204/356204_2447807.webp,Fiat,Fiat 850 1969,1969,"US$4,500","60,000 km",Mecánica,Gasolina
https://neoauto.com/auto/usado/otros-otros-2024-1869124,https://cdn.neoauto.com/elements/autos_usados/360x240/773166/773166_8311020.webp,Otros,Otros Otros 2024,2024,"US$82,000","10,000 km",Mecánica,Diesel
https://neoauto.com/auto/usado/volkswagen-tiguan-allspace-2024-1866810,https://cdn.neoauto.com/elements/autos_usados/360x240/776666/776666_1686855.webp,Volkswagen,Volkswagen Tiguan Allspace 2024,2024,"US$30,000","18,000 km",Automática,Gasolina
https://neoauto.com/auto/usado/ford-fusion-2015-1836079,https://cdn.neoauto.com/elements/autos_usados/360x240/679499/679499_1879388.webp,Ford,Ford Fusion 2015,2015,"US$12,300","65,000 km",Automática - Secuencial,Gasolina
https://neoauto.com/auto/usado/kia-optima-2018-1868853,https://cdn.neoauto.com/elements/autos_usados/360x240/678747/678747_3330264.webp,Kia,Kia Optima 2018,2018,"US$16,500","122,000 km",Automática - Secuencial,Gasolina
https://neoauto.com/auto/usado/renault-logan-2021-1866579,https://cdn.neoauto.com/elements/autos_usados/360x240/489433/489433_7001897.webp,Renault,Renault Logan 2021,2021,"US$8,000","45,000 km",Mecánica,Dual
https://neoauto.com/auto/usado/ford-territory-2022-1868406,https://cdn.neoauto.com/elements/autos_usados/360x240/669531/669531_1882443.webp,Ford,Ford Territory 2022,2022,"US$20,400","10,000 km",Automática,Gasolina
https://neoauto.com/auto/usado/kia-sportage-2026-1867025,https://cdn.neoauto.com/elements/autos_usados/360x240/658241/658241_3642093.webp,Kia,Kia Sportage 2026,2026,"US$45,990",50 km,Automática,Híbrido
https://neoauto.com/auto/usado/renault-fluence-2012-1868607,https://cdn.neoauto.com/elements/autos_usados/360x240/292603/292603_7006558.webp,Renault,Renault Fluence 2012,2012,"US$7,400","166,000 km",Mecánica,Dual
https://neoauto.com/auto/usado/nissan-kicks-2019-1862256,https://cdn.neoauto.com/elements/autos_usados/360x240/745394/745394_9945704.webp,Nissan,Nissan Kicks 2019,2019,"US$14,900","79,600 km",Automática,Gasolina
https://neoauto.com/auto/usado/chevrolet-captiva-2022-1817436,https://cdn.neoauto.com/elements/autos_usados/360x240/752589/752589_5819246.webp,Chevrolet,Chevrolet Captiva 2022,2022,"US$13,500","12,340 km",Mecánica,Gasolina
https://neoauto.com/auto/usado/hyundai-creta-2024-1869466,https://cdn.neoauto.com/elements/autos_usados/360x240/763924/763924_8241258.webp,Hyundai,Hyundai Creta 2024,2024,"US$20,000","22,700 km",Automática - Secuencial,Gasolina
https://neoauto.com/auto/usado/bmw-x1-25e-2024-1866838,https://cdn.neoauto.com/elements/autos_usados/360x240/246984/246984_4568418.webp,BMW,Bmw X1 25e 2024,2024,"US$51,000","15,700 km",Automática,Gasolina-Híbrido
https://neoauto.com/auto/usado/mazda-cx-5-2015-1868841,https://cdn.neoauto.com/elements/autos_usados/360x240/777586/777586_1986281.webp,Mazda,Mazda Cx-5 2015,2015,"US$18,700","10,001 km",Automática,Gasolina
https://neoauto.com/auto/usado/chevrolet-captiva-2023-1868320,https://cdn.neoauto.com/elements/autos_usados/360x240/714527/714527_2962690.webp,Chevrolet,Chevrolet Captiva 2023,2023,"US$15,600","50,000 km",Automática - Secuencial,Dual
https://neoauto.com/auto/usado/suzuki-new-vitara-2025-1853986,https://cdn.neoauto.com/elements/autos_usados/360x240/770294/770294_5181770.webp,Suzuki,Suzuki New Vitara 2025,2025,"US$18,500","8,100 km",Mecánica,Gasolina
https://neoauto.com/auto/usado/nissan-march-2003-1868690,https://cdn.neoauto.com/elements/autos_usados/360x240/751061/751061_5294454.webp,Nissan,Nissan March 2003,2003,"US$4,300",26 km,Automática,Dual
https://neoauto.com/auto/usado/nissan-juke-2013-1861340,https://cdn.neoauto.com/elements/autos_usados/360x240/742889/742889_9049627.webp,Nissan,Nissan Juke 2013,2013,"US$34,000","92,000 km",Automática,Gasolina
https://neoauto.com/auto/usado/kia-rio-2015-1860820,https://cdn.neoauto.com/elements/autos_usados/360x240/773158/773158_5886244.webp,Kia,Kia Rio 2015,2015,"US$8,200","140,000 km",Mecánica,GLP
https://neoauto.com/auto/usado/peugeot-205-2013-1868725,https://cdn.neoauto.com/elements/autos_usados/360x240/521571/521571_1486083.webp,Peugeot,Peugeot 205 2013,2013,"US$6,500","80,000 km",Automática,Gasolina
https://neoauto.com/auto/usado/nissan-x-trail-2023-1869424,https://cdn.neoauto.com/elements/autos_usados/360x240/636102/636102_6665039.webp,Nissan,Nissan X-Trail 2023,2023,"US$28,000","16,500 km",Automática - Secuencial,Gasolina
https://neoauto.com/auto/usado/changan-unit-t-2024-1867714,https://cdn.neoauto.com/elements/autos_usados/360x240/777058/777058_5383243.webp,Changan,Changan Unit-T 2024,2024,"US$20,490","15,900 km",Automática - Secuencial,Gasolina
https://neoauto.com/auto/usado/kia-sportage-2015-1867414,https://cdn.neoauto.com/elements/autos_usados/360x240/672135/672135_3151689.webp,Kia,Kia Sportage 2015,2015,"US$11,000","41,160 km",Mecánica,Gasolina
https://neoauto.com/auto/usado/ssangyong-tivoli-2016-1867627,https://cdn.neoauto.com/elements/autos_usados/360x240/777041/777041_7088249.webp,Ssangyong,Ssangyong Tivoli 2016,2016,"US$8,500","79,102 km",Automática,Gasolina
https://neoauto.com/auto/usado/audi-a6-2005-1857317,https://cdn.neoauto.com/elements/autos_usados/360x240/771973/771973_1118543.webp,Audi,Audi A6 2005,2005,"US$9,000","130,000 km",Automática - Secuencial,Gasolina
https://neoauto.com/auto/usado/kia-cerato-koup-2016-1867056,https://cdn.neoauto.com/elements/autos_usados/360x240/669627/669627_6925432.webp,Kia,Kia Cerato Koup 2016,2016,"US$11,000","61,000 km",Mecánica,Dual
https://neoauto.com/auto/usado/daewoo-leganza-2002-1867168,https://cdn.neoauto.com/elements/autos_usados/360x240/770699/770699_3511910.webp,Daewoo,Daewoo Leganza 2002,2002,"US$3,000","250,000 km",Automática,GLP
https://neoauto.com/auto/usado/subaru-xv-2021-1868083,https://cdn.neoauto.com/elements/autos_usados/360x240/732758/732758_4798230.webp,Subaru,Subaru Xv 2021,2021,"US$20,600","41,220 km",Automática,Gasolina
https://neoauto.com/auto/usado/hyundai-santa-fe-2025-1861690,https://cdn.neoauto.com/elements/autos_usados/360x240/736241/736241_4796263.webp,Hyundai,Hyundai Santa Fe 2025,2025,"US$36,500","1,077 km",Automática,Gasolina
https://neoauto.com/auto/usado/mazda-cx-30-2021-1868907,https://cdn.neoauto.com/elements/autos_usados/360x240/777610/777610_2621969.webp,Mazda,Mazda Cx-30 2021,2021,"US$21,000","12,886 km",Automática - Secuencial,Gasolina
https://neoauto.com/auto/usado/hyundai-santa-fe-2015-1867488,https://cdn.neoauto.com/elements/autos_usados/360x240/547948/547948_3042715.webp,Hyundai,Hyundai Santa Fe 2015,2015,"US$16,800",84 km,Automática - Secuencial,Gasolina
https://neoauto.com/auto/usado/fiat-500-2016-1869217,https://cdn.neoauto.com/elements/autos_usados/360x240/744149/744149_9552605.webp,Fiat,Fiat 500 2016,2016,"US$9,700","59,900 km",Automática,Gasolina
https://neoauto.com/auto/usado/mazda-3-2021-1783742,https://cdn.neoauto.com/elements/autos_usados/360x240/479843/479843_4775276.webp,Mazda,Mazda 3 2021,2021,"US$15,500","58,000 km",Automática,Gasolina
https://neoauto.com/auto/usado/chevrolet-spin-2021-1869270,https://cdn.neoauto.com/elements/autos_usados/360x240/777763/777763_6338576.webp,Chevrolet,Chevrolet Spin 2021,2021,"US$16,500","77,394 km",Mecánica,Dual
https://neoauto.com/auto/usado/fiat-mobi-2022-1855857,https://cdn.neoauto.com/elements/autos_usados/360x240/771235/771235_5965718.webp,Fiat,Fiat Mobi 2022,2022,"US$11,000","24,000 km",Mecánica,Gasolina
https://neoauto.com/auto/usado/volkswagen-jetta-2022-1861277,https://cdn.neoauto.com/elements/autos_usados/360x240/725554/725554_5558051.webp,Volkswagen,Volkswagen Jetta 2022,2022,"US$16,950","30,000 km",Mecánica,Gasolina
https://neoauto.com/auto/usado/ford-edge-titanium-2022-1854005,https://cdn.neoauto.com/elements/autos_usados/360x240/565160/565160_6796085.webp,Ford,Ford Edge Titanium 2022,2022,"US$22,600","24,000 km",Automática - Secuencial,Gasolina
https://neoauto.com/auto/usado/volkswagen-tiguan-2012-1866897,https://cdn.neoauto.com/elements/autos_usados/360x240/730778/730778_6166997.webp,Volkswagen,Volkswagen Tiguan 2012,2012,"US$9,800","104,000 km",Automática - Secuencial,Gasolina
https://neoauto.com/auto/usado/mercedes-benz-gla-200-2018-1867249,https://cdn.neoauto.com/elements/autos_usados/360x240/431905/431905_1518486.webp,Mercedes-Benz,Mercedes Benz Gla 200 2018,2018,"US$21,000","68,000 km",Automática - Secuencial,Gasolina
https://neoauto.com/auto/usado/audi-q7-2022-1855817,https://cdn.neoauto.com/elements/autos_usados/360x240/344969/344969_9501230.webp,Audi,Audi Q7 2022,2022,"US$57,900","25,000 km",Automática,Diesel
https://neoauto.com/auto/usado/suzuki-baleno-2001-1868975,https://cdn.neoauto.com/elements/autos_usados/360x240/777640/777640_2939554.webp,Suzuki,Suzuki Baleno 2001,2001,"US$3,900","161,500 km",Mecánica,Gasolina
https://neoauto.com/auto/usado/audi-a6-2017-1847953,https://cdn.neoauto.com/elements/autos_usados/360x240/516662/516662_5811736.webp,Audi,Audi A6 2017,2017,"US$21,000","57,500 km",Automática - Secuencial,Gasolina
https://neoauto.com/auto/usado/subaru-impreza-sport-2018-1868627,https://cdn.neoauto.com/elements/autos_usados/360x240/777499/777499_4020275.webp,Subaru,Subaru Impreza Sport 2018,2018,"US$13,500","63,921 km",Automática,Gasolina
https://neoauto.com/auto/usado/toyota-fortuner-2018-1867297,https://cdn.neoauto.com/elements/autos_usados/360x240/773874/773874_9294962.webp,Toyota,Toyota Fortuner 2018,2018,"US$43,000","87,000 km",Automática,Diesel
https://neoauto.com/auto/usado/hyundai-tucson-2012-1868525,https://cdn.neoauto.com/elements/autos_usados/360x240/777427/777427_1935429.webp,Hyundai,Hyundai Tucson 2012,2012,"US$12,500","64,400 km",Automática - Secuencial,Gasolina
https://neoauto.com/auto/usado/nissan-x-trail-2013-1854364,https://cdn.neoauto.com/elements/autos_usados/360x240/291087/291087_9837507.webp,Nissan,Nissan X-Trail 2013,2013,"US$10,900","163,000 km",Automática - Secuencial,Dual
https://neoauto.com/auto/usado/toyota-avensis-2014-1855654,https://cdn.neoauto.com/elements/autos_usados/360x240/771086/771086_6914084.webp,Toyota,Toyota Avensis 2014,2014,"US$12,000","75,000 km",Automática - Secuencial,Gasolina
https://neoauto.com/auto/usado/kia-titan-2026-1855808,https://cdn.neoauto.com/elements/autos_usados/360x240/771210/771210_5646350.webp,Kia,Kia Titan 2026,2026,"US$46,990",60 km,Automática,Diesel
https://neoauto.com/auto/usado/chery-new-tiggo-4-2026-1866934,https://cdn.neoauto.com/elements/autos_usados/360x240/335536/335536_5722181.webp,Chery,Chery New Tiggo 4 2026,2026,"US$16,990",500 km,Automática,GLP
https://neoauto.com/auto/usado/porsche-cayman-gts-2017-1868084,https://cdn.neoauto.com/elements/autos_usados/360x240/338448/338448_9582948.webp,Porsche,Porsche Cayman Gts 2017,2017,"US$49,000","68,000 km",Automática - Secuencial,Gasolina
https://neoauto.com/auto/usado/toyota-corolla-cross-2024-1869400,https://cdn.neoauto.com/elements/autos_usados/360x240/157618/157618_3691361.webp,Toyota,Toyota Corolla Cross 2024,2024,"US$23,999","8,990 km",Automática,Gasolina
https://neoauto.com/auto/usado/mercedes-benz-gla-200-2023-1867208,https://cdn.neoauto.com/elements/autos_usados/360x240/231467/231467_2106720.webp,Mercedes-Benz,Mercedes Benz Gla 200 2023,2023,"US$36,000","46,000 km",Automática,Gasolina
https://neoauto.com/auto/usado/changan-cs15-2022-1868941,https://cdn.neoauto.com/elements/autos_usados/360x240/777622/777622_3486860.webp,Changan,Changan Cs15 2022,2022,"US$10,000","46,000 km",Automática,Dual
https://neoauto.com/auto/usado/toyota-yaris-2023-1867819,https://cdn.neoauto.com/elements/autos_usados/360x240/777097/777097_9429653.webp,Toyota,Toyota Yaris 2023,2023,"US$14,000","78,000 km",Automática - Secuencial,Gasolina
https://neoauto.com/auto/usado/bmw-x3-20i-2022-1867242,https://cdn.neoauto.com/elements/autos_usados/360x240/723330/723330_3177161.webp,BMW,Bmw X3 20i 2022,2022,"US$41,900","35,000 km",Automática - Secuencial,Gasolina
https://neoauto.com/auto/usado/mg-zx-2024-1861936,https://cdn.neoauto.com/elements/autos_usados/360x240/729832/729832_7758368.webp,MG,Mg Zx 2024,2024,"US$12,400","19,000 km",Automática,Gasolina
https://neoauto.com/auto/usado/hyundai-accent-2014-1867427,https://cdn.neoauto.com/elements/autos_usados/360x240/776973/776973_3319664.webp,Hyundai,Hyundai Accent 2014,2014,"US$8,400","100,800 km",Automática - Secuencial,Gasolina
https://neoauto.com/auto/usado/toyota-rush-2024-1866979,https://cdn.neoauto.com/elements/autos_usados/360x240/759541/759541_1302277.webp,Toyota,Toyota Rush 2024,2024,"US$21,000","50,000 km",Automática - Secuencial,Dual
https://neoauto.com/auto/usado/subaru-xv-2022-1861577,https://cdn.neoauto.com/elements/autos_usados/360x240/773983/773983_4881510.webp,Subaru,Subaru Xv 2022,2022,"US$24,000","59,500 km",Automática - Secuencial,Gasolina
https://neoauto.com/auto/usado/honda-wr-v-2023-1868631,https://cdn.neoauto.com/elements/autos_usados/360x240/634551/634551_5864740.webp,Honda,Honda Wr-V 2023,2023,"US$19,900","17,000 km",Automática,Gasolina
https://neoauto.com/auto/usado/nissan-qashqai-2014-1869074,https://cdn.neoauto.com/elements/autos_usados/360x240/777681/777681_8090897.webp,Nissan,Nissan Qashqai 2014,2014,"US$13,800","68,000 km",Automática - Secuencial,Gasolina
https://neoauto.com/auto/usado/ford-territory-2024-1862268,https://cdn.neoauto.com/elements/autos_usados/360x240/181898/181898_6974438.webp,Ford,Ford Territory 2024,2024,"US$21,000","18,200 km",Automática,Gasolina
https://neoauto.com/auto/usado/otros-otros-2024-1854030,https://cdn.neoauto.com/elements/autos_usados/360x240/763046/763046_3818026.webp,Otros,Otros Otros 2024,2024,"US$17,500","19,000 km",Automática,Diesel
https://neoauto.com/auto/usado/bmw-x1-20i-2019-1868561,https://cdn.neoauto.com/elements/autos_usados/360x240/249736/249736_6128704.webp,BMW,Bmw X1 20i 2019,2019,"US$25,000","32,000 km",Automática - Secuencial,Gasolina
https://neoauto.com/auto/usado/volkswagen-amarok-2024-1868710,https://cdn.neoauto.com/elements/autos_usados/360x240/777508/777508_3778026.webp,Volkswagen,Volkswagen Amarok 2024,2024,"US$43,000","29,000 km",Automática,Diesel
https://neoauto.com/auto/usado/hyundai-santa-fe-2015-1868880,https://cdn.neoauto.com/elements/autos_usados/360x240/777605/777605_7133606.webp,Hyundai,Hyundai Santa Fe 2015,2015,"US$16,900","159,000 km",Mecánica,Gasolina
https://neoauto.com/auto/usado/honda-accord-1983-1868248,https://cdn.neoauto.com/elements/autos_usados/360x240/777297/777297_6648474.webp,Honda,Honda Accord 1983,1983,"US$2,950","39,000 km",Automática - Secuencial,Dual
https://neoauto.com/auto/usado/chevrolet-tahoe-2025-1869475,https://cdn.neoauto.com/elements/autos_usados/360x240/472436/472436_3971756.webp,Chevrolet,Chevrolet Tahoe 2025,2025,"US$78,000","6,800 km",Automática,Gasolina
https://neoauto.com/auto/usado/chery-new-tiggo-4-2026-1861873,https://cdn.neoauto.com/elements/autos_usados/360x240/774139/774139_4688315.webp,Chery,Chery New Tiggo 4 2026,2026,"US$18,490",,Automática - Secuencial,GLP
https://neoauto.com/auto/usado/subaru-evoltis-2023-1868203,https://cdn.neoauto.com/elements/autos_usados/360x240/745307/745307_6174078.webp,Subaru,Subaru Evoltis 2023,2023,"US$43,000","28,631 km",Automática - Secuencial,Gasolina
https://neoauto.com/auto/usado/hyundai-ioniq-2020-1868383,https://cdn.neoauto.com/elements/autos_usados/360x240/777361/777361_3860141.webp,Hyundai,Hyundai Ioniq 2020,2020,"US$15,000","66,000 km",Automática,Híbrido
https://neoauto.com/auto/usado/kia-sorento-2013-1869332,https://cdn.neoauto.com/elements/autos_usados/360x240/777816/777816_6598568.webp,Kia,Kia Sorento 2013,2013,"US$14,000","107,000 km",Mecánica,Gasolina
https://neoauto.com/auto/usado/hyundai-verna-2022-1868402,https://cdn.neoauto.com/elements/autos_usados/360x240/561756/561756_7353327.webp,Hyundai,Hyundai Verna 2022,2022,"US$10,900","79,000 km",Mecánica,Dual
https://neoauto.com/auto/usado/volkswagen-tiguan-2010-1867975,https://cdn.neoauto.com/elements/autos_usados/360x240/777166/777166_7165531.webp,Volkswagen,Volkswagen Tiguan 2010,2010,"US$11,800","133,500 km",Automática - Secuencial,Gasolina
https://neoauto.com/auto/usado/subaru-forester-2013-1856070,https://cdn.neoauto.com/elements/autos_usados/360x240/769382/769382_4667214.webp,Subaru,Subaru Forester 2013,2013,"US$12,300","147,000 km",Automática,Gasolina
https://neoauto.com/auto/usado/audi-q5-sportback-2023-1868983,https://cdn.neoauto.com/elements/autos_usados/360x240/549295/549295_9135211.webp,Audi,Audi Q5 Sportback 2023,2023,"US$51,900","32,000 km",Automática - Secuencial,Gasolina
https://neoauto.com/auto/usado/land-rover-range-rover-sport-2017-1862034,https://cdn.neoauto.com/elements/autos_usados/360x240/698090/698090_7426225.webp,Land Rover,Land Rover Range Rover Sport 2017,2017,"US$50,000","32,500 km",Automática - Secuencial,Gasolina
https://neoauto.com/auto/usado/citroen-berlingo-2023-1867599,https://cdn.neoauto.com/elements/autos_usados/360x240/777009/777009_6656337.webp,Citroen,Citroen Berlingo 2023,2023,"US$14,500","28,000 km",Mecánica,Diesel
https://neoauto.com/auto/usado/volkswagen-amarok-2013-1867816,https://cdn.neoauto.com/elements/autos_usados/360x240/546993/546993_8660365.webp,Volkswagen,Volkswagen Amarok 2013,2013,"US$14,000","141,698 km",Mecánica,Diesel
https://neoauto.com/auto/usado/mitsubishi-lancer-evolution-2009-1868956,https://cdn.neoauto.com/elements/autos_usados/360x240/700024/700024_4069609.webp,Mitsubishi,Mitsubishi Lancer Evolution 2009,2009,"US$37,500","87,000 km",Mecánica,Gasolina
https://neoauto.com/auto/usado/jeep-compass-sport-2016-1862556,https://cdn.neoauto.com/elements/autos_usados/360x240/345406/345406_3286641.webp,Jeep,Jeep Compass Sport 2016,2016,"US$14,500","67,700 km",Automática,Gasolina
https://neoauto.com/auto/usado/hyundai-h-1-2000-1869087,https://cdn.neoauto.com/elements/autos_usados/360x240/738908/738908_5837067.webp,Hyundai,Hyundai H-1 2000,2000,"US$4,500","420,000 km",Mecánica,GLP
https://neoauto.com/auto/usado/hyundai-santa-fe-2010-1864515,https://cdn.neoauto.com/elements/autos_usados/360x240/727966/727966_8774825.webp,Hyundai,Hyundai Santa Fe 2010,2010,"US$9,500","165,000 km",Automática - Secuencial,GLP
https://neoauto.com/auto/usado/hyundai-i20-active-2020-1868243,https://cdn.neoauto.com/elements/autos_usados/360x240/777294/777294_4763064.webp,Hyundai,Hyundai I20 Active 2020,2020,"US$13,500","57,500 km",Mecánica,Gasolina
https://neoauto.com/auto/usado/mercedes-benz-c-180-2018-1833938,https://cdn.neoauto.com/elements/autos_usados/360x240/760029/760029_7239285.webp,Mercedes-Benz,Mercedes Benz C-180 2018,2018,"US$17,000","109,000 km",Automática,Gasolina
https://neoauto.com/auto/usado/mitsubishi-mirage-g4-2014-1867405,https://cdn.neoauto.com/elements/autos_usados/360x240/755768/755768_1881060.webp,Mitsubishi,Mitsubishi Mirage G4 2014,2014,"US$7,300","76,000 km",Automática,Gasolina
https://neoauto.com/auto/usado/bmw-318i-2016-1865930,https://cdn.neoauto.com/elements/autos_usados/360x240/776238/776238_7327940.webp,BMW,Bmw 318i 2016,2016,"US$16,500","21,000 km",Automática,Gasolina
https://neoauto.com/auto/usado/renault-sandero-2010-1868669,https://cdn.neoauto.com/elements/autos_usados/360x240/763505/763505_9035439.webp,Renault,Renault Sandero 2010,2010,"US$4,900",180 km,Mecánica,Gasolina
https://neoauto.com/auto/usado/hyundai-venue-2021-1868495,https://cdn.neoauto.com/elements/autos_usados/360x240/264101/264101_7607765.webp,Hyundai,Hyundai Venue 2021,2021,"US$14,990","80,000 km",Mecánica,GNV
https://neoauto.com/auto/usado/subaru-impreza-2011-1867027,https://cdn.neoauto.com/elements/autos_usados/360x240/654799/654799_1303351.webp,Subaru,Subaru Impreza 2011,2011,"US$8,500","118,000 km",Mecánica,Gasolina
https://neoauto.com/auto/usado/bmw-120i-2016-1868778,https://cdn.neoauto.com/elements/autos_usados/360x240/698251/698251_8435139.webp,BMW,Bmw 120i 2016,2016,"US$15,500","109,000 km",Automática - Secuencial,Gasolina
https://neoauto.com/auto/usado/ford-ecosport-2015-1869362,https://cdn.neoauto.com/elements/autos_usados/360x240/777820/777820_6330840.webp,Ford,Ford Ecosport 2015,2015,"US$10,500","92,000 km",Mecánica,Dual
https://neoauto.com/auto/usado/mercedes-benz-s-350-2008-1868426,https://cdn.neoauto.com/elements/autos_usados/360x240/388882/388882_1604760.webp,Mercedes-Benz,Mercedes Benz S-350 2008,2008,"US$32,000","83,000 km",Automática,Gasolina
https://neoauto.com/auto/usado/peugeot-3008-2023-1866573,https://cdn.neoauto.com/elements/autos_usados/360x240/439933/439933_3879731.webp,Peugeot,Peugeot 3008 2023,2023,"US$28,900","20,000 km",Automática,Gasolina
https://neoauto.com/auto/usado/citroen-c-3-2017-1863721,https://cdn.neoauto.com/elements/autos_usados/360x240/772927/772927_3057712.webp,Citroen,Citroen C-3 2017,2017,"US$8,600","49,500 km",Mecánica,Gasolina
https://neoauto.com/auto/usado/mercedes-benz-glk-300-2013-1862619,https://cdn.neoauto.com/elements/autos_usados/360x240/774530/774530_9335102.webp,Mercedes-Benz,Mercedes Benz Glk 300 2013,2013,"US$17,500","145,000 km",Automática,Gasolina
https://neoauto.com/auto/usado/toyota-corolla-2016-1861308,https://cdn.neoauto.com/elements/autos_usados/360x240/773047/773047_9167063.webp,Toyota,Toyota Corolla 2016,2016,"US$16,500","50,051 km",Mecánica,Gasolina
https://neoauto.com/auto/usado/baic-grand-plus-2017-1861418,https://cdn.neoauto.com/elements/autos_usados/360x240/773893/773893_5772232.webp,BAIC,Baic Grand Plus 2017,2017,"US$7,000","193,000 km",Mecánica,GASOLINA
https://neoauto.com/auto/usado/chevrolet-sail-2012-1869357,https://cdn.neoauto.com/elements/autos_usados/360x240/400378/400378_6270952.webp,Chevrolet,Chevrolet Sail 2012,2012,"US$7,000","1,390,000 km",Mecánica,Gasolina
https://neoauto.com/auto/usado/audi-q5-2017-1866812,https://cdn.neoauto.com/elements/autos_usados/360x240/267622/267622_7851222.webp,Audi,Audi Q5 2017,2017,"US$20,900","64,200 km",Automática - Secuencial,Gasolina
https://neoauto.com/auto/usado/dfsk-glory-580-2024-1868309,https://cdn.neoauto.com/elements/autos_usados/360x240/755512/755512_9999432.webp,DFSK,Dfsk Glory 580 2024,2024,"US$15,900","4,350 km",Automática - Secuencial,Gasolina
https://neoauto.com/auto/usado/toyota-corona-1993-1868823,https://cdn.neoauto.com/elements/autos_usados/360x240/603590/603590_2175043.webp,Toyota,Toyota Corona 1993,1993,"US$3,300","293,000 km",Automática,Dual
https://neoauto.com/auto/usado/renault-duster-2018-1868679,https://cdn.neoauto.com/elements/autos_usados/360x240/463089/463089_3920354.webp,Renault,Renault Duster 2018,2018,"US$12,900","92,000 km",Mecánica,Dual
https://neoauto.com/auto/usado/volvo-xc-60-2012-1868556,https://cdn.neoauto.com/elements/autos_usados/360x240/134342/134342_5722673.webp,Volvo,Volvo Xc-60 2012,2012,"US$13,300","82,300 km",Automática - Secuencial,Gasolina
https://neoauto.com/auto/usado/peugeot-306-sr-1997-1867371,https://cdn.neoauto.com/elements/autos_usados/360x240/513850/513850_6078234.webp,Peugeot,Peugeot 306-Sr 1997,1997,"US$4,000","107,000 km",Automática,Gasolina
https://neoauto.com/auto/usado/mini-5-puertas-2024-1868398,https://cdn.neoauto.com/elements/autos_usados/360x240/731153/731153_2848430.webp,Mini,Mini 5 Puertas 2024,2024,"US$31,000","11,030 km",Automática,Gasolina
https://neoauto.com/auto/usado/kia-sportage-2018-1868870,https://cdn.neoauto.com/elements/autos_usados/360x240/777600/777600_6281345.webp,Kia,Kia Sportage 2018,2018,"US$19,500","77,000 km",Automática - Secuencial,Gasolina
https://neoauto.com/auto/usado/ssangyong-all-new-korando-2015-1868532,https://cdn.neoauto.com/elements/autos_usados/360x240/777430/777430_6203462.webp,Ssangyong,Ssangyong All New Korando 2015,2015,"US$10,500","73,004 km",Automática - Secuencial,Gasolina
https://neoauto.com/auto/usado/mitsubishi-montero-sport-2019-1855974,https://cdn.neoauto.com/elements/autos_usados/360x240/435673/435673_6393963.webp,Mitsubishi,Mitsubishi Montero Sport 2019,2019,"US$35,000","124,000 km",Automática - Secuencial,Diesel
https://neoauto.com/auto/usado/mercedes-benz-e-350-2006-1869446,https://cdn.neoauto.com/elements/autos_usados/360x240/777863/777863_2969471.webp,Mercedes-Benz,Mercedes-Benz E-350 2006,2006,"US$7,000","148,769 km",Automática,Gasolina
https://neoauto.com/auto/usado/nissan-tiida-2008-1867267,https://cdn.neoauto.com/elements/autos_usados/360x240/757903/757903_8154090.webp,Nissan,Nissan Tiida 2008,2008,"US$5,990","170,695 km",Mecánica,GLP
https://neoauto.com/auto/usado/renault-fluence-2012-1868497,https://cdn.neoauto.com/elements/autos_usados/360x240/687256/687256_1224195.webp,Renault,Renault Fluence 2012,2012,"US$8,500","185,390 km",Mecánica,Gasolina
https://neoauto.com/auto/usado/mg-3-2025-1869210,https://cdn.neoauto.com/elements/autos_usados/360x240/272612/272612_1313437.webp,MG,Mg 3 2025,2025,"US$13,100","3,850 km",Automática,Gasolina
https://neoauto.com/auto/usado/hyundai-tucson-2018-1869398,https://cdn.neoauto.com/elements/autos_usados/360x240/553031/553031_3802592.webp,Hyundai,Hyundai Tucson 2018,2018,"US$16,850","79,000 km",Mecánica,Dual
https://neoauto.com/auto/usado/nissan-murano-2007-1867964,https://cdn.neoauto.com/elements/autos_usados/360x240/261270/261270_6950108.webp,Nissan,Nissan Murano 2007,2007,"US$9,000","130,000 km",Automática,Gasolina
https://neoauto.com/auto/usado/chevrolet-vivant-2011-1867337,https://cdn.neoauto.com/elements/autos_usados/360x240/217718/217718_4290025.webp,Chevrolet,Chevrolet Vivant 2011,2011,"US$7,500","84,000 km",Automática,Gasolina
https://neoauto.com/auto/usado/volkswagen-t-cross-2021-1862202,https://cdn.neoauto.com/elements/autos_usados/360x240/774235/774235_8322660.webp,Volkswagen,Volkswagen T-Cross 2021,2021,"US$18,000","49,000 km",Automática - Secuencial,Gasolina
https://neoauto.com/auto/usado/honda-wr-v-2022-1869410,https://cdn.neoauto.com/elements/autos_usados/360x240/330618/330618_8077563.webp,Honda,Honda Wr-V 2022,2022,"US$17,500","17,500 km",Automática,Gasolina
https://neoauto.com/auto/usado/bmw-x2-20i-2019-1861560,https://cdn.neoauto.com/elements/autos_usados/360x240/581694/581694_1406400.webp,BMW,Bmw X2 20i 2019,2019,"US$23,000","88,000 km",Automática - Secuencial,Gasolina
https://neoauto.com/auto/usado/suzuki-apv-minivan-2013-1867875,https://cdn.neoauto.com/elements/autos_usados/360x240/777111/777111_1517403.webp,Suzuki,Suzuki Apv Minivan 2013,2013,"US$12,000","210,000 km",Mecánica,Gasolina
https://neoauto.com/auto/usado/toyota-highlander-2016-1868524,https://cdn.neoauto.com/elements/autos_usados/360x240/178697/178697_1737246.webp,Toyota,Toyota Highlander 2016,2016,"US$23,750","120,000 km",Automática - Secuencial,Dual
https://neoauto.com/auto/usado/kia-rio-2015-1867861,https://cdn.neoauto.com/elements/autos_usados/360x240/777100/777100_6905992.webp,Kia,Kia Rio 2015,2015,"US$10,500","40,500 km",Mecánica,Gasolina
https://neoauto.com/auto/usado/kia-soul-2011-1868032,https://cdn.neoauto.com/elements/autos_usados/360x240/777187/777187_3567645.webp,Kia,Kia Soul 2011,2011,"US$8,000","72,000 km",Automática,Gasolina
https://neoauto.com/auto/usado/jac-t8-2021-1867408,https://cdn.neoauto.com/elements/autos_usados/360x240/255034/255034_8867961.webp,JAC,Jac T8 2021,2021,"US$15,500","48,573 km",Mecánica,DIESEL
https://neoauto.com/auto/usado/mercedes-benz-glc-250-4matic-2017-1756548,https://cdn.neoauto.com/elements/autos_usados/360x240/179390/179390_1370321.webp,Mercedes-Benz,Mercedes-Benz Glc 250 4matic 2017,2017,"US$31,500","42,000 km",Automática - Secuencial,Gasolina
https://neoauto.com/auto/usado/toyota-rush-2024-1868784,https://cdn.neoauto.com/elements/autos_usados/360x240/777546/777546_1772296.webp,Toyota,Toyota Rush 2024,2024,"US$23,000","21,000 km",Automática,Gasolina
https://neoauto.com/auto/usado/audi-q2-2018-1862267,https://cdn.neoauto.com/elements/autos_usados/360x240/610602/610602_1958217.webp,Audi,Audi Q2 2018,2018,"US$16,900","152,000 km",Automática,Gasolina
https://neoauto.com/auto/usado/mazda-cx-3-2018-1854242,https://cdn.neoauto.com/elements/autos_usados/360x240/49227/49227_1402012.webp,Mazda,Mazda Cx-3 2018,2018,"US$13,500","87,000 km",Mecánica,Gasolina
https://neoauto.com/auto/usado/toyota-fortuner-2017-1868606,https://cdn.neoauto.com/elements/autos_usados/360x240/738255/738255_5487335.webp,Toyota,Toyota Fortuner 2017,2017,"US$37,900","96,000 km",Automática - Secuencial,Diesel
https://neoauto.com/auto/usado/mazda-bt-50-2020-1868713,https://cdn.neoauto.com/elements/autos_usados/360x240/777476/777476_4554738.webp,Mazda,Mazda Bt-50 2020,2020,"US$21,500","110,000 km",Mecánica,Diesel
https://neoauto.com/auto/usado/honda-wr-v-2023-1867392,https://cdn.neoauto.com/elements/autos_usados/360x240/454943/454943_7244459.webp,Honda,Honda Wr-V 2023,2023,"US$19,500","16,000 km",Automática,Gasolina
https://neoauto.com/auto/usado/suzuki-swift-sport-2015-1864519,https://cdn.neoauto.com/elements/autos_usados/360x240/775206/775206_6728431.webp,Suzuki,Suzuki Swift Sport 2015,2015,"US$8,500","97,990 km",Automática,Gasolina
https://neoauto.com/auto/usado/subaru-crosstrek-2025-1869154,https://cdn.neoauto.com/elements/autos_usados/360x240/685912/685912_8516913.webp,Subaru,Subaru Crosstrek 2025,2025,"US$24,900","3,000 km",Automática - Secuencial,Gasolina
https://neoauto.com/auto/usado/suzuki-xl7-2009-1866926,https://cdn.neoauto.com/elements/autos_usados/360x240/776725/776725_3269465.webp,Suzuki,Suzuki Xl7 2009,2009,"US$12,000","120,000 km",Automática - Secuencial,Dual
https://neoauto.com/auto/usado/volkswagen-jetta-gli-2019-1866935,https://cdn.neoauto.com/elements/autos_usados/360x240/748355/748355_4582393.webp,Volkswagen,Volkswagen Jetta Gli 2019,2019,"US$25,000","4,300 km",Automática - Secuencial,Gasolina
https://neoauto.com/auto/usado/mazda-2-sport-2014-1855948,https://cdn.neoauto.com/elements/autos_usados/360x240/368326/368326_7106378.webp,Mazda,Mazda 2 Sport 2014,2014,"US$7,900","106,000 km",Mecánica,Gasolina
https://neoauto.com/auto/usado/kia-sonet-2023-1862315,https://cdn.neoauto.com/elements/autos_usados/360x240/774374/774374_3155738.webp,Kia,Kia Sonet 2023,2023,"US$18,000","15,500 km",Automática,Gasolina
https://neoauto.com/auto/usado/toyota-etios-2024-1867812,https://cdn.neoauto.com/elements/autos_usados/360x240/758260/758260_4080760.webp,Toyota,Toyota Etios 2024,2024,"US$10,650","112,500 km",Mecánica,GNV
https://neoauto.com/auto/usado/mercedes-benz-gla-180-2018-1867095,https://cdn.neoauto.com/elements/autos_usados/360x240/776816/776816_9158162.webp,Mercedes-Benz,Mercedes Benz Gla 180 2018,2018,"US$25,000","53,119 km",Automática,Gasolina
https://neoauto.com/auto/usado/mazda-all-new-mazda-3-2017-1868390,https://cdn.neoauto.com/elements/autos_usados/360x240/755899/755899_4498319.webp,Mazda,Mazda All New Mazda 3 2017,2017,"US$13,000","240,000 km",Automática - Secuencial,Gasolina
https://neoauto.com/auto/usado/honda-accord-2015-1868960,https://cdn.neoauto.com/elements/autos_usados/360x240/734247/734247_1923944.webp,Honda,Honda Accord 2015,2015,"US$14,750","106,000 km",Automática,Gasolina
https://neoauto.com/auto/usado/chevrolet-spin-2018-1866575,https://cdn.neoauto.com/elements/autos_usados/360x240/776424/776424_3094398.webp,Chevrolet,Chevrolet Spin 2018,2018,"US$12,000","137,400 km",Mecánica,Gasolina
https://neoauto.com/auto/usado/maxus-d60-luxury-2023-1862327,https://cdn.neoauto.com/elements/autos_usados/360x240/723539/723539_5825007.webp,Maxus,Maxus D60 Luxury 2023,2023,"US$20,000","16,800 km",Automática,Gasolina
https://neoauto.com/auto/usado/nissan-frontier-2023-1869206,https://cdn.neoauto.com/elements/autos_usados/360x240/777734/777734_1953785.webp,Nissan,Nissan Frontier 2023,2023,"US$27,000","114,250 km",Mecánica,Diesel
https://neoauto.com/auto/usado/ford-escape-se-2019-1855903,https://cdn.neoauto.com/elements/autos_usados/360x240/675119/675119_8205555.webp,Ford,Ford Escape Se 2019,2019,"US$20,000","33,000 km",Automática - Secuencial,Dual
https://neoauto.com/auto/usado/toyota-rav4-2007-1867682,https://cdn.neoauto.com/elements/autos_usados/360x240/764187/764187_5585941.webp,Toyota,Toyota Rav4 2007,2007,"US$10,000","359,000 km",Automática,Dual
https://neoauto.com/auto/usado/mazda-3-sport-2014-1861955,https://cdn.neoauto.com/elements/autos_usados/360x240/774164/774164_2443120.webp,Mazda,Mazda 3 Sport 2014,2014,"US$9,500","81,600 km",Mecánica,Gasolina
https://neoauto.com/auto/usado/mazda-cx-3-2022-1866634,https://cdn.neoauto.com/elements/autos_usados/360x240/685266/685266_2306820.webp,Mazda,Mazda Cx-3 2022,2022,"US$17,250","33,100 km",Mecánica,Gasolina
https://neoauto.com/auto/usado/dodge-journey-2013-1862271,https://cdn.neoauto.com/elements/autos_usados/360x240/774363/774363_4474208.webp,Dodge,Dodge Journey 2013,2013,"US$13,300","68,000 km",Automática - Secuencial,GLP
https://neoauto.com/auto/usado/volkswagen-tiguan-2015-1869164,https://cdn.neoauto.com/elements/autos_usados/360x240/777687/777687_5003040.webp,Volkswagen,Volkswagen Tiguan 2015,2015,"US$13,000","79,000 km",Automática - Secuencial,Gasolina
https://neoauto.com/auto/usado/mercedes-benz-gle-400-4matic-2018-1867419,https://cdn.neoauto.com/elements/autos_usados/360x240/348043/348043_1036017.webp,Mercedes-Benz,Mercedes Benz Gle 400 4matic 2018,2018,"US$30,000","68,000 km",Automática - Secuencial,Gasolina
https://neoauto.com/auto/usado/bmw-120i-2007-1867466,https://cdn.neoauto.com/elements/autos_usados/360x240/776955/776955_5087158.webp,BMW,Bmw 120i 2007,2007,"US$8,000","96,000 km",Automática,Gasolina
https://neoauto.com/auto/usado/kia-picanto-2025-1868650,https://cdn.neoauto.com/elements/autos_usados/360x240/686187/686187_7561866.webp,Kia,Kia Picanto 2025,2025,"US$14,700","18,000 km",Automática,Gasolina
https://neoauto.com/auto/usado/kia-sportage-2012-1868709,https://cdn.neoauto.com/elements/autos_usados/360x240/378685/378685_1931596.webp,Kia,Kia Sportage 2012,2012,"US$12,000","107,542 km",Automática,Gasolina
https://neoauto.com/auto/usado/toyota-corolla-2012-1855785,https://cdn.neoauto.com/elements/autos_usados/360x240/771192/771192_5256914.webp,Toyota,Toyota Corolla 2012,2012,"US$9,000","144,000 km",Automática - Secuencial,Gasolina
https://neoauto.com/auto/usado/ssangyong-tivoli-2020-1855898,https://cdn.neoauto.com/elements/autos_usados/360x240/771199/771199_4345748.webp,Ssangyong,Ssangyong Tivoli 2020,2020,"US$11,800","35,000 km",Automática,Gasolina
https://neoauto.com/auto/usado/audi-q3-2019-1854532,https://cdn.neoauto.com/elements/autos_usados/360x240/770592/770592_9711297.webp,Audi,Audi Q3 2019,2019,"US$27,000","62,500 km",Automática - Secuencial,Gasolina
https://neoauto.com/auto/usado/audi-a4-2015-1856107,https://cdn.neoauto.com/elements/autos_usados/360x240/771334/771334_4274404.webp,Audi,Audi A4 2015,2015,"US$13,000","79,000 km",Automática - Secuencial,Gasolina
https://neoauto.com/auto/usado/changan-cs15-2020-1868355,https://cdn.neoauto.com/elements/autos_usados/360x240/705457/705457_7372867.webp,Changan,Changan Cs15 2020,2020,"US$9,400","67,000 km",Mecánica,Dual
https://neoauto.com/auto/usado/jeep-compass-2014-1868025,https://cdn.neoauto.com/elements/autos_usados/360x240/776961/776961_6283053.webp,Jeep,Jeep Compass 2014,2014,"US$13,000","106,600 km",Automática,Gasolina
https://neoauto.com/auto/usado/nissan-sentra-2014-1869380,https://cdn.neoauto.com/elements/autos_usados/360x240/517120/517120_9551348.webp,Nissan,Nissan Sentra 2014,2014,"US$9,450","80,000 km",Mecánica,Gasolina
https://neoauto.com/auto/usado/mercedes-benz-gle-53-amg-2022-1862051,https://cdn.neoauto.com/elements/autos_usados/360x240/774216/774216_3920739.webp,Mercedes-Benz,Mercedes Benz Gle 53 Amg 2022,2022,"US$97,000","38,000 km",Automática - Secuencial,Gasolina
https://neoauto.com/auto/usado/subaru-impreza-sport-2011-1868105,https://cdn.neoauto.com/elements/autos_usados/360x240/709366/709366_1809966.webp,Subaru,Subaru Impreza Sport 2011,2011,"US$11,900","105,000 km",Automática - Secuencial,Dual
https://neoauto.com/auto/usado/toyota-camry-2016-1854218,https://cdn.neoauto.com/elements/autos_usados/360x240/770413/770413_3280546.webp,Toyota,Toyota Camry 2016,2016,"US$13,900","95,000 km",Automática - Secuencial,Gasolina
https://neoauto.com/auto/usado/chevrolet-n-300-work-2020-1855814,https://cdn.neoauto.com/elements/autos_usados/360x240/771214/771214_4030368.webp,Chevrolet,Chevrolet N-300 Work 2020,2020,"US$8,100","120,000 km",Mecánica,Gasolina
https://neoauto.com/auto/usado/bmw-118i-2019-1866660,https://cdn.neoauto.com/elements/autos_usados/360x240/776603/776603_4241589.webp,BMW,Bmw 118i 2019,2019,"US$16,900","113,000 km",Automática,Gasolina
https://neoauto.com/auto/usado/mitsubishi-eclipse-cross-2024-1861559,https://cdn.neoauto.com/elements/autos_usados/360x240/773972/773972_8009481.webp,Mitsubishi,Mitsubishi Eclipse Cross 2024,2024,"US$25,000","1,600 km",Automática - Secuencial,Gasolina
https://neoauto.com/auto/usado/bmw-x3-20i-2020-1867789,https://cdn.neoauto.com/elements/autos_usados/360x240/752213/752213_8742954.webp,BMW,Bmw X3 20i 2020,2020,"US$33,500","54,400 km",Automática - Secuencial,Gasolina
https://neoauto.com/auto/usado/chevrolet-sail-2013-1868849,https://cdn.neoauto.com/elements/autos_usados/360x240/552576/552576_5031450.webp,Chevrolet,Chevrolet Sail 2013,2013,"US$7,900","70,000 km",Mecánica,Gasolina
https://neoauto.com/auto/usado/nissan-versa-sense-2014-1867926,https://cdn.neoauto.com/elements/autos_usados/360x240/777139/777139_9623667.webp,Nissan,Nissan Versa Sense 2014,2014,"US$8,500","199,105 km",Mecánica,Gasolina
https://neoauto.com/auto/usado/toyota-rush-2024-1866929,https://cdn.neoauto.com/elements/autos_usados/360x240/776728/776728_7341201.webp,Toyota,Toyota Rush 2024,2024,"US$21,400","16,500 km",Automática,Gasolina
https://neoauto.com/auto/usado/suzuki-grand-nomade-2011-1867755,https://cdn.neoauto.com/elements/autos_usados/360x240/777072/777072_2863153.webp,Suzuki,Suzuki Grand Nomade 2011,2011,"US$14,000","140,000 km",Mecánica,Gasolina
https://neoauto.com/auto/usado/renault-duster-2015-1858701,https://cdn.neoauto.com/elements/autos_usados/360x240/329223/329223_2434165.webp,Renault,Renault Duster 2015,2015,"US$12,500","55,000 km",Mecánica,Gasolina
https://neoauto.com/auto/usado/volkswagen-kombi-1978-1868021,https://cdn.neoauto.com/elements/autos_usados/360x240/777174/777174_8368131.webp,Volkswagen,Volkswagen Kombi 1978,1978,"US$7,400","60,000 km",Mecánica,Gasolina
https://neoauto.com/auto/usado/nissan-sentra-v16-2012-1869425,https://cdn.neoauto.com/elements/autos_usados/360x240/624232/624232_3897454.webp,Nissan,Nissan Sentra V16 2012,2012,"US$7,900","170,000 km",Mecánica,Dual
https://neoauto.com/auto/usado/honda-cr-v-2008-1853906,https://cdn.neoauto.com/elements/autos_usados/360x240/737213/737213_3989528.webp,Honda,Honda Cr-V 2008,2008,"US$11,200","105,000 km",Automática,Gasolina
https://neoauto.com/auto/usado/honda-pilot-2021-1867768,https://cdn.neoauto.com/elements/autos_usados/360x240/725261/725261_4234591.webp,Honda,Honda Pilot 2021,2021,"US$29,900","85,500 km",Automática - Secuencial,Gasolina
https://neoauto.com/auto/usado/kia-k3-2025-1868394,https://cdn.neoauto.com/elements/autos_usados/360x240/310919/310919_7038597.webp,Kia,Kia K3 2025,2025,"US$18,000","30,500 km",Automática,Dual
https://neoauto.com/auto/usado/seat-leon-fr-2016-1867366,https://cdn.neoauto.com/elements/autos_usados/360x240/161351/161351_2534212.webp,Seat,Seat Leon Fr 2016,2016,"US$10,500","100,700 km",Mecánica,Dual
https://neoauto.com/auto/usado/volkswagen-passat-2013-1856103,https://cdn.neoauto.com/elements/autos_usados/360x240/66344/66344_2567602.webp,Volkswagen,Volkswagen Passat 2013,2013,"US$11,300","62,500 km",Automática,Gasolina
https://neoauto.com/auto/usado/fiat-500-2013-1868646,https://cdn.neoauto.com/elements/autos_usados/360x240/777453/777453_8882574.webp,Fiat,Fiat 500 2013,2013,"US$9,000","97,287 km",Automática - Secuencial,Gasolina
https://neoauto.com/auto/usado/land-rover-discovery-sport-2018-1847468,https://cdn.neoauto.com/elements/autos_usados/360x240/143501/143501_7313467.webp,Land Rover,Land Rover Discovery Sport 2018,2018,"US$23,400","49,900 km",Automática - Secuencial,Gasolina
https://neoauto.com/auto/usado/mercedes-benz-glc-250-4matic-2018-1862086,https://cdn.neoauto.com/elements/autos_usados/360x240/144392/144392_3203219.webp,Mercedes-Benz,Mercedes Benz Glc 250 4matic 2018,2018,"US$24,300","95,000 km",Automática - Secuencial,Gasolina
https://neoauto.com/auto/usado/jeep-grand-cherokee-laredo-2018-1856191,https://cdn.neoauto.com/elements/autos_usados/360x240/129866/129866_5124243.webp,Jeep,Jeep Grand Cherokee Laredo 2018,2018,"US$25,900","60,000 km",Automática - Secuencial,Gasolina
https://neoauto.com/auto/usado/kia-seltos-2023-1865999,https://cdn.neoauto.com/elements/autos_usados/360x240/422047/422047_4750833.webp,Kia,Kia Seltos 2023,2023,"US$18,500","21,000 km",Automática - Secuencial,Gasolina
https://neoauto.com/auto/usado/toyota-corolla-cross-2023-1869066,https://cdn.neoauto.com/elements/autos_usados/360x240/777674/777674_9472380.webp,Toyota,Toyota Corolla Cross 2023,2023,"US$22,000","33,300 km",Automática - Secuencial,Gasolina
https://neoauto.com/auto/usado/audi-a1-2014-1866655,https://cdn.neoauto.com/elements/autos_usados/360x240/170840/170840_1715300.webp,Audi,Audi A1 2014,2014,"US$11,900",100 km,Automática - Secuencial,Gasolina
https://neoauto.com/auto/usado/audi-a3-hb-2019-1868183,https://cdn.neoauto.com/elements/autos_usados/360x240/621390/621390_6738014.webp,Audi,Audi A3 Hb 2019,2019,"US$21,900","51,000 km",Automática - Secuencial,Gasolina
https://neoauto.com/auto/usado/ford-explorer-2018-1867015,https://cdn.neoauto.com/elements/autos_usados/360x240/776775/776775_1202171.webp,Ford,Ford Explorer 2018,2018,"US$30,000","79,000 km",Automática - Secuencial,Gasolina
https://neoauto.com/auto/usado/ford-ranger-limited-2023-1867119,https://cdn.neoauto.com/elements/autos_usados/360x240/667212/667212_5023202.webp,Ford,Ford Ranger Limited 2023,2023,"US$29,000","50,000 km",Mecánica,Diesel
https://neoauto.com/auto/usado/kia-sportage-2018-1868901,https://cdn.neoauto.com/elements/autos_usados/360x240/278603/278603_7743598.webp,Kia,Kia Sportage 2018,2018,"US$16,500","90,000 km",Mecánica,Dual
https://neoauto.com/auto/usado/honda-accord-2009-1868205,https://cdn.neoauto.com/elements/autos_usados/360x240/777271/777271_4688993.webp,Honda,Honda Accord 2009,2009,"US$10,500","75,000 km",Automática,Gasolina
https://neoauto.com/auto/usado/kia-niro-2022-1869073,https://cdn.neoauto.com/elements/autos_usados/360x240/777673/777673_2087407.webp,Kia,Kia Niro 2022,2022,"US$21,000","18,000 km",Automática,Gasolina-Híbrido
https://neoauto.com/auto/usado/mazda-cx-9-2020-1869094,https://cdn.neoauto.com/elements/autos_usados/360x240/215983/215983_3148446.webp,Mazda,Mazda Cx-9 2020,2020,"US$25,500","61,220 km",Automática - Secuencial,Gasolina
https://neoauto.com/auto/usado/jeep-wrangler-unlimited-rubicon-2009-1868054,https://cdn.neoauto.com/elements/autos_usados/360x240/635424/635424_4301585.webp,Jeep,Jeep Wrangler Unlimited Rubicon 2009,2009,"US$25,000","150,000 km",Automática,GLP
https://neoauto.com/auto/usado/peugeot-3008-2012-1868734,https://cdn.neoauto.com/elements/autos_usados/360x240/655513/655513_7042326.webp,Peugeot,Peugeot 3008 2012,2012,"US$8,300",109 km,Mecánica,Gasolina
https://neoauto.com/auto/usado/kia-seltos-2023-1868051,https://cdn.neoauto.com/elements/autos_usados/360x240/685454/685454_1211953.webp,Kia,Kia Seltos 2023,2023,"US$19,800","29,000 km",Automática,Dual
https://neoauto.com/auto/usado/dfsk-glory-ix5-2023-1866938,https://cdn.neoauto.com/elements/autos_usados/360x240/123480/123480_6625451.webp,DFSK,Dfsk Glory Ix5 2023,2023,"US$17,200","18,500 km",Automática,Gasolina
https://neoauto.com/auto/usado/peugeot-208-2013-1857535,https://cdn.neoauto.com/elements/autos_usados/360x240/444518/444518_6006897.webp,Peugeot,Peugeot 208 2013,2013,"US$7,800","96,400 km",Mecánica,Gasolina
https://neoauto.com/auto/usado/mitsubishi-l300-2012-1869419,https://cdn.neoauto.com/elements/autos_usados/360x240/555672/555672_3324987.webp,Mitsubishi,Mitsubishi L300 2012,2012,"US$5,350","147,000 km",Mecánica,Diesel
https://neoauto.com/auto/usado/mercedes-benz-c-180-kompressor-2007-1868536,https://cdn.neoauto.com/elements/autos_usados/360x240/742698/742698_9871825.webp,Mercedes-Benz,Mercedes Benz C-180 Kompressor 2007,2007,"US$6,500","190,000 km",Automática - Secuencial,Gasolina
https://neoauto.com/auto/usado/suzuki-baleno-2023-1862010,https://cdn.neoauto.com/elements/autos_usados/360x240/773588/773588_8562717.webp,Suzuki,Suzuki Baleno 2023,2023,"US$13,800","78,500 km",Automática,Gasolina
https://neoauto.com/auto/usado/chevrolet-cruze-2012-1861383,https://cdn.neoauto.com/elements/autos_usados/360x240/773200/773200_2311104.webp,Chevrolet,Chevrolet Cruze 2012,2012,"US$7,000","86,000 km",Automática - Secuencial,Gasolina
https://neoauto.com/auto/usado/nissan-qashqai-2013-1854308,https://cdn.neoauto.com/elements/autos_usados/360x240/687250/687250_1306037.webp,Nissan,Nissan Qashqai 2013,2013,"US$11,000","130,000 km",Mecánica,Gasolina
https://neoauto.com/auto/usado/audi-a6-2013-1868279,https://cdn.neoauto.com/elements/autos_usados/360x240/216978/216978_9893596.webp,Audi,Audi A6 2013,2013,"US$12,700",120 km,Automática - Secuencial,Gasolina
https://neoauto.com/auto/usado/mercedes-benz-gle-400-coupe-2017-1868444,https://cdn.neoauto.com/elements/autos_usados/360x240/777395/777395_3123208.webp,Mercedes-Benz,Mercedes Benz Gle 400 Coupe 2017,2017,"US$42,500","49,500 km",Automática - Secuencial,Gasolina
https://neoauto.com/auto/usado/renault-logan-2021-1868994,https://cdn.neoauto.com/elements/autos_usados/360x240/777650/777650_2498136.webp,Renault,Renault Logan 2021,2021,"US$8,000","115,000 km",Mecánica,GLP
https://neoauto.com/auto/usado/gac-gs4-2023-1867360,https://cdn.neoauto.com/elements/autos_usados/360x240/776933/776933_2584243.webp,GAC,Gac Gs4 2023,2023,"US$13,700","2,800 km",Mecánica,Gasolina
https://neoauto.com/auto/usado/mitsubishi-l200-2022-1867417,https://cdn.neoauto.com/elements/autos_usados/360x240/736130/736130_6527763.webp,Mitsubishi,Mitsubishi L200 2022,2022,"US$24,500","90,000 km",Mecánica,Diesel
https://neoauto.com/auto/usado/nissan-x-trail-2016-1869007,https://cdn.neoauto.com/elements/autos_usados/360x240/777647/777647_4368098.webp,Nissan,Nissan X-Trail 2016,2016,"US$18,000","80,000 km",Automática - Secuencial,Gasolina
https://neoauto.com/auto/usado/mercedes-benz-ml-350-2011-1867432,https://cdn.neoauto.com/elements/autos_usados/360x240/745495/745495_9563160.webp,Mercedes-Benz,Mercedes Benz Ml 350 2011,2011,"US$15,500","137,000 km",Automática,Gasolina
https://neoauto.com/auto/usado/mini-countryman-cooper-s-2022-1825983,https://cdn.neoauto.com/elements/autos_usados/360x240/541520/541520_5107532.webp,Mini,Mini Countryman Cooper S 2022,2022,"US$21,000","92,000 km",Automática - Secuencial,Gasolina
https://neoauto.com/auto/usado/nissan-tiida-2012-1867935,https://cdn.neoauto.com/elements/autos_usados/360x240/499634/499634_2423521.webp,Nissan,Nissan Tiida 2012,2012,"US$7,299","69,800 km",Mecánica,Gasolina
https://neoauto.com/auto/usado/porsche-cayenne-s-2009-1869432,https://cdn.neoauto.com/elements/autos_usados/360x240/598891/598891_7283624.webp,Porsche,Porsche Cayenne S 2009,2009,"US$13,500","13,500 km",Automática - Secuencial,Gasolina
https://neoauto.com/auto/usado/audi-q7-2022-1861618,https://cdn.neoauto.com/elements/autos_usados/360x240/774002/774002_4068483.webp,Audi,Audi Q7 2022,2022,"US$68,000","28,000 km",Automática - Secuencial,Gasolina-Híbrido
https://neoauto.com/auto/usado/bmw-318i-2011-1868976,https://cdn.neoauto.com/elements/autos_usados/360x240/763786/763786_1349668.webp,BMW,Bmw 318i 2011,2011,"US$11,500","67,500 km",Automática - Secuencial,Gasolina
https://neoauto.com/auto/usado/chevrolet-traverse-2014-1854497,https://cdn.neoauto.com/elements/autos_usados/360x240/682785/682785_8425787.webp,Chevrolet,Chevrolet Traverse 2014,2014,"US$49,000","69,000 km",Automática,Gasolina
https://neoauto.com/auto/usado/toyota-yaris-2023-1861394,https://cdn.neoauto.com/elements/autos_usados/360x240/773885/773885_9661185.webp,Toyota,Toyota Yaris 2023,2023,"US$14,000","100,000 km",Mecánica,Dual
https://neoauto.com/auto/usado/ford-ranger-2023-1867985,https://cdn.neoauto.com/elements/autos_usados/360x240/618645/618645_4910144.webp,Ford,Ford Ranger 2023,2023,"US$31,500","68,000 km",Mecánica,Diesel
https://neoauto.com/auto/usado/subaru-forester-2024-1856344,https://cdn.neoauto.com/elements/autos_usados/360x240/771468/771468_7486246.webp,Subaru,Subaru Forester 2024,2024,"US$37,000","4,300 km",Automática - Secuencial,Gasolina
https://neoauto.com/auto/usado/ssangyong-rexton-w-2013-1866610,https://cdn.neoauto.com/elements/autos_usados/360x240/776579/776579_6473757.webp,Ssangyong,Ssangyong Rexton W 2013,2013,"US$11,000","158,000 km",Automática - Secuencial,Diesel
https://neoauto.com/auto/usado/bmw-118i-2017-1857779,https://cdn.neoauto.com/elements/autos_usados/360x240/253256/253256_1106810.webp,BMW,Bmw 118i 2017,2017,"US$15,200","61,000 km",Automática - Secuencial,Gasolina
https://neoauto.com/auto/usado/volkswagen-t-cross-2020-1866894,https://cdn.neoauto.com/elements/autos_usados/360x240/776706/776706_8459657.webp,Volkswagen,Volkswagen T-Cross 2020,2020,"US$17,000","64,000 km",Automática,Gasolina
https://neoauto.com/auto/usado/honda-pilot-2019-1867914,https://cdn.neoauto.com/elements/autos_usados/360x240/750729/750729_1549661.webp,Honda,Honda Pilot 2019,2019,"US$27,990","109,360 km",Automática,Gasolina
https://neoauto.com/auto/usado/hyundai-tucson-2011-1867492,https://cdn.neoauto.com/elements/autos_usados/360x240/126976/126976_9412763.webp,Hyundai,Hyundai Tucson 2011,2011,"US$9,900","99,600 km",Automática - Secuencial,Dual
https://neoauto.com/auto/usado/jeep-grand-cherokee-laredo-2018-1860945,https://cdn.neoauto.com/elements/autos_usados/360x240/131189/131189_7014540.webp,Jeep,Jeep Grand Cherokee Laredo 2018,2018,"US$22,000","99,500 km",Automática,Gasolina
https://neoauto.com/auto/usado/ford-f-350-2004-1867857,https://cdn.neoauto.com/elements/autos_usados/360x240/777064/777064_3884551.webp,Ford,Ford F-350 2004,2004,"US$20,000","257,000 km",Mecánica,Diesel
https://neoauto.com/auto/usado/audi-q8-2024-1861231,https://cdn.neoauto.com/elements/autos_usados/360x240/434285/434285_8232220.webp,Audi,Audi Q8 2024,2024,"US$84,990","20,000 km",Automática,Eléctrico
https://neoauto.com/auto/usado/chery-q22-2018-1868580,https://cdn.neoauto.com/elements/autos_usados/360x240/648167/648167_9922189.webp,Chery,Chery Q22 2018,2018,"US$6,200","145,000 km",Mecánica,Dual
https://neoauto.com/auto/usado/jeep-grand-cherokee-limited-2011-1867101,https://cdn.neoauto.com/elements/autos_usados/360x240/776818/776818_7498917.webp,Jeep,Jeep Grand Cherokee Limited 2011,2011,"US$11,500","124,000 km",Automática - Secuencial,Gasolina
https://neoauto.com/auto/usado/volkswagen-virtus-2022-1868791,https://cdn.neoauto.com/elements/autos_usados/360x240/693031/693031_6514074.webp,Volkswagen,Volkswagen Virtus 2022,2022,"US$13,700","48,000 km",Mecánica,Gasolina
https://neoauto.com/auto/usado/subaru-forester-2022-1861186,https://cdn.neoauto.com/elements/autos_usados/360x240/673885/673885_5469700.webp,Subaru,Subaru Forester 2022,2022,"US$24,000","85,000 km",Automática - Secuencial,Gasolina
https://neoauto.com/auto/usado/volkswagen-tiguan-allspace-2020-1856279,https://cdn.neoauto.com/elements/autos_usados/360x240/387149/387149_4210536.webp,Volkswagen,Volkswagen Tiguan Allspace 2020,2020,"US$18,900","85,000 km",Automática - Secuencial,Gasolina
https://neoauto.com/auto/usado/bmw-x5-35i-2012-1867747,https://cdn.neoauto.com/elements/autos_usados/360x240/777068/777068_4026038.webp,BMW,Bmw X5 35i 2012,2012,"US$18,000","103,000 km",Automática,Gasolina
https://neoauto.com/auto/usado/mazda-3-sport-2022-1855700,https://cdn.neoauto.com/elements/autos_usados/360x240/771105/771105_8187253.webp,Mazda,Mazda 3 Sport 2022,2022,"US$18,500","12,400 km",Mecánica,Gasolina
https://neoauto.com/auto/usado/suzuki-vitara-2017-1867888,https://cdn.neoauto.com/elements/autos_usados/360x240/777122/777122_8606764.webp,Suzuki,Suzuki Vitara 2017,2017,"US$16,900","90,000 km",Mecánica,Gasolina
https://neoauto.com/auto/usado/dodge-durango-2017-1854203,https://cdn.neoauto.com/elements/autos_usados/360x240/564358/564358_8124705.webp,Dodge,Dodge Durango 2017,2017,"US$30,000","61,500 km",Automática - Secuencial,GLP
https://neoauto.com/auto/usado/citroen-xantia-1996-1867105,https://cdn.neoauto.com/elements/autos_usados/360x240/775779/775779_4734001.webp,Citroen,Citroen Xantia 1996,1996,"US$20,000","109,000 km",Mecánica,Gasolina
https://neoauto.com/auto/usado/honda-cr-v-2012-1855919,https://cdn.neoauto.com/elements/autos_usados/360x240/770887/770887_9453042.webp,Honda,Honda Cr-V 2012,2012,"US$12,500","114,000 km",Automática,Gasolina
https://neoauto.com/auto/usado/maserati-levante-2019-1869374,https://cdn.neoauto.com/elements/autos_usados/360x240/689364/689364_4588373.webp,Maserati,Maserati Levante 2019,2019,"US$65,000","29,000 km",Automática - Secuencial,Gasolina
https://neoauto.com/auto/usado/honda-accord-1995-1861241,https://cdn.neoauto.com/elements/autos_usados/360x240/660000/660000_7473818.webp,Honda,Honda Accord 1995,1995,"US$4,000","140,000 km",Mecánica,Gasolina
https://neoauto.com/auto/usado/audi-a3-hb-2003-1867144,https://cdn.neoauto.com/elements/autos_usados/360x240/730449/730449_2781466.webp,Audi,Audi A3 Hb 2003,2003,"US$4,900","260,000 km",Mecánica,Gasolina
https://neoauto.com/auto/usado/mazda-2-2012-1869201,https://cdn.neoauto.com/elements/autos_usados/360x240/777729/777729_9806067.webp,Mazda,Mazda 2 2012,2012,"US$7,000","140,000 km",Automática,GLP
https://neoauto.com/auto/usado/hyundai-tucson-2006-1869405,https://cdn.neoauto.com/elements/autos_usados/360x240/777843/777843_2205913.webp,Hyundai,Hyundai Tucson 2006,2006,"US$30,000","215,000 km",Automática - Secuencial,Dual
https://neoauto.com/auto/usado/peugeot-3008-2020-1868581,https://cdn.neoauto.com/elements/autos_usados/360x240/777462/777462_2842628.webp,Peugeot,Peugeot 3008 2020,2020,"US$19,000","22,800 km",Automática,Gasolina
https://neoauto.com/auto/usado/mazda-cx-9-2014-1861693,https://cdn.neoauto.com/elements/autos_usados/360x240/169914/169914_7952947.webp,Mazda,Mazda Cx-9 2014,2014,"US$12,900","116,000 km",Automática - Secuencial,Gasolina
https://neoauto.com/auto/usado/subaru-outback-2021-1829637,https://cdn.neoauto.com/elements/autos_usados/360x240/695161/695161_5988107.webp,Subaru,Subaru Outback 2021,2021,"US$23,000","92,000 km",Automática - Secuencial,Dual
https://neoauto.com/auto/usado/bmw-x1-18i-2019-1854190,https://cdn.neoauto.com/elements/autos_usados/360x240/770400/770400_9030713.webp,BMW,Bmw X1 18i 2019,2019,"US$21,900","48,500 km",Automática - Secuencial,Gasolina
https://neoauto.com/auto/usado/nissan-sentra-2011-1867916,https://cdn.neoauto.com/elements/autos_usados/360x240/777110/777110_5954729.webp,Nissan,Nissan Sentra 2011,2011,"US$8,500","85,000 km",Mecánica,Dual
https://neoauto.com/auto/usado/renault-master-minubus-2019-1867372,https://cdn.neoauto.com/elements/autos_usados/360x240/757089/757089_6920090.webp,Renault,Renault Master Minubus 2019,2019,"US$29,000","117,318 km",Mecánica,Diesel
https://neoauto.com/auto/usado/ford-territory-2022-1854334,https://cdn.neoauto.com/elements/autos_usados/360x240/770473/770473_1081591.webp,Ford,Ford Territory 2022,2022,"US$17,990","48,000 km",Automática - Secuencial,Gasolina
https://neoauto.com/auto/usado/subaru-all-new-forester-2019-2019-1868888,https://cdn.neoauto.com/elements/autos_usados/360x240/720556/720556_9036921.webp,Subaru,Subaru All New Forester 2019 2019,2019,"US$19,999","98,500 km",Automática - Secuencial,Gasolina
https://neoauto.com/auto/usado/land-rover-range-rover-evoque-2016-1854068,https://cdn.neoauto.com/elements/autos_usados/360x240/693468/693468_3429066.webp,Land Rover,Land Rover Range Rover Evoque 2016,2016,"US$25,000","35,700 km",Automática - Secuencial,Gasolina
